node_id,MF: KIRC,MF: BRCA,MF: READ,MF: PRAD,MF: STAD,MF: HNSC,MF: LUAD,MF: THCA,MF: BLCA,MF: ESCA,MF: LIHC,MF: UCEC,MF: COAD,MF: LUSC,MF: CESC,MF: KIRP,METH: KIRC,METH: BRCA,METH: READ,METH: PRAD,METH: STAD,METH: HNSC,METH: LUAD,METH: THCA,METH: BLCA,METH: ESCA,METH: LIHC,METH: UCEC,METH: COAD,METH: LUSC,METH: CESC,METH: KIRP,GE: KIRC,GE: BRCA,GE: READ,GE: PRAD,GE: STAD,GE: HNSC,GE: LUAD,GE: THCA,GE: BLCA,GE: ESCA,GE: LIHC,GE: UCEC,GE: COAD,GE: LUSC,GE: CESC,GE: KIRP,ohnolog,essentiality_percentage,essentiality_oneCellLine,expressed_tissues_rnaseq,ppin_degree,ppin_hub,ppin_betweenness,ppin_clustering,complexes,mirna,ollivier_mean,ollivier_std,ollivier_min,ollivier_max,ollivier_median,ollivier_degree,forman_mean,forman_std,forman_min,forman_max,forman_median,forman_degree,positive_curvature_degree,negative_curvature_degree,curvature_homophily,label
NOS3,-0.33055896,0.49187177,-0.270532,-0.44828185,1.3377761,0.27755642,-0.023240946,-0.12334365,2.6460376,-0.35979557,0.3587564,0.5150316,-0.11489218,-0.3678864,1.9140035,-0.5667236,-0.4326122,1.3404905,0.12116117,0.3231972,1.2320635,2.7976425,1.105532,0.58792335,3.3908036,2.2185376,3.7297325,0.63875663,-0.15785767,2.759165,1.5577694,0.26418737,-0.18166783,-0.17507263,0.83511955,-0.5795356,0.1877192,0.20296946,-0.20571356,0.4322125,0.34876218,-0.61065716,-0.6090391,0.33938518,0.94356877,0.45944193,1.377542,1.4712449,1.1343614,-0.47307432,0.6519202,0.42205122,0.65252435,1.7625941,0.33733168,-0.079281926,0.72184783,-0.6557372,-0.801716,0.17677526,-0.7520561,-0.44779494,-0.6142189,0.6525244,-0.28765407,0.9949601,-1.8009102,0.1626325,-0.23798023,0.6525244,-0.42052144,1.0759503,1.004929,1.0
CDK4,-0.33055896,-0.5097135,-0.270532,-0.44828185,-0.21687742,0.5738732,0.011808244,-0.12334365,-0.4638414,-0.35979557,-0.45563754,-0.41807342,-0.3977495,-0.3678864,-0.5948769,0.28880513,-0.44214725,-0.45011193,-0.22766787,-0.50514716,-0.52392983,-0.4901883,-0.20934533,-0.3367989,-0.34879342,-0.58891064,-0.58200264,-0.34266695,-0.42172945,-0.5655508,-0.5733014,-0.22462583,-0.6016402,-0.43629363,0.29513732,-0.16632098,0.14488244,0.38552335,0.047380958,-0.31263033,-0.0739649,0.45936176,0.20124726,-0.67561054,0.58144426,0.36646459,-0.74940795,-0.4056679,-0.88155335,0.42580667,0.6519202,0.73729146,1.9092038,1.7625941,2.4032078,-0.56521255,1.7813646,2.5061135,-1.5174848,0.2442299,-1.6734933,-0.8898686,-1.3638922,1.9092038,-0.19079724,0.19635722,-0.598984,-0.2073296,-0.12861745,1.9092038,-0.47000965,2.6886606,0.18915354,1.0
FANCF,0.42245588,-0.17380875,-0.270532,0.34142956,-0.6200142,0.050048824,0.00088934106,-0.12334365,-0.4638414,-0.35979557,-0.45563754,-0.4183555,-0.3977495,-0.3678864,0.21920449,-0.5667236,-0.49135104,-0.52384776,-0.3162964,0.18104592,-0.332062,-0.3620351,-0.25188798,-0.47003558,-0.5547906,-0.5164685,-0.32514513,-0.37556535,-0.4529932,-0.5403572,-0.2611425,-0.4786971,-0.6262405,-0.088855125,0.07192626,-0.11261722,0.3086521,-0.54337007,0.09285763,-0.49042076,0.23731872,-0.76665664,0.118946336,-0.76589024,-0.2366816,-0.28869876,-0.6834906,-0.25346276,-0.88155335,-0.063156806,0.6519202,0.6742434,0.03604013,-0.5673456,-0.17109932,0.37839177,0.8848504,0.5091552,0.25054592,1.1520255,-0.47747073,1.4062214,0.21974425,0.036040153,0.12916724,2.143555,-1.3496608,0.57280785,0.61575514,0.036040153,0.17333746,-0.05891983,-0.06553385,1.0
PER1,1.1729667,-0.5097135,-0.270532,-0.44828185,-0.6200142,0.04262836,-0.0068287537,-0.12334365,1.0859506,0.8704185,0.36140466,0.512051,0.16285445,-0.3678864,0.239308,0.28438604,0.15108897,-0.31779504,0.07419727,-0.04564109,-0.52721334,-0.17314821,-0.4345658,-0.2322636,-0.17413878,-0.053223953,-0.47490102,0.101643465,0.06337398,-0.21840544,-0.20889929,0.36428356,-0.374892,2.115815,0.83372945,0.91797984,1.6383952,0.19532692,0.96713775,0.217444,1.8056799,0.86847013,-0.082084864,1.2312802,0.39667138,1.2122303,0.1924494,-0.31868428,1.1343614,-0.44244057,0.6519202,0.73729146,-0.20106916,-0.5673456,-0.15498859,-0.012296533,-0.17466643,2.572679,-1.40185,0.29200378,-0.5511937,-0.50164604,-1.6987419,-0.20106916,0.13925217,0.0297375,0.3246015,0.37978417,-0.040421642,-0.20106916,-0.42052144,0.000810178,0.18398783,1.0
XRCC6,-0.33055896,-0.174211,2.4670959,1.1290457,-0.6200142,-0.4742777,0.0035388402,-0.12334365,0.31263658,0.86887276,-0.45563754,-0.23226623,-0.11509728,0.9637354,-0.5948769,1.1307724,-0.5412076,-0.53082275,-0.36559108,-0.4740503,-0.63143814,-0.4463607,-0.58575636,-0.4007407,-0.48408,-0.47812122,-0.57148135,-0.45134544,-0.49767172,-0.5806827,-0.5515747,-0.5196368,-0.60073173,-0.7893922,-0.78119326,-0.62947464,-0.82389593,-0.55857307,-0.61984915,-0.6183894,-0.773835,-0.26327282,-0.19958577,-0.83270943,-0.70461285,-0.42304304,-0.776685,-0.53302723,-0.88155335,1.2816404,0.6519202,0.73729146,-0.41446754,-0.5673456,-0.18198982,1.0779966,3.3298893,1.9403088,0.15603003,1.8200666,-0.832262,0.81770575,0.5074407,-0.41446754,0.7744619,-0.59705555,0.94032514,0.5165093,0.73570144,-0.41446754,-0.32154492,-0.32770485,-0.033989742,1.0
MTOR,6.431554,1.4912331,-0.270532,1.1278782,0.9468827,0.56150043,3.8407958,0.14533868,1.0643303,0.86994255,-0.45563754,2.8392198,1.5699767,3.6224148,1.8911965,1.995923,-0.4237084,-0.46652728,-0.31490466,-0.3177725,-0.27621317,-0.36712617,-0.47502434,-0.39419594,-0.11828745,-0.47736824,-0.43033415,-0.0073331944,-0.3169942,-0.35593006,-0.54987806,-0.46224815,0.0713172,-0.6231251,-0.5935363,-0.24560328,-0.25312558,-0.6250973,-0.503969,-0.6640541,-0.7881899,-0.77922475,-0.25793576,-0.1751759,-0.71199536,-0.70376235,-0.4015758,-0.36379877,-0.88155335,3.0594316,0.6519202,0.73729146,1.5772507,1.7625941,1.4803935,-0.39489737,1.5368607,-0.12321496,-1.0326806,0.105477,-1.0797176,-0.4944659,-1.121116,1.5772507,-0.09123805,0.32648137,-0.3122086,0.1787178,0.023079336,1.5772507,-0.32154492,2.1809554,0.7001827,1.0
STAG1,2.6699994,1.8315421,-0.270532,0.33886933,0.9325086,0.5134983,-0.00021541574,0.14792368,1.0227871,0.8636098,-0.45563754,0.49317434,0.69248307,-0.3678864,-0.5948769,1.1293515,-0.51821977,-0.5652907,-0.4645916,-0.5178968,-0.6561309,-0.5118595,-0.5952856,-0.47762436,-0.6219552,-0.5206347,-0.5855749,-0.5064578,-0.4710974,-0.49347538,-0.52469736,-0.44372144,-0.6327678,-0.24011733,-0.42338085,-0.2473634,-0.1383032,-0.5900688,-0.42040348,0.1420669,-0.38794646,-0.67505515,-0.36217907,-0.14711311,-0.39662665,-0.8404998,-0.65536475,-0.34771436,1.1343614,-0.103206925,0.6519202,0.73729146,0.083462,-0.5673456,-0.10301624,0.456488,2.0258684,-0.18978028,0.119616166,2.0939832,-0.9504396,2.2926273,0.77858776,0.083462015,0.593281,0.3406772,0.08421622,0.7577889,0.70747876,0.083462015,0.37129042,-0.11864983,0.36896768,1.0
IKBKB,-0.33055896,1.1528771,-0.270532,-0.44828185,-0.23597193,1.3460732,0.009480676,-0.12334365,0.3086147,0.85744905,0.35041058,-0.24285905,-0.3977495,-0.3678864,-0.5948769,-0.5667236,-0.4898633,-0.54298687,-0.33724624,-0.46008515,-0.66102356,-0.54947656,-0.5613859,-0.30723393,-0.43161264,-0.62245214,-0.48818952,-0.40693235,-0.51698387,-0.42820045,-0.5247096,-0.5421513,-0.54144484,-0.72094303,-0.24487802,-0.71961045,-0.47416365,-0.3908941,-0.5619517,-0.29508737,-0.8031421,-0.7224725,-0.29284355,-0.5051586,-0.47358844,-0.8517708,-0.7985944,-0.4890383,1.1343614,-0.3698273,0.6519202,0.6742434,2.1700242,1.7625941,0.5300862,-0.44385362,2.8408813,-0.45604137,-0.7476668,0.44547504,-1.6223942,1.8316869,-0.6943426,2.170024,0.015443915,0.013585767,-0.20677646,1.3046894,0.037190665,2.170024,-0.12359198,2.8081205,0.8052967,1.0
CCNC,-0.33055896,-0.17550156,-0.270532,-0.44828185,-0.6200142,-0.21718696,0.012060447,-0.12334365,-0.4638414,-0.35979557,0.3506108,-0.23377961,-0.3977495,-0.3678864,1.8839458,-0.5667236,-0.5274671,-0.564712,-0.48103037,-0.4167777,-0.62837464,-0.5715054,-0.5634932,-0.38034412,-0.56578326,-0.5017744,-0.35414073,-0.48024833,-0.50338084,-0.47536194,-0.5608677,-0.29657385,-0.15388058,-0.60806596,-0.506073,-0.817126,-0.7435638,-0.68871206,-0.7167854,-0.0035354814,-0.7509578,-0.5865933,-0.7748877,-0.33196458,-0.42900464,-0.45098874,-0.5348432,-0.2926857,-0.88155335,0.5869581,0.6519202,0.73729146,-0.36704567,-0.5673456,-0.18042195,-0.03501102,2.1888711,-0.7555852,-0.7390981,-0.6372455,0.07748042,-1.0654488,-0.85370314,-0.3670457,0.18442418,-0.56107634,0.50172746,-0.0062632365,0.086580314,-0.3670457,-0.47000965,-0.17837983,0.43201783,1.0
SOX2,-0.33055896,-0.5097135,-0.270532,-0.44828185,-0.21977824,0.31323844,-0.47849283,0.14823022,0.31667233,0.883259,0.36568344,0.5493887,1.021337,-0.3678864,1.906012,-0.5667236,-0.0163073,0.0053593307,-0.41091147,-0.51869106,0.3348304,-0.27582362,-0.5882062,0.44989222,-0.5511764,-0.31411445,-0.40188378,0.1283588,0.8697872,-0.3993171,-0.52775735,-0.44788444,1.37112,-0.013899698,2.329125,1.937536,2.0022094,-0.09294403,0.2422163,1.0747466,-0.5469479,-0.49724707,-0.2577104,-0.07773976,1.4746512,3.8018188,3.814608,1.1669997,1.1343614,-0.18937938,0.6519202,-1.2802463,-0.20106916,-0.5673456,0.08034331,-0.64830095,1.2108556,-0.18978028,-1.2448987,0.29129267,-0.85288334,-0.647044,-1.3917757,-0.20106916,0.7331418,-0.63847554,0.85597944,0.49238133,0.6369221,-0.20106916,-0.47000965,0.03067518,0.13252579,1.0
MSH2,0.41949496,-0.17449917,-0.270532,1.1028293,0.9629426,0.29843867,0.45389143,0.6663448,1.0160203,-0.35979557,-0.45563754,0.30268618,-0.11452368,-0.3678864,0.8934665,0.2804979,-0.5294748,-0.5876808,-0.5540412,-0.45956528,-0.6255535,-0.53741693,-0.5928047,-0.41528425,-0.58003813,-0.60822403,-0.56590253,-0.4886668,-0.49858865,-0.5083651,-0.557081,-0.52538204,-0.63704705,-0.579515,-0.12335433,-0.6037383,0.77676606,-0.26807877,0.0069544194,-0.6812469,-0.056169134,0.56737673,1.0961908,0.09044083,-0.021618314,0.07648533,0.1997765,-0.6376393,-0.88155335,-0.503708,-1.53393,0.73729146,-0.48560035,-0.5673456,-0.18233554,-0.8300165,2.5148761,-0.5558893,0.36812162,-1.0986413,0.9574289,-0.43343467,0.24549487,-0.48560032,0.5468509,-0.82749385,0.91080415,0.1787178,0.4111409,-0.48560032,-0.32154492,-0.41729987,-1.131765,1.0
HSP90AB1,0.42097485,0.82929504,-0.270532,1.1294487,0.17757635,0.83232665,-0.47849283,0.40866926,1.8653857,-0.35979557,1.1760355,-0.035983466,-0.11405083,-0.3678864,0.22439195,-0.5667236,-0.5846205,-0.464726,-0.5083123,-0.47949067,-0.35749254,-0.547952,-0.43077156,-0.4010188,-0.5632785,-0.30390218,-0.52437747,-0.497364,-0.46493924,-0.44448563,-0.4145594,-0.4344867,-0.6279357,-0.46395838,0.38371432,-0.37433824,0.3601973,-0.38208303,-0.21442023,-0.61805886,-0.6425228,-0.04931869,0.6778451,-0.7542283,0.3821168,-0.33319405,-0.5582558,-0.56313425,1.1343614,-0.010783557,0.6519202,0.73729146,0.43912598,1.7625941,0.16515565,-0.6601198,3.0853853,1.6407651,-1.4574301,0.84232306,-1.2734903,-1.03701,-1.0025686,0.439126,0.24953927,0.50257367,-0.4809,0.20284577,0.46053052,0.439126,-0.47000965,0.8370303,0.74439085,1.0
RAD21,-0.33055896,-0.17383036,-0.270532,1.1299788,-0.6200142,0.30644405,0.008051536,-0.12334365,-0.4638414,2.1175456,-0.45563754,-0.03637337,-0.11442637,-0.3678864,3.5722523,-0.5667236,-0.55111104,-0.46476012,-0.5141217,-0.5074003,-0.6560255,-0.50549483,-0.43463373,-0.38480535,-0.57641953,-0.5992068,-0.5864095,-0.51339424,-0.5181508,-0.5279201,-0.5682937,-0.5429281,-0.35947505,-0.27367035,-0.5516578,-0.371979,0.17925636,0.051555097,-0.7873066,-0.3384033,-0.8259187,-0.009039065,0.2617018,-0.50862217,-0.46119228,-0.45034632,-0.50687325,-0.49810913,1.1343614,1.8921341,0.6519202,0.73729146,0.083462,-0.5673456,-0.10301624,0.456488,2.75938,0.043198198,0.119616166,2.0939832,-0.9504396,2.2926273,0.77858776,0.083462015,0.593281,0.3406772,0.08421622,0.7577889,0.70747876,0.083462015,0.37129042,-0.11864983,0.36896768,1.0
CARD11,1.1757998,0.4973087,1.1522524,1.9203228,0.58639425,0.83672637,1.9697552,-0.12334365,-0.4638414,0.8815916,1.1840023,0.93149,1.3063065,-0.3678864,0.24185482,1.1431047,-0.28638425,2.0928264,-0.10875198,1.9127018,-0.05847545,0.75093,-0.09794696,-0.26190478,0.01110407,1.1140729,0.31656605,2.5567636,0.4572329,0.55782914,0.3479067,-0.36834404,1.1107159,-0.5755001,-0.35655457,0.14368966,1.7002836,0.42739707,0.93387777,0.7849453,0.48111084,0.91303796,-0.83860946,-0.6208901,-0.48218173,-0.33340517,0.48557383,1.0434089,1.1343614,-0.041591346,0.6519202,-0.14538121,-0.2959129,-0.5673456,-0.18157955,1.3670894,0.8848504,-0.6557372,-0.31613314,0.062027443,-0.12951359,0.043718662,-0.392539,-0.2959129,0.357122,-0.16497523,0.27821136,0.40391213,0.26297194,-0.2959129,-0.32154492,-0.17837983,0.9412842,1.0
ERCC2,-0.33055896,0.16048136,-0.270532,1.916259,-0.21817845,0.3048937,0.010109112,0.14620186,2.6500247,0.88162774,3.6268983,-0.04088479,-0.3977495,-0.3678864,1.0561215,0.2869162,-0.44690183,-0.5870397,-0.4714481,-0.48626262,-0.6322563,-0.5718644,-0.56452125,-0.38903296,-0.48876682,-0.6154657,-0.5139138,-0.4832909,-0.5219463,-0.56547886,-0.5018847,-0.3406236,-0.6758309,-0.739953,-0.590133,-0.7309175,-0.5587994,-0.40369102,-0.5403482,-0.44630498,-0.7917192,-0.6332975,-0.17680879,-0.6819033,-0.5305222,-0.80285287,-0.41642407,-0.61703753,-0.88155335,0.8798799,0.6519202,0.73729146,0.93705547,1.7625941,0.40047488,0.9236361,5.4489226,-0.72230256,0.35128444,1.6607022,-0.9573268,1.888708,0.61997676,0.9370556,0.56374806,1.2134641,-1.3201398,0.98298323,0.72864574,0.9370556,1.7569611,0.1202702,0.21046327,1.0
NONO,0.41937205,0.15959308,-0.270532,0.32668737,-0.6200142,0.28060296,0.00062978116,-0.12334365,0.31401178,-0.35979557,-0.45563754,-0.036751077,0.45261198,0.9785168,0.22508347,-0.5667236,-0.07897009,0.520065,0.578403,-0.38859653,2.8793535,-0.48111856,-0.5648574,-0.37711525,0.6869402,0.6404045,0.54263526,-0.14389847,-0.16120818,0.067088395,-0.48630014,-0.3251493,-0.48995546,-0.5482448,0.22434482,-0.0047197007,-0.3674925,-0.38238937,-0.11927815,-0.57660925,-0.38466293,-0.15126663,0.1470844,-0.72480756,0.16024712,-0.2794973,-0.70968854,-0.6062417,1.1343614,0.5152231,0.6519202,0.73729146,-0.5330222,-0.5673456,-0.18233685,-0.8300165,0.31434134,1.540917,0.4406522,-1.1305814,1.008189,-0.38904834,0.32378125,-0.53302217,0.7289397,-0.96746016,1.0541918,0.291315,0.6228108,-0.53302217,-0.42052144,-0.41729987,-0.8572092,1.0
SDHD,-0.33055896,-0.5097135,-0.270532,-0.44828185,-0.6200142,-0.22887509,-0.47849283,-0.12334365,-0.4638414,0.88196415,-0.45563754,-0.610674,-0.11533815,-0.3678864,-0.5948769,-0.5667236,-0.46092215,-0.5385936,-0.37928796,-0.29054564,-0.3760969,-0.5071719,-0.39763048,-0.3976998,-0.28555316,-0.6199758,-0.22305965,-0.31503883,-0.52889305,-0.44856694,-0.5693861,-0.5473442,-0.47307205,1.2348632,-0.1963882,0.12777163,1.629886,0.6695882,-0.25209808,-0.32604736,0.4010443,0.7295795,-0.11120088,0.563681,-0.17832205,-0.68889713,0.06990042,0.018236756,-0.88155335,0.87773633,0.6519202,0.73729146,-0.48560035,-0.5673456,-0.1765179,-0.8300165,-0.5006716,0.17632882,-0.4953891,1.0816374,-0.051874716,0.35997146,-1.3710836,-0.48560032,0.43012732,-0.16512087,0.67885345,0.50042397,0.16419262,-0.48560032,-0.42052144,-0.35756984,-0.8820379,1.0
EPHA3,-0.33055896,-0.18118256,2.5708947,1.9174801,2.1352835,2.6523352,2.8939233,0.41401798,2.6373973,0.8700762,0.36555567,1.6778889,1.548389,-0.3678864,2.6794121,1.1382276,-0.45210207,-0.3006464,-0.14885977,-0.13879728,-0.40860727,-0.27202657,-0.33966672,-0.23005272,0.5678196,-0.36428773,0.121709146,-0.15366957,0.7456088,-0.0948064,0.59396696,0.015672673,0.87054837,0.27933016,1.049405,0.572124,-0.3941497,-0.67138976,-0.12589313,2.7615504,3.4033775,0.6740074,0.7529793,2.2633119,0.46772602,0.6811677,2.0122778,1.3104546,1.1343614,-0.503708,-1.53393,-0.14538121,-0.10622543,-0.5673456,-0.17932454,0.39736032,-0.33766904,-0.056649685,-0.11584519,-0.035757095,-0.17181581,0.29630166,-0.16669165,-0.10622544,0.29104197,0.2804559,-0.038085043,0.40391213,0.38997388,-0.10622544,-0.32154492,0.060540184,0.91295743,1.0
FGFR2,1.9011436,0.48357263,-0.270532,1.1144794,1.074339,0.039740983,0.48476157,0.14733605,1.0279871,-0.35979557,-0.45563754,5.517793,0.16012533,-0.3678864,1.7706445,-0.5667236,-0.36524174,-0.5218614,-0.3903061,-0.044535782,2.5450437,-0.55427974,-0.09412781,-0.3944459,-0.41292298,-0.56496006,-0.4634316,-0.4666261,-0.34036294,-0.26208302,-0.50322866,-0.5383333,0.55737174,0.3992047,2.120721,2.8629682,-0.7420311,0.10250493,2.0395565,1.2083474,0.3913389,-0.73843205,0.37862512,-0.23942022,2.274919,-0.82006264,0.58805895,0.388556,1.1343614,-0.47290024,0.6519202,0.42205122,2.0988913,1.7625941,0.13647777,-0.1808132,0.31434134,-0.68901986,0.03752004,0.21386263,-0.5504116,0.32727614,0.05588761,2.0988913,-0.21996053,0.7188545,-1.4761794,0.34761357,-0.14978445,2.0988913,2.0538905,1.4044653,0.4548868,1.0
GATA1,-0.33055896,-0.5097135,-0.270532,-0.44828185,-0.6200142,-0.4742777,0.5028229,-0.12334365,-0.4638414,0.8826339,-0.45563754,-0.223261,-0.116352215,-0.3678864,0.24481693,0.28868967,0.58877623,-0.06400807,0.33765283,-0.05538975,-0.3288306,1.2300545,0.00594798,-0.2588517,1.323428,-0.13821252,1.576723,0.37829617,0.19421378,1.3589643,-0.105718404,-0.54740804,-0.6140126,0.38220295,1.6281154,1.079779,1.5496925,0.076590866,2.0337002,1.1185769,2.454915,0.82695055,2.179892,1.9184213,2.4128911,1.9120649,1.1074973,-0.5795906,-0.88155335,-0.3465437,0.6519202,-1.6585345,-0.2247801,-0.5673456,-0.17930485,0.95219356,0.47734398,-0.7888678,-0.36742228,0.007518274,-0.07595606,-0.23738065,-0.49958152,-0.2247801,0.3742667,-0.06689385,0.4089472,0.43608275,0.3123616,-0.2247801,-0.2720567,-0.11864983,0.26013207,1.0
FLNA,0.41740373,1.4472585,2.5208344,0.33769017,1.9188484,1.9112396,0.9403693,0.4184238,1.800588,-0.35979557,0.35566205,2.8735526,0.94449824,0.92829186,3.971691,-0.5667236,-0.22812131,0.37498236,-0.5084545,-0.057450544,2.7892947,-0.47858718,0.16550288,0.63582486,0.9475345,0.73601514,1.05721,-0.03714224,-0.007777773,0.79365134,-0.3428763,0.53399247,0.08502215,-0.2954705,2.0590112,1.5046387,0.6306975,0.6503214,-0.047355033,0.814186,1.5170608,-0.48699233,0.064662725,1.2557513,-0.11657859,-0.270229,1.1657398,-0.62285113,1.1343614,-0.44209245,0.6519202,0.73729146,-0.27220196,-0.5673456,0.35665375,-0.25183067,-0.09316515,-0.056649685,-1.6478387,-0.72882074,-0.40705743,-2.1177642,-1.6167603,-0.27220196,0.0011681082,0.24368128,0.12217179,0.45216808,-0.01572682,-0.27220196,-0.47000965,-0.05891983,-0.0037622745,1.0
PTCH1,0.4104691,1.1512616,-0.270532,-0.44828185,0.40437514,1.0138818,-0.0033081106,0.14330965,1.6945461,-0.35979557,0.3491652,1.9180449,0.38666722,3.266855,0.10825843,0.2784452,0.9627998,1.1241442,0.020984063,0.05492893,-0.37221783,-0.095001474,0.5487456,0.44486034,-0.6046693,0.39651173,0.8738264,-0.091712646,0.03868576,0.19911948,0.111872025,0.66994864,0.055048138,1.0791367,-0.3798695,-0.42537662,-0.66642797,-0.19651228,0.19995773,0.38805193,0.60022235,-0.12672432,-0.43841335,0.5034599,-0.7621127,-0.048923,0.051047895,0.38235873,1.1343614,-0.503708,-1.53393,0.5481474,-0.36704567,-0.5673456,-0.079655655,0.41927776,0.15133874,-0.3894761,-1.1272279,0.86653936,-0.42685905,0.47440502,-1.4930669,-0.3670457,-1.124339,3.5015304,-1.4171373,0.50846666,-1.2046062,-0.3670457,-0.42052144,-0.20824485,0.46327084,1.0
MAPK8,-0.33055896,-0.17440821,-0.270532,-0.44828185,-0.23071338,-0.2145602,-0.002463538,-0.12334365,2.5952637,-0.35979557,-0.45563754,-0.06526619,-0.3977495,-0.3678864,-0.5948769,-0.5667236,0.9375486,-0.5458523,-0.32478288,-0.19226246,-0.33769754,-0.4777223,-0.16074108,-0.39481637,0.09959085,-0.08585913,-0.4887333,0.15945724,-0.5037825,0.04303014,-0.29135558,0.41051725,-0.2865893,-0.4612222,-0.57270455,-0.34925675,-0.45407698,-0.7067122,-0.6828263,-0.14137962,-0.8017445,-0.6527154,-0.6559696,-0.6386425,-0.8006941,-0.6585886,-0.5601377,-0.056079086,1.1343614,-0.06993452,0.6519202,0.73729146,5.4184213,1.7625941,5.3754387,-0.5168005,-0.011663832,1.1082429,-0.93379885,0.5361057,-1.5792933,1.354303,-0.88322085,5.4184213,-0.9678043,0.5511843,-2.1172066,1.6907369,-0.9929363,5.4184213,0.66821986,6.421786,0.65923756,1.0
PTPN11,0.42090794,0.16138873,1.140062,-0.44828185,0.18335694,-0.4742777,0.9822685,-0.12334365,-0.4638414,-0.35979557,-0.45563754,-0.050344925,0.4480392,0.9716615,0.24217944,-0.5667236,-0.49917498,-0.5640565,-0.56686187,-0.53869337,-0.6169194,-0.5641413,-0.51343197,-0.4560014,-0.63234603,-0.60714144,-0.5853953,-0.53903866,-0.49326065,-0.44789678,-0.54921705,-0.5261895,-0.4254554,-0.114081234,-0.5476326,-0.14161249,0.12240461,-0.7063697,-0.3783364,-0.48954487,-0.16027695,-0.71304125,-0.8008655,-0.4953349,-0.18519184,-0.6540872,-0.49985474,-0.6555446,-0.88155335,0.6181201,0.6519202,0.73729146,3.568969,1.7625941,2.576429,-0.34723458,3.5743928,0.009915628,-0.688795,0.52195245,-1.5238148,0.039856073,-0.5218095,3.5689688,-0.4628886,0.5901813,-1.8515177,-0.19928695,-0.4002605,3.5689688,0.47026688,4.211776,0.7310323,1.0
AKT2,1.922796,0.1558254,-0.270532,0.3405129,0.12102529,0.29740167,0.9434204,0.6907737,-0.4638414,0.8612118,0.3620964,-0.05293838,0.13287349,-0.3678864,0.24098438,-0.5667236,-0.1727517,-0.2794842,-0.36015886,-0.1521827,-0.6089254,-0.49893355,-0.5182294,-0.14951152,-0.402555,-0.535918,-0.5789708,-0.52443355,-0.50991976,-0.59739196,-0.27537915,-0.18354002,-0.39532983,-0.6424058,-0.7035612,-0.8090859,-0.4284,-0.3621765,-0.8112218,-0.0055308095,-0.56785214,-0.7611106,-0.6467651,-0.56616557,-0.7938845,-0.6298276,-0.5606013,-0.35760286,1.1343614,-0.22643803,0.6519202,0.73729146,3.7823672,1.7625941,2.2621393,-0.5659217,-0.09316515,0.2096114,-0.97481847,0.1332228,-1.1073047,0.88247716,-0.91991353,3.7823672,-0.64082116,0.08370278,-1.4213547,1.1599216,-0.6683758,3.7823672,-0.074103735,4.809076,0.806854,1.0
BIRC3,-0.33055896,-0.17795512,-0.270532,-0.44828185,0.18211322,-0.21931097,-0.47849283,0.13912724,0.30532193,-0.35979557,-0.45563754,-0.046548583,-0.3977495,2.2761195,-0.5948769,-0.5667236,-0.5798659,-0.5627355,-0.48538896,-0.44943866,-0.51930064,-0.5627123,-0.5744052,0.016858293,-0.6171511,-0.39045566,-0.35467276,-0.5224696,-0.4604837,-0.30387715,-0.5828141,-0.29521555,1.3535087,-0.29193583,-0.14398363,0.2991029,-0.6331489,-0.6242972,-0.687381,-0.6232571,0.5966771,-0.08399646,-0.1927344,-0.5152229,0.13512436,0.804003,-0.4137528,0.12916417,1.1343614,-0.44244057,0.6519202,0.6111953,2.4308443,1.7625941,0.38640675,-0.50535136,1.1293542,-0.72230256,-0.86740154,0.03902724,-0.7151625,1.9485787,-0.8581936,2.4308443,-0.2558183,0.17708594,-0.35016415,1.4172866,-0.18506277,2.4308443,-0.22256845,3.1963656,0.66661984,1.0
PRL,-0.33055896,-0.5097135,-0.270532,-0.44828185,-0.2290321,0.050040334,0.010707143,-0.12334365,-0.4638414,-0.35979557,0.35755694,-0.610674,0.7373147,2.3141327,1.0776796,-0.5667236,0.1162478,-0.0024837581,0.5602968,0.9155032,1.3717922,0.06483838,-0.103519104,-0.3410569,0.7604883,0.20032911,4.9143577,-0.5288231,0.40790665,-0.23679134,-0.26527536,-0.043831553,-0.6946801,1.6205498,-0.8073839,-0.819708,0.95236486,-0.772292,-0.82211196,-0.74307054,-0.8267953,-0.80251473,-0.84492457,1.2299819,0.8432749,0.90707064,-0.8222144,-0.6571895,-0.88155335,-0.43507296,0.6519202,-1.4693903,0.6288134,1.7625941,-0.17582987,-0.48216102,-0.09316515,-0.35619348,0.27296677,-0.44445658,-0.06463413,-0.19200225,0.25556028,0.62881345,0.12566553,-0.3632005,-0.13086532,-0.118860394,0.10069164,0.62881345,1.4105434,-0.05891983,1.1732329,1.0
DCTN1,1.1638963,0.42497462,-0.270532,-0.44828185,0.48052108,0.27967212,-0.0053394274,-0.12334365,0.29250917,-0.35979557,0.3453972,0.78590626,0.715479,-0.3678864,0.11528312,0.2779471,-0.53994596,-0.56511277,-0.5610179,-0.5460155,-0.59031904,-0.5629189,-0.5003302,-0.42879772,-0.62016714,-0.607161,-0.5809784,-0.5025136,-0.5091755,-0.49302536,-0.5672534,-0.5232388,-0.57040656,-0.716829,-0.45747578,-0.6194476,-0.42171302,-0.55255455,-0.36846286,-0.43799824,-0.6734881,-0.7612422,-0.5537,-0.7043842,-0.47065172,-0.6376222,-0.53094846,-0.62349665,-0.88155335,0.23905484,0.6519202,0.73729146,-0.17735824,-0.5673456,-0.11299308,-0.5915148,0.39584264,-0.68901986,-1.1880133,0.93975157,-1.0797176,-0.45250693,-0.93650186,-0.17735824,0.40284318,-0.04293504,0.06734709,0.3395709,0.43936354,-0.17735824,-0.42052144,0.03067518,0.7846624,1.0
DNAJB1,1.1756598,-0.5097135,1.1532198,-0.44828185,-0.21707593,-0.4742777,0.013745446,-0.12334365,0.3165218,-0.35979557,-0.45563754,-0.22583771,-0.3977495,-0.3678864,-0.5948769,-0.5667236,-0.48866773,-0.21230315,-0.5614851,0.034548033,-0.32993358,-0.33967972,-0.11535995,-0.2762634,0.005052316,-0.29271445,-0.32743838,-0.072326235,-0.34208667,-0.20305179,-0.28661692,-0.42343393,-0.5201914,-0.62578857,-0.2689292,-0.43883246,-0.4561906,0.021373136,0.120396234,0.32943422,-0.65231264,-0.15146041,-0.71687716,-0.48878568,-0.4610335,-0.5757463,-0.22350137,-0.34902227,1.1343614,-0.14223008,0.6519202,0.73729146,-0.3907566,-0.5673456,-0.15161538,-0.07286842,0.23284006,-0.6224546,-1.6384058,1.5277418,-1.4240198,-0.2939347,-2.0933337,-0.3907566,0.40178016,0.14634244,0.38364348,0.50846666,0.46758616,-0.3907566,-0.37103316,-0.26797485,-0.15128456,1.0
CD74,-0.33055896,-0.5097135,1.135334,-0.44828185,-0.6200142,-0.22309917,-0.47849283,-0.12334365,-0.4638414,-0.35979557,-0.45563754,-0.610674,-0.11608616,-0.3678864,0.2200688,-0.5667236,-0.57169867,0.4672066,-0.2837987,4.0054874,0.07473561,-0.19817534,-0.54140735,-0.26567957,-0.46545878,1.2870995,-0.42160773,-0.3632817,-0.00921483,1.8822403,-0.11831807,0.2368442,0.7491039,-0.5311989,0.25563753,-0.30746186,-0.6580461,-0.65616435,0.5007492,0.56398064,-0.77944076,-0.22236894,-0.60026145,-0.6753007,0.2049434,1.2190205,-0.659511,-0.26429525,-0.88155335,-0.41022235,0.6519202,0.73729146,0.083462,-0.5673456,-0.16415735,0.78264415,0.8848504,-0.056649685,0.5004316,0.86696005,-0.46852517,0.86129946,0.5781522,0.083462015,0.7943049,-0.42397654,0.5565522,0.5245519,0.7498127,0.083462015,0.66821986,-0.29783985,0.08706092,1.0
AFF4,-0.33055896,1.1619513,-0.270532,-0.44828185,0.5498494,-0.21701325,0.011094833,-0.12334365,2.6245542,0.8765731,0.362257,0.8923554,-0.1136757,3.6286936,0.19122815,1.1366696,-0.37601134,-0.3531594,-0.3954146,-0.40885338,-0.63803333,-0.4562889,-0.36887896,-0.18524024,-0.3995207,-0.6060635,-0.47859585,-0.13247651,-0.34751195,-0.52354074,-0.49297312,-0.47499952,-0.6124129,-0.50024056,-0.4264668,-0.4818175,-0.46765614,-0.231944,-0.51986223,-0.32159308,0.24825707,0.016105894,-0.35526264,-0.42395785,-0.36596492,-0.19379139,-0.41821992,-0.4279672,1.1343614,-0.47290024,0.6519202,0.73729146,-0.46188942,-0.5673456,-0.18233491,-0.8300165,0.06983742,1.1415255,0.36919296,-1.1305814,0.9669464,-0.45562786,0.25556028,-0.4618894,0.55385435,-0.96746016,0.94875973,0.090248615,0.4464192,-0.4618894,-0.2720567,-0.41729987,1.1790456,1.0
RAD51,0.42255586,-0.17402989,-0.270532,-0.44828185,-0.6200142,-0.4742777,0.011271202,-0.12334365,-0.4638414,-0.35979557,-0.45563754,-0.42322892,-0.3977495,0.9458771,-0.5948769,-0.5667236,-0.5045841,-0.5925409,-0.47050655,-0.44142163,-0.657329,-0.55759263,-0.5644589,-0.36978468,-0.6191357,-0.5386223,-0.5858845,-0.52315503,-0.4633374,-0.5004518,-0.5566035,-0.5253113,0.6713403,1.609192,-0.6768043,0.109804384,1.1680608,0.78903323,1.3699243,0.5448696,2.0864286,2.2357082,2.0487282,1.9986659,-0.22669423,2.0672557,1.732123,0.4282781,-0.88155335,2.1138906,0.6519202,-0.965006,-0.10622543,-0.5673456,-0.18036608,0.45315024,0.96635175,4.037115,0.50247127,0.68619287,-0.56403434,1.6488549,0.5591636,-0.10622544,0.79565644,-0.7553273,1.012019,0.6371491,0.67220044,-0.10622544,0.12384922,-0.20824485,0.4803129,1.0
CTNNB1,-0.33055896,-0.1958984,-0.270532,5.723413,4.587597,0.5207511,1.7884816,0.4167421,2.412846,-0.35979557,32.333656,14.548373,2.5011368,-0.3678864,0.20012264,1.8471358,-0.59991425,-0.59486717,-0.56698436,-0.5535382,-0.66282326,-0.57277435,-0.60041165,-0.4826095,-0.6327475,-0.62440443,-0.58754885,-0.5427524,-0.53311604,-0.5980372,-0.5872617,-0.5531918,-0.56061107,-0.28406188,-0.26434147,-0.30686092,-0.22223856,-0.5671045,-0.7390767,-0.07600232,-0.57349306,-0.4670316,-0.46516767,-0.43842524,-0.349887,-0.5210816,-0.49078557,-0.21247534,1.1343614,-0.3465437,0.6519202,0.73729146,7.576116,1.7625941,17.99789,-0.6982678,7.2419515,0.7088511,-1.5319384,0.6085692,-1.7408513,-0.53948313,-1.7933041,7.5761166,-1.676764,0.48832753,-3.0956168,-0.93921113,-1.5926678,7.5761166,2.4003081,8.094226,-0.43431577,1.0
SMARCA4,4.757366,1.4016492,-0.270532,0.33121848,0.07247474,1.8087012,2.702843,0.14294778,2.4533987,7.6718574,0.3076224,1.7620921,0.31728333,-0.3678864,-0.5948769,4.3826075,-0.57474154,-0.57061726,-0.50924987,-0.5080665,-0.64708287,-0.5190179,-0.5446466,-0.42621478,-0.59484386,-0.59549963,-0.5641365,-0.50758505,-0.50698215,-0.50697535,-0.5747482,-0.5512441,-0.30131564,-0.11712136,-0.26910263,0.2361503,0.095704384,-0.6138033,-0.44282266,0.20145719,0.004629404,-0.29439625,0.7236474,0.19112694,-0.17298257,-0.4774548,-0.14520922,-0.6066934,1.1343614,0.57438403,0.6519202,0.73729146,-0.41446754,-0.5673456,-0.15501188,-0.19401209,3.1668866,-0.48932403,-0.9460387,-0.18346588,-0.25957754,-0.751669,-1.0465508,-0.41446754,0.18734226,0.41233748,0.020956948,0.4602107,0.22416577,-0.41446754,-0.47000965,-0.23810984,0.72317433,1.0
MSH6,0.42014214,0.15607668,-0.270532,1.125362,0.108091354,0.045217633,-0.0030773066,-0.12334365,0.30200648,2.0816555,0.35009208,0.6181352,-0.11687668,-0.3678864,0.10627393,-0.5667236,-0.51374805,-0.5866341,-0.39228076,-0.54111314,-0.5712642,-0.56416607,-0.58919835,-0.43048158,-0.44093528,-0.5658782,-0.5372833,-0.35657674,-0.49463382,-0.5426775,-0.5400963,-0.53578275,-0.6796706,-0.4826322,-0.4028824,-0.4427504,0.024002938,0.18139628,-0.181739,-0.34775114,-0.68674314,-0.13291295,-0.02128633,-0.416907,-0.008939253,0.24902472,-0.7534545,-0.27641684,-0.88155335,-0.47307432,0.6519202,0.73729146,-0.48560035,-0.5673456,-0.18233554,-0.8300165,1.6183621,1.1748081,0.36812162,-1.0986413,0.9574289,-0.43343467,0.24549487,-0.48560032,0.5468509,-0.82749385,0.91080415,0.1787178,0.4111409,-0.48560032,-0.32154492,-0.41729987,-1.131765,1.0
AKT1,-0.33055896,7.8646464,-0.270532,1.1266065,-0.24527964,0.040023882,-0.47849283,0.96119446,1.0825062,-0.35979557,-0.45563754,1.8567919,0.14515327,0.9095439,2.7278862,-0.5667236,-0.56078374,-0.57774174,-0.54472446,-0.5081642,-0.60769224,-0.5724846,-0.58043855,-0.22835669,-0.5292952,-0.5865975,-0.5850526,-0.4668809,-0.4900709,-0.4829636,-0.5614322,-0.51662326,-0.6686791,-0.3859643,-0.38964155,-0.7636273,-0.6780748,-0.42684478,-0.44000104,-0.604872,-0.77872324,-0.44545588,-0.49010688,-0.6562413,-0.7035409,-0.6376115,-0.79710454,-0.5027449,1.1343614,-0.13401468,0.6519202,0.73729146,6.011195,1.7625941,7.9138722,-0.60997885,1.2108556,1.4410692,-1.2491715,0.2976802,-1.565183,0.88247716,-1.178232,6.0111947,-1.172576,-0.07413493,-1.6406535,1.1599216,-1.2116619,6.0111947,-0.42052144,7.8254414,0.49572727,1.0
KIT,-0.33055896,-0.17510217,2.5510008,-0.44828185,-0.6200142,0.2980698,1.4465768,-0.12334365,-0.4638414,0.880688,2.0048535,0.91768485,0.4506,0.97171736,-0.5948769,-0.5667236,1.2517039,2.0414715,0.16265714,2.4490623,-0.3631606,0.18866058,0.0743126,-0.16960609,1.9925876,1.2971818,0.5343859,-0.05975913,1.0281892,-0.49335417,0.65194607,0.6797965,1.3175921,3.6630757,1.5285743,2.0905204,2.2020442,1.2928392,0.11652436,4.1321487,1.9776584,3.121591,-0.5094379,1.6326406,1.8954083,1.4021498,1.2201629,1.9065298,1.1343614,-0.503708,-1.53393,0.35900313,1.9092038,1.7625941,0.09537529,-0.28259674,1.6183621,0.009915628,-0.0033617357,0.07793515,-0.83216286,0.27847654,-0.02606784,1.9092038,-0.056991678,-0.019334426,-0.113996185,0.09829127,-0.07569997,1.9092038,1.4105434,1.5537903,0.64151436,1.0
AURKB,-0.33055896,-0.5097135,-0.270532,1.1219193,-0.6200142,-0.4742777,-0.47849283,-0.12334365,1.0946283,-0.35979557,-0.45563754,-0.610674,-0.3977495,-0.3678864,-0.5948769,-0.5667236,0.11451883,-0.43941686,-0.43861505,-0.34375206,-0.5942203,-0.35379553,-0.12175378,0.37084273,-0.35705805,-0.5657246,0.61431223,-0.3818413,-0.52561986,-0.4111423,-0.51914155,0.26512477,1.5996566,2.3340714,-0.71108234,1.498154,0.82784075,1.0512282,2.8586326,1.6179359,2.7687364,1.8421555,3.2012706,4.0912976,0.38848147,3.1555624,3.7922628,1.4247029,1.1343614,2.1435862,0.6519202,-0.71281374,2.0277584,1.7625941,0.9936149,-0.5442143,1.4553596,-0.42275876,-1.6009976,0.50765234,-1.9767696,-0.50510436,-1.1699656,2.0277584,-0.46446794,0.3481129,-1.2610978,-0.18320164,-0.49903983,2.0277584,-0.42052144,2.8081205,-0.69557303,1.0
HIF1A,1.1686625,0.1575919,1.075489,-0.44828185,-0.2688697,0.30531815,0.5020302,0.41899934,0.3135795,-0.35979557,0.32546157,0.5016112,-0.3977495,-0.3678864,1.716255,1.1310608,-0.19167484,-0.19482663,-0.17677146,-0.48852676,-0.54734576,-0.44152126,-0.3137137,-0.32923865,-0.22018312,-0.46426064,-0.42055222,-0.08737969,-0.42677182,-0.34215942,-0.43357453,-0.3639096,0.13515061,-0.78185356,-0.41993472,-0.47560707,-0.22281437,0.26563734,-0.28670886,-0.3409021,-0.6834549,0.1232039,-0.78651345,-0.25269902,-0.6135712,-0.19902128,-0.10679239,-0.6394764,1.1343614,-0.47307432,0.6519202,0.73729146,3.4504144,1.7625941,3.1509871,-0.52738124,1.2108556,1.9403088,-1.3149382,0.13687013,-1.6102573,-0.5229953,-1.1445192,3.4504142,-0.6168349,0.39612484,-1.2610978,-0.0062632365,-0.5625408,3.4504142,-0.37103316,4.5701556,-0.10333958,1.0
MAML2,-0.33055896,0.16166185,-0.270532,0.34025818,0.15409435,0.049013346,0.012882238,-0.12334365,-0.4638414,0.87158114,3.6245768,1.1115819,0.15571368,0.9655538,1.9161314,3.6989696,-0.19822592,-0.5297468,-0.34689066,-0.06407222,-0.522099,-0.23509344,-0.2981382,-0.4217657,-0.11501977,-0.61282045,-0.3749465,-0.1341898,-0.4271848,-0.59240896,-0.29261586,-0.25811067,-0.5960239,1.9602019,-0.5882875,1.2593442,-0.083929464,-0.18613367,0.27697334,-0.5224739,-0.024825951,-0.7646575,-0.63000584,-0.2557316,-0.34399122,0.32671654,-0.26382044,-0.034152947,-0.88155335,-0.429937,0.6519202,0.6111953,0.01232924,-0.5673456,-0.15927166,0.12629439,1.5368607,-0.6224546,-0.14322278,1.0410513,-0.6685805,0.24553785,0.5552453,0.012329222,0.7125984,-0.5661815,0.77163374,0.49238133,0.7004231,0.012329222,0.17333746,-0.088784836,0.3907331,1.0
AURKA,-0.33055896,-0.5097135,-0.270532,-0.44828185,-0.6200142,-0.4742777,-0.47849283,-0.12334365,-0.4638414,-0.35979557,0.3626427,-0.42890394,-0.3977495,-0.3678864,-0.5948769,-0.5667236,-0.5562274,-0.55885017,-0.5553457,-0.48942375,-0.64988923,-0.52580076,-0.5469986,-0.4109057,-0.6033576,-0.58953255,-0.5799339,-0.5053254,-0.4874079,-0.4939584,-0.55197686,-0.5519569,-0.11875981,2.3237092,0.9302621,0.404656,1.9847233,1.4217066,1.9369482,-0.29959413,2.3093336,1.9626547,2.8947515,2.8282313,0.76523864,1.9785244,2.444869,0.06008634,1.1343614,1.9409693,0.6519202,0.42205122,1.0081884,1.7625941,1.8434459,-0.24441801,0.80334914,1.6074824,-0.48084638,0.6490744,-2.317482,-0.47227275,-0.15655012,1.0081884,-0.4039157,0.9555577,-2.167814,0.2511017,-0.47081718,1.0081884,-0.42052144,1.5239253,0.76311773,1.0
TLR4,0.41805583,0.8158857,-0.270532,1.1242459,2.9109166,1.547519,3.8428957,0.14808907,-0.4638414,-0.35979557,-0.45563754,-0.25653905,-0.3977495,2.2614734,0.19087239,-0.5667236,2.0259192,0.83020014,-0.24010056,0.400521,0.58107996,0.9705063,-0.27669725,-0.23175561,0.52764475,0.12725873,1.8651036,1.1385409,-0.47116086,-0.03308176,-0.5312909,2.2460508,-0.30695632,1.1095744,-0.506686,0.52740496,-0.6717055,-0.42803013,1.4345471,-0.45593196,0.76969796,0.107780814,1.1335118,0.8238377,-0.41467544,1.389891,0.85037464,0.15104744,1.1343614,-0.46707174,0.6519202,0.6111953,0.7473681,1.7625941,0.48985395,-0.03768781,1.9443673,-0.02336703,-0.53978205,0.23597603,-0.34334886,0.17826478,-0.67064387,0.74736816,-0.34487483,1.4663287,-1.4635274,0.48433867,-0.11097829,0.74736816,-0.024615495,0.9564902,0.87551415,1.0
BAD,-0.33055896,-0.5097135,-0.270532,-0.44828185,-0.22075757,0.5566568,-0.47849283,0.41978213,-0.4638414,-0.35979557,-0.45563754,-0.22185326,-0.3977495,-0.3678864,-0.5948769,1.1440138,-0.49222317,-0.5654466,-0.41131756,-0.49148163,-0.5673698,-0.56005967,-0.54657996,-0.41876554,-0.5299381,-0.57872593,-0.5050539,-0.52552027,-0.5272679,-0.3978021,-0.5840197,-0.488283,-0.6685853,-0.47057846,0.20076457,-0.7022226,0.23707643,-0.54099035,-0.59470296,-0.5752319,-0.5747279,-0.38413724,-0.6285185,-0.55640286,0.13959888,-0.81659573,-0.53701067,-0.5797414,-0.88155335,-0.47143322,0.6519202,0.73729146,0.17830577,1.7625941,-0.058424693,-0.02988196,-0.2561677,-0.7888678,-0.85165685,0.171486,-0.74407923,-0.7940188,-0.7727059,0.17830575,-0.3220244,2.1572943,-1.944298,0.3074003,0.17124829,0.17830575,-0.47000965,0.50851524,0.88831615,1.0
CHEK2,-0.33055896,0.15311338,-0.270532,-0.44828185,0.5627699,0.047956087,-0.47849283,0.96223605,0.30605787,-0.35979557,-0.45563754,0.3306264,-0.13097608,-0.3678864,-0.5948769,1.1392435,-0.5305963,-0.5520281,-0.52728164,-0.480851,-0.5277903,-0.48912573,-0.46006438,-0.4503218,-0.6190915,-0.47870538,-0.43700254,-0.51738334,-0.45122924,-0.43371677,-0.541092,-0.23411705,0.3072376,-0.33043635,0.16053282,-0.45215285,0.50525093,0.09020748,0.5426659,-0.19785856,-0.07770306,0.9752096,0.24772458,0.3855949,0.11174133,0.8310984,0.20901035,0.90730345,-0.88155335,-0.503708,-1.53393,0.4850993,0.2968604,1.7625941,-0.053848654,-0.49182367,-0.33766904,1.740613,-0.91536796,0.3315715,-0.66255105,-0.6317862,-0.79876846,0.2968604,0.47856763,-0.17406014,0.058912516,0.29935762,0.48522535,0.2968604,-0.47000965,0.65784025,0.7705847,1.0
NOTCH1,1.1768404,0.8315576,1.1500936,0.34047046,2.520564,14.382784,0.4979434,-0.12334365,0.3124819,7.0757856,1.9989389,1.2843322,0.72382367,0.96719885,6.863895,1.1385577,-0.5695336,-0.3663874,-0.064979225,-0.22576015,-0.55736464,-0.34761462,-0.57469565,-0.06502972,-0.0896024,-0.61478037,-0.47708553,-0.32882628,-0.4706635,-0.49390537,-0.4887608,-0.2169311,-0.15107635,0.08969567,-0.27086544,0.78090733,0.52232426,-0.6397763,0.49689916,-0.5166411,-0.3637854,0.5597927,-0.37970978,-0.41263667,-0.52989185,-0.42763978,-0.4441443,0.22014649,1.1343614,-0.47272417,0.6519202,0.73729146,1.482407,1.7625941,3.3880336,-0.63164574,4.0634007,0.6090031,-1.5927323,0.82243717,-1.834733,-0.49162725,-1.9224925,1.482407,-0.017738312,1.0287112,-1.5436559,0.090248615,0.21005444,1.482407,-0.37103316,2.0913606,0.01918659,1.0
SIRPA,0.4212766,0.8287098,-0.270532,1.9164686,0.17941864,-0.21604152,0.4633894,-0.12334365,1.0819113,-0.35979557,-0.45563754,-0.22874622,-0.13597591,-0.3678864,-0.5948769,0.28217003,3.3308616,3.6480608,1.8379782,2.8867714,0.523465,1.8149703,0.53815526,0.33893895,0.9887707,1.7020575,-0.4778246,1.0340803,1.6864651,1.2705307,1.2821516,4.480575,0.65044886,0.9304252,-0.18537286,0.51607156,-0.08674262,0.1951495,0.897772,-0.6117386,0.0698488,-0.15359473,-0.45410007,-0.14812972,-0.48777524,0.2521683,-0.7209604,0.26878962,-0.88155335,-0.47307432,0.6519202,0.73729146,-0.5330222,-0.5673456,-0.18233685,-0.8300165,-0.09316515,0.6090031,0.28198847,-1.1305814,0.91661644,-0.53687745,0.17230755,-0.53302217,-1.105955,-0.96746016,-0.0507369,-1.8158604,-1.2257732,-0.53302217,-0.42052144,-0.41729987,-0.8033936,1.0
NCOA3,0.4194184,1.1582865,-0.270532,0.3392044,0.94033486,1.0812732,0.49168524,0.14778917,-0.4638414,-0.35979557,1.9883436,1.4182582,0.1473804,-0.3678864,0.18901254,1.9914063,-0.5321331,-0.57894737,-0.50665635,-0.52899337,-0.63013285,-0.56506735,-0.56755644,-0.39949957,-0.5740174,-0.6196158,-0.5774478,-0.50771034,-0.5158786,-0.51433855,-0.5871241,-0.52528906,-0.6726928,-0.73359734,-0.49059644,-0.5469528,-0.37933415,-0.36797747,-0.8032412,-0.58189636,-0.60990524,-0.42928803,-0.2730798,-0.7102698,-0.6219062,-0.6504175,-0.6280744,-0.58724636,1.1343614,-0.47307432,0.6519202,0.73729146,1.4349853,1.7625941,1.022649,-0.62476546,0.8848504,2.9055054,-1.279705,1.1005641,-1.3234588,-0.55549717,-1.7821739,1.4349852,-0.11055302,1.2024978,-2.0665991,0.017864726,0.15713696,1.4349852,-0.42052144,2.0614955,0.111392066,1.0
NOTCH2,0.41524068,2.7895687,1.1188662,1.1234945,2.5147657,2.5930862,2.869644,-0.12334365,1.7621994,3.3401318,-0.45563754,0.3028433,0.12835635,-0.3678864,1.7040496,4.541276,-0.59991425,-0.59486717,-0.56698436,-0.5535382,-0.66282326,-0.57277435,-0.60041165,-0.4826095,-0.6327475,-0.62440443,-0.58754885,-0.5427524,-0.53311604,-0.5980372,-0.5872617,-0.5531918,-0.6873588,-0.12815988,-0.282581,-0.3872907,-0.43432707,-0.21358575,-0.6637239,-0.60046875,0.1696536,-0.74869806,-0.8402101,-0.28629258,-0.4215604,-0.1679847,-0.7138749,-0.20268703,1.1343614,-0.34423247,0.6519202,0.73729146,0.67623526,1.7625941,0.00083288894,-0.60698324,0.5588452,1.0416776,-1.126486,0.78057736,-1.4966049,-0.44986615,-0.8956976,0.6762353,0.4617325,-0.39946145,0.44268548,0.28327233,0.45347485,0.6762353,-0.22256845,0.98635525,0.23657434,1.0
ERCC4,-0.33055896,-0.17418028,-0.270532,0.34001034,-0.6200142,0.2876351,-0.012177551,0.41371334,-0.4638414,-0.35979557,0.36489484,0.3469056,-0.3977495,-0.3678864,1.0748384,-0.5667236,-0.38667774,-0.32604086,-0.48442623,-0.53440607,-0.5979877,-0.40586653,-0.39368978,-0.2442929,-0.49461588,-0.36152273,-0.44656575,-0.3359537,-0.322502,-0.21345581,-0.23659454,-0.4881465,-0.4291897,-0.7181387,-0.7915448,-0.04901503,-0.44045845,-0.52637136,-0.7619805,-0.24928029,-0.34340727,-0.61553067,-0.7569481,-0.35199305,-0.4509308,-0.8545826,-0.47693065,-0.6342185,-0.88155335,0.23150133,0.6519202,0.6111953,0.2968604,1.7625941,-0.14640246,-0.19905974,0.8848504,-0.2896282,-0.041759077,-0.24522863,-0.18655755,0.19213554,-0.081280805,0.2968604,0.62758476,-0.6955445,0.8601967,0.3958695,0.5451985,0.2968604,0.024872743,0.35919023,0.34554127,1.0
SRSF2,-0.33055896,-0.5097135,-0.270532,1.1291937,0.16140208,-0.4742777,-0.47849283,-0.12334365,-0.4638414,-0.35979557,0.36492795,-0.41997162,-0.3977495,-0.3678864,-0.5948769,-0.5667236,-0.54994816,-0.54400015,-0.49714592,-0.45794228,-0.6218783,-0.50588685,-0.53234714,-0.44476652,-0.5177651,-0.60772324,-0.54378146,-0.50010276,-0.50367296,-0.5568618,-0.5705283,-0.49837282,-0.5170996,-0.5933336,-0.5202275,-0.30858067,-0.29140827,-0.5650656,-0.53658885,-0.35303524,-0.44269505,0.10321547,-0.34262782,-0.44909617,-0.3276995,-0.37827498,-0.27753136,-0.5509321,-0.88155335,1.8782852,0.6519202,0.73729146,0.3917041,1.7625941,-0.13358177,-0.30408975,1.047853,2.872223,0.33844355,0.2862271,-0.9906042,0.7181983,0.318765,0.39170414,0.16166309,-0.4050389,0.56076944,0.4119548,-0.05453297,0.39170414,1.311567,-0.29783985,0.58079684,1.0
EP300,1.1719829,1.4857812,2.526074,2.7081602,2.14503,4.741352,-0.008296769,-0.12334365,11.149342,2.1154635,2.8012326,3.0288858,0.44459122,0.96768653,4.2308254,5.405038,-0.39795908,-0.4254506,-0.29027554,-0.30066326,-0.43029886,-0.52067906,-0.38856024,0.04522326,-0.43114612,-0.08985185,0.022837002,-0.33270094,-0.1916221,-0.37875122,-0.3259364,0.29852945,-0.5443083,-0.44877917,-0.68504196,-0.6226391,-0.58555424,-0.6385385,-0.44765002,-0.20956255,-0.2839374,-0.7892977,-0.63055694,-0.68042296,-0.52213126,-0.6886763,-0.63045543,-0.084634684,1.1343614,1.4099987,0.6519202,0.73729146,3.9246328,1.7625941,8.350755,-0.66265625,8.301469,0.9085469,-1.6312197,0.52845025,-2.0923707,-0.52643466,-1.5535779,3.9246328,-0.7258438,0.9641828,-2.4841106,-0.65771824,-0.5554851,3.9246328,-0.42052144,5.197321,0.089596204,1.0
MET,0.42210823,-0.17433782,-0.270532,-0.44828185,-0.24154948,0.3105408,0.98200905,-0.12334365,1.0864528,-0.35979557,-0.45563754,0.5307694,-0.3977495,-0.3678864,-0.5948769,11.357504,-0.10414464,0.23016791,0.18454355,-0.0055718007,-0.41453636,-0.3058618,-0.13050386,-0.066935025,0.3019399,-0.4879629,-0.43821353,0.5458424,-0.25264308,-0.18189426,0.15341079,0.47539625,0.25793818,1.9094485,0.96621776,1.6917146,1.4930832,0.8476324,-0.36007527,2.857313,-0.11995232,0.208395,-0.624375,0.028638484,1.1440953,-0.77680033,0.35856706,1.2555468,1.1343614,-0.503708,-1.53393,0.42205122,2.4308443,1.7625941,0.4436642,-0.22268276,2.5963776,0.47587258,-0.13137497,0.42596784,-1.7305161,1.0814478,-0.013353263,2.4308443,-0.26849118,0.6759487,-1.471962,0.685405,-0.19564626,2.4308443,1.9054258,1.9121704,0.5188968,1.0
EED,-0.33055896,0.1611488,-0.270532,-0.44828185,0.18415979,0.048829224,0.0074788723,0.14738715,1.0823156,-0.35979557,-0.45563754,-0.41940472,-0.114171065,0.9674827,-0.5948769,-0.5667236,-0.48805398,-0.55283475,-0.49690062,-0.5091053,-0.47581792,-0.5184534,-0.51383793,-0.3209505,-0.54282147,-0.37564436,-0.41096485,-0.49232382,-0.4723816,-0.37551793,-0.43227828,-0.37753186,-0.48617494,-0.6219634,-0.6259977,-0.8017913,0.16179727,-0.24310897,-0.21837275,-0.4446472,-0.64082617,-0.4085506,0.174316,-0.66871697,-0.6738551,-0.17435706,-0.46042112,-0.54769063,-0.88155335,0.93054307,0.6519202,0.73729146,-0.082514495,-0.5673456,-0.1818157,0.6093618,2.433375,0.07648086,0.09903701,0.1118391,0.09499787,0.28804177,0.12020603,-0.08251451,0.61198264,-0.44353464,0.4975102,0.43608275,0.5804768,-0.08251451,0.024872743,-0.11864983,0.13762395,1.0
RPN1,0.4225867,-0.17398283,-0.270532,-0.44828185,-0.23041111,0.037378818,-0.47849283,-0.12334365,0.3123759,-0.35979557,-0.45563754,-0.610674,-0.11286486,-0.3678864,0.21822843,0.28843856,-0.50946516,-0.34892225,-0.42582232,-0.43951732,-0.41185027,-0.20022975,-0.23264794,-0.43090808,-0.34333438,-0.5592488,-0.522764,-0.29544118,-0.52099836,-0.40240824,-0.4207327,-0.25124335,-0.6593603,-0.24552274,-0.52029914,-0.7826283,-0.25673747,-0.0046459697,-0.60794306,-0.5478976,0.089344844,-0.070078574,-0.55298215,-0.28152597,-0.60496813,-0.40510634,-0.34021083,-0.57204014,-0.88155335,1.1384345,0.6519202,0.73729146,-0.43817848,-0.5673456,-0.18233407,-0.8300165,-0.2561677,-0.72230256,0.32432774,-1.1296217,0.9408985,-0.49643466,0.21247335,-0.43817845,0.26951566,-0.9545018,0.775851,-0.22341491,0.15713696,-0.43817845,-0.22256845,-0.41729987,-0.38056293,1.0
SUFU,-0.33055896,-0.17662151,-0.270532,0.34045222,-0.6200142,0.04997708,-0.47849283,0.14819698,0.31414562,-0.35979557,0.36308295,-0.23624548,0.17038664,-0.3678864,0.21702395,-0.5667236,-0.5845964,-0.5900339,-0.5241434,-0.53629684,-0.41738552,-0.5289174,-0.5303668,-0.4802141,-0.6247605,-0.5089473,-0.5627992,-0.53908974,-0.4939878,-0.49685135,-0.52319753,-0.41529495,-0.5300868,-0.5853656,-0.58600223,-0.5821373,-0.6196365,-0.567301,-0.52530724,-0.039197735,-0.41277733,-0.8008242,-0.3801214,-0.37168968,-0.58070767,-0.5667082,-0.23759414,-0.42249736,-0.88155335,-0.503708,-1.53393,0.6742434,1.3638524,1.7625941,0.31873664,-0.3186611,0.72184783,-0.42275876,-0.746905,0.897273,-1.8221412,0.46169013,-0.76441264,1.3638524,-0.26494,1.2984786,-2.2184215,0.7577889,-0.4919842,1.3638524,0.3218022,1.5239253,0.37192917,1.0
NBN,0.42115015,0.15467659,-0.270532,1.1298321,0.16786067,0.54746985,-0.47849283,-0.12334365,0.31110534,2.1160738,-0.45563754,0.3378647,-0.3977495,-0.3678864,-0.5948769,1.9965254,-0.5331936,-0.42796037,-0.5519691,-0.3844742,-0.33572856,-0.49651277,-0.54398066,-0.46250647,-0.5051354,-0.53785205,-0.4912278,-0.5301068,-0.5285208,-0.5954716,-0.5076149,-0.38518146,-0.3942438,-0.6846198,-0.56498694,-0.5002905,0.28761926,-0.52460206,-0.6631858,-0.27832752,-0.6192901,-0.12266022,-0.3755772,-0.77732486,-0.3637741,-0.7695442,-0.49358302,-0.46755728,-0.88155335,-0.503708,-1.53393,0.73729146,0.6288134,1.7625941,0.050577883,-0.17064865,5.041416,-0.72230256,-0.70427024,0.5728207,-0.85070235,0.23428005,-0.61511,0.62881345,0.22441366,1.3775892,-1.442441,0.4602107,0.43936354,0.62881345,-0.074103735,0.8370303,0.045775227,1.0
SMAD2,0.39749023,0.132163,-0.270532,0.33151814,1.1204188,0.27526578,-0.038246155,0.099079214,0.9330345,-0.35979557,-0.45563754,-0.09726927,2.313902,-0.3678864,-0.5948769,0.27408358,0.11437116,0.33069316,0.9511795,-0.10098297,-0.5286053,0.029943526,0.5824442,-0.12340505,0.7557467,-0.62174934,0.2605643,1.5524565,0.5880527,0.43280658,1.2071141,-0.30196205,-0.4350185,-0.46826965,-0.27097046,0.075045645,-0.60750425,-0.74238807,-0.45104,-0.39369792,-0.33540064,-0.47493187,-0.14126495,-0.7556385,-0.43625608,-0.8185539,-0.7433918,-0.20285895,1.1343614,-0.503708,-1.53393,0.73729146,2.1226022,1.7625941,2.4378414,-0.6224708,3.3298893,1.7073303,-1.7648559,0.83271724,-1.4392544,1.4821376,-1.7501235,2.1226022,-0.1579529,0.75808585,-1.6828263,1.1277511,-0.05453297,2.1226022,-0.22256845,2.8081205,-0.2580796,1.0
BMPR1A,-0.33055896,-0.17555761,-0.270532,0.34064984,0.5478506,-0.4742777,0.0059794704,-0.12334365,-0.4638414,2.104371,-0.45563754,-0.042071093,0.4521783,-0.3678864,-0.5948769,1.1374313,0.118434325,-0.38805005,-0.49092272,-0.48783252,-0.06855579,-0.46820343,-0.26015207,-0.26358607,-0.39502117,-0.5691098,-0.40946332,-0.49774328,-0.508697,-0.44151607,-0.48289815,-0.40561432,-0.080373816,0.20267291,0.028351858,0.49212325,-0.61938506,-0.24138872,-0.118219554,0.78154296,0.43046343,-0.6102453,-0.552961,0.062724926,-0.2619235,-0.32325742,-0.03911959,-0.22876194,1.1343614,1.6069349,0.6519202,0.5481474,0.2968604,1.7625941,0.04185646,-0.21925035,-0.011663832,2.872223,-0.65884143,0.34457412,-0.64787674,-0.3520597,-0.5531883,0.2968604,0.19998732,0.725992,-0.4766827,0.33152825,0.48875317,0.2968604,-0.17308022,0.47865024,0.7376041,1.0
RMI2,-0.33055896,-0.5097135,-0.270532,-0.44828185,-0.6200142,-0.4742777,-0.47849283,-0.12334365,-0.4638414,-0.35979557,-0.45563754,-0.4179335,-0.3977495,-0.3678864,-0.5948769,-0.5667236,-0.038857818,-0.4333544,-0.49814588,-0.38448426,1.627703,0.21735433,-0.22468713,-0.36669904,-0.20798115,-0.25510874,0.16955747,0.19646664,-0.45633954,0.08152204,-0.4078277,-0.47616103,-0.6317839,1.7185186,0.15714593,-0.53557885,0.3879957,0.8791781,1.687458,1.6244977,0.8138108,2.3184764,1.7968485,1.1637936,-0.26754412,1.6383901,1.5256507,-0.03993486,1.1343614,-0.18937938,0.6519202,0.043762878,0.24943854,1.7625941,-0.061782736,0.84218746,0.47734398,-0.6224546,1.0851728,1.1586413,-1.0040346,2.2716854,1.1104599,0.24943854,0.8434661,-0.19626787,0.06734709,0.81408745,0.7568684,0.24943854,0.7671963,-0.14851484,-0.31793898,1.0
POLD1,0.42098132,-0.17663105,-0.270532,-0.44828185,0.542881,0.047072504,0.009385804,-0.12334365,0.30752698,-0.35979557,0.36487493,1.2654945,0.1531926,0.96086234,1.0008528,1.135193,-0.5373513,-0.37883025,-0.15976061,-0.3774082,-0.48305836,-0.432822,-0.3482835,-0.38896075,-0.24543582,-0.5601394,-0.4270857,-0.48219854,-0.32498318,-0.31626257,-0.33974332,-0.106644444,0.039931074,-0.03788994,0.0016558002,-0.43059346,0.4046898,0.28894213,-0.10968182,-0.05114228,0.7147435,0.8652531,0.7148596,0.4069262,-0.018946277,-0.038633645,0.56068134,0.20328093,-0.88155335,1.7029885,0.6519202,0.6742434,0.059751067,-0.5673456,0.23518872,0.5398391,0.23284006,-0.6224546,-0.7032445,1.3137176,-0.6665773,1.4706974,-1.0318992,0.059751082,0.1915623,2.1857543,-1.3791817,0.685405,0.6369221,0.059751082,-0.2720567,0.23973021,0.51662314,1.0
IL2,-0.33055896,-0.5097135,-0.270532,-0.44828185,-0.6200142,-0.4742777,0.011367723,-0.12334365,-0.4638414,-0.35979557,-0.45563754,-0.41578463,-0.3977495,-0.3678864,-0.5948769,-0.5667236,-0.59991425,-0.59486717,-0.56698436,-0.5535382,-0.66282326,-0.57277435,-0.60041165,-0.4826095,-0.6327475,-0.62440443,-0.58754885,-0.5427524,-0.53311604,-0.5980372,-0.5872617,-0.5531918,0.039471716,0.87475306,-0.8073839,1.3989788,1.2871983,-0.772292,1.0347825,-0.74307054,-0.8267953,4.2214894,-0.84492457,-0.83297426,-0.8262427,1.561441,-0.06497531,-0.6571895,-0.88155335,-0.40745652,0.6519202,-1.9737748,2.0988913,1.7625941,0.3040006,-0.24834257,0.39584264,-0.6557372,-0.22195494,0.3371348,-1.1759197,0.76177955,-0.27871048,2.0988913,-0.22465037,0.23200798,-0.89419395,0.09829127,-0.22034109,2.0988913,0.8166846,2.1510904,0.610112,1.0
IGF1R,-0.33055896,0.7796764,-0.270532,1.1246789,0.9657782,0.5607088,-0.011710771,-0.12334365,0.31449777,-0.35979557,3.6008487,0.4868182,0.7109088,-0.3678864,0.23401143,-0.5667236,-0.4505177,-0.526017,-0.48491892,-0.53275514,-0.042306934,-0.51468986,-0.48761332,-0.4299136,-0.58126926,-0.49956802,0.7989678,-0.51609665,-0.4420803,-0.42474145,-0.5197404,-0.49625137,-0.43683377,-0.6293269,-0.66539425,-0.81375796,-0.77086633,0.13566904,-0.5040601,-0.6400132,-0.08508509,-0.35705897,0.08716126,0.11990758,-0.78982866,-0.3366004,-0.58783096,-0.3458966,1.1343614,0.4459374,0.6519202,0.6742434,2.2174459,1.7625941,0.46299076,-0.32953557,0.39584264,7.0658355,-0.26237276,0.38554513,-1.5170856,-0.21582101,-0.11634709,2.2174459,-0.34060746,0.82902557,-2.2184215,-0.26362815,-0.20270193,2.2174459,1.1136141,2.1212256,0.6130773,1.0
SDHB,0.42362487,0.4980797,-0.270532,-0.44828185,-0.21698472,-0.4742777,-0.47849283,-0.12334365,-0.4638414,-0.35979557,0.36598882,-0.027274624,-0.3977495,-0.3678864,-0.5948769,-0.5667236,-0.5257926,-0.58062077,-0.5224056,-0.5397593,-0.52187127,-0.5395393,-0.5446576,-0.42864007,-0.58342326,-0.53023547,-0.5660978,-0.5309304,-0.50995463,-0.5112702,-0.55375063,-0.5452601,0.14361067,-0.6929739,-0.034792006,-0.7517689,-0.56039524,-0.64556175,-0.76337785,-0.6165609,-0.80505866,-0.54725474,0.11428774,-0.62678003,-0.11596908,-0.73746306,-0.6012355,0.022319723,-0.88155335,0.60537195,0.6519202,0.73729146,-0.48560035,-0.5673456,-0.1765179,-0.8300165,-0.5006716,-0.7555852,-0.4953891,1.0816374,-0.051874716,0.35997146,-1.3710836,-0.48560032,0.43012732,-0.16512087,0.67885345,0.50042397,0.16419262,-0.48560032,-0.42052144,-0.35756984,-0.8820379,1.0
KDR,1.9268917,1.1635965,1.1451017,1.9176013,0.16128765,1.2805678,3.858473,0.14808398,1.0902629,0.8803317,0.36357507,0.33260256,0.44839948,2.2942967,1.0135434,0.2857946,-0.59991425,-0.59486717,-0.56698436,-0.5535382,-0.66282326,-0.57277435,-0.60041165,-0.4826095,-0.6327475,-0.62440443,-0.58754885,-0.5427524,-0.53311604,-0.5980372,-0.5872617,-0.5531918,0.46745673,0.5866008,-0.29953364,0.71659863,0.1426476,-0.36307734,0.87432235,-0.698003,0.10320299,0.12778814,-0.2792984,2.23932,-0.7890289,1.7264715,2.2244403,2.4686263,1.1343614,-0.42512584,0.6519202,0.6111953,2.1700242,1.7625941,0.24728878,-0.4385172,2.3518736,-0.22306289,-0.30123267,0.23135613,-1.110812,0.21561384,-0.168967,2.170024,-0.2828406,0.39004418,-2.2352908,-0.17515898,-0.18153493,2.170024,0.71770805,2.3004155,0.64604455,1.0
CREB1,-0.33055896,-0.17475699,-0.270532,-0.44828185,-0.6200142,-0.4742777,-0.47849283,0.13222617,-0.4638414,-0.35979557,-0.45563754,-0.4282726,-0.115925714,-0.3678864,-0.5948769,2.839808,-0.2574576,-0.10415154,-0.5467265,-0.51769626,-0.6178485,-0.2743068,-0.4745399,0.22993809,-0.49950397,-0.60757625,0.015801964,-0.31271183,-0.530911,-0.56152433,-0.5055127,-0.048632074,-0.56645715,-0.46025977,-0.70512986,0.033889923,-0.6418397,-0.5059091,-0.6958513,-0.19346353,-0.47388005,-0.4295862,-0.31231216,-0.6206216,-0.74294597,-0.77513963,-0.63076454,-0.16910534,1.1343614,-0.38047692,0.6519202,0.73729146,2.5493991,1.7625941,1.6523662,-0.60481936,-0.011663832,2.572679,-1.2362529,0.056493886,-1.2463803,-0.8764774,-1.2664416,2.549399,-0.3777069,0.7561717,-2.2142043,-0.39231065,-0.23092458,2.549399,-0.47000965,3.4950156,0.65474063,1.0
BRCA1,1.1500837,2.0910323,-0.270532,-0.44828185,0.11864575,0.77656347,1.3347644,0.93403304,2.5669029,-0.35979557,0.35463342,0.77125734,-0.3977495,3.546718,1.880631,1.106704,-0.57842183,-0.3996763,-0.4935625,-0.5465124,-0.6593489,-0.5563746,-0.57817703,-0.41568562,-0.56936294,-0.6239272,-0.5455494,-0.50379264,-0.47956908,-0.41409773,-0.5486696,-0.5381631,0.034882773,-0.020288736,0.16622669,-0.793337,0.8973985,0.47243342,0.46263894,-0.538898,0.7669878,1.1772354,0.27155682,0.54724294,0.69596434,0.73702145,0.9292495,0.2467883,-0.88155335,0.2664864,0.6519202,0.6111953,0.771079,1.7625941,0.18460785,-0.16303784,5.041416,0.043198198,-0.9025215,0.6734431,-1.227721,0.3240066,-0.6843055,0.77107906,0.23932594,1.2687148,-1.4171373,0.57280785,0.45700267,0.77107906,-0.32154492,1.1655452,-0.21044284,1.0
MED12,1.1724616,3.453375,1.1419437,4.2772517,0.5451931,1.2505829,3.7868626,-0.12334365,1.0773158,0.8626148,-0.45563754,3.3621473,0.4399038,-0.3678864,6.041446,0.28046715,-0.036104403,-0.21749887,0.26985213,-0.5422101,4.433581,-0.06484702,-0.04070115,0.13884568,0.8828034,0.8480831,0.4416373,-0.33475518,-0.44743428,-0.31272873,0.0058092135,0.047532674,-0.50199986,-0.4937507,-0.4633643,-0.5152792,-0.25249887,-0.56491643,-0.6115906,-0.585756,-0.8204668,-0.6728099,0.5886573,-0.6818316,-0.6077899,-0.7667311,-0.60903543,-0.48243314,1.1343614,1.4081551,0.6519202,0.73729146,-0.43817848,-0.5673456,-0.18196063,-0.51201427,1.5368607,-0.5226067,-0.37526172,-0.40587226,0.15089455,-0.6303991,-0.4237831,-0.43817845,0.17426924,-0.473659,0.5143793,0.017864726,0.10774731,-0.43817845,-0.47000965,-0.26797485,-0.10280494,1.0
NUP98,0.41814467,0.80657804,-0.270532,0.3358571,0.14763506,0.29655102,0.42892233,0.1420587,1.8578697,-0.35979557,1.1695145,0.11621638,0.16534491,0.970172,0.23247139,1.1323272,-0.5420032,-0.5590411,-0.48512885,-0.5120746,-0.6215061,-0.50242186,-0.56930137,-0.41724172,-0.52878374,-0.6052039,-0.5793107,-0.488122,-0.5234859,-0.5251599,-0.55765134,-0.5400978,-0.6786342,-0.7312873,-0.21419677,-0.7751026,-0.043100998,-0.6956571,-0.70483047,-0.6011011,-0.56663424,-0.49848038,-0.7799344,-0.74600834,-0.34004855,-0.8521383,-0.79077864,-0.40729782,-0.88155335,2.546262,0.6519202,0.73729146,1.9092038,1.7625941,0.12679152,-0.6596157,-0.33766904,1.3412213,-0.13441157,0.8700573,-1.536871,1.6093427,0.23440522,1.9092038,-0.009987921,-0.30438203,-0.20255916,1.1438364,-0.072172135,1.9092038,2.7467258,0.7474353,0.3661727,1.0
FANCA,0.41888335,0.49419618,1.0894768,0.3400794,0.16274856,0.045224078,0.4824366,0.41915628,1.8487568,0.8615093,0.359114,0.6905175,0.15593266,0.95113117,1.0669918,1.9831307,-0.30705518,-0.32245937,-0.07349865,-0.20948392,-0.4427521,-0.37097242,0.10971417,-0.41800755,-0.2595741,-0.33882713,-0.27065405,-0.09924296,-0.31844854,-0.3228243,-0.2482494,-0.44891727,1.0736873,0.59253013,0.62390304,-0.17018773,1.0067579,0.8772499,0.32902145,0.81009495,1.0712086,1.3927611,0.2032203,2.0304227,0.8878346,0.24696909,2.0266187,1.2797266,-0.88155335,-0.28682128,0.6519202,-0.27147737,0.03604013,-0.5673456,-0.17109932,0.37839177,1.047853,1.1415255,0.25054592,1.1520255,-0.47747073,1.4062214,0.21974425,0.036040153,0.12916724,2.143555,-1.3496608,0.57280785,0.61575514,0.036040153,0.17333746,-0.05891983,-0.06553385,1.0
ERCC3,0.42240742,0.8227385,-0.270532,-0.44828185,0.18419382,0.5710496,0.011838916,0.14807373,-0.4638414,-0.35979557,-0.45563754,-0.03600646,0.16389792,0.9707841,1.0568045,1.1447603,-0.493956,-0.5801597,-0.4659535,-0.5266871,-0.54021484,-0.5598991,-0.56397045,-0.42231888,-0.600998,-0.5226554,-0.54086745,-0.5120718,-0.39439622,-0.47973204,-0.5256258,-0.5232103,-0.3402633,-0.62986255,-0.5884359,-0.70940256,-0.5296187,-0.4037085,-0.5271934,-0.6569233,-0.72374076,-0.5903111,0.014308264,-0.8052252,-0.3404065,-0.57692724,-0.8039509,-0.4244241,-0.88155335,1.4192704,0.6519202,0.73729146,0.84221184,1.7625941,-0.1332574,1.1716686,5.6934266,-0.72230256,0.7821285,1.4252812,-0.89050543,2.237458,0.89253026,0.84221184,0.59670573,1.2847888,-1.3032706,1.0151539,0.7568684,0.84221184,1.8559375,-0.05891983,0.4001674,1.0
EZH2,-0.33055896,-0.5097135,1.1428026,-0.44828185,-0.2599384,0.30277047,0.50126857,0.14635646,0.31271183,-0.35979557,0.3568259,0.13502546,-0.11453823,2.2879677,-0.5948769,0.28361145,-0.57663816,-0.57554615,-0.52358985,-0.3158232,-0.661655,-0.47066784,-0.49247745,-0.1337517,-0.38353926,-0.5637031,-0.5022003,-0.32836992,-0.5272597,-0.5546003,-0.45103565,-0.50976336,0.87727773,1.3636634,0.16838859,1.6723062,1.1789459,-0.36323753,1.8883953,0.9062975,1.4220047,1.3405701,2.4142096,2.050611,0.5766159,1.817352,2.1673799,0.8910235,1.1343614,-0.16482246,0.6519202,0.35900313,-0.082514495,-0.5673456,-0.1818157,0.6093618,2.1888711,0.6090031,0.09903701,0.1118391,0.09499787,0.28804177,0.12020603,-0.08251451,0.61198264,-0.44353464,0.4975102,0.43608275,0.5804768,-0.08251451,0.024872743,-0.11864983,0.13762395,1.0
MDM2,-0.33055896,-0.17923187,-0.270532,-0.44828185,-0.21831113,-0.4742777,0.49710247,0.14315219,-0.4638414,2.0749183,-0.45563754,-0.2405793,-0.3977495,-0.3678864,-0.5948769,-0.5667236,-0.56894267,-0.54686487,-0.48578992,-0.5497226,-0.5324686,-0.54935056,-0.5596875,-0.38142407,-0.5789482,-0.5337577,-0.5208901,-0.50625676,-0.51687247,-0.4481811,-0.5743451,-0.5527847,0.34263688,-0.53252846,-0.7334546,-0.38634983,0.4139797,-0.69437677,-0.7166538,0.46521804,-0.8015637,-0.57002693,-0.7266114,-0.42037693,-0.4508593,-0.86105466,-0.324004,0.6700589,1.1343614,0.49347246,0.6519202,0.73729146,1.6483835,1.7625941,1.9994302,-0.54531604,2.1073697,5.86766,-2.0013218,0.2962322,-2.1100957,-0.5920597,-2.115329,1.6483835,-0.08865249,-0.10601482,-0.26160115,0.21088842,-0.3438152,1.6483835,-0.47000965,2.3601456,-1.0217069,1.0
DAXX,1.175109,0.4918646,-0.270532,1.130093,0.53639424,-0.21429029,0.48003066,-0.12334365,1.0949578,-0.35979557,-0.45563754,-0.23378924,-0.11554227,0.9675627,0.18620855,0.28651625,-0.52048516,-0.46003377,-0.5277826,-0.50620186,-0.6471909,-0.5451389,-0.54281366,-0.3947508,-0.6204031,-0.49948013,-0.5748129,-0.47840565,-0.50260633,-0.54599285,-0.4902835,-0.46123648,-0.2862012,-0.3586403,-0.357028,-0.778169,-0.34879646,-0.4908209,-0.6571763,-0.4762765,-0.64920115,-0.17270467,0.51252544,-0.76262414,-0.52843535,-0.63944566,-0.7007794,-0.52671003,-0.88155335,0.49347246,0.6519202,0.6111953,0.5813916,1.7625941,0.29320532,-0.15059693,0.5588452,-0.7555852,-1.3890797,-0.09730523,-0.8058411,-1.292958,-1.2839347,0.58139163,0.21696089,0.051956296,-0.109778896,0.25914437,0.15008129,0.58139163,-0.47000965,1.0162202,0.019121898,1.0
PIK3R1,0.4203826,5.452749,1.1371114,0.30415016,0.57594424,0.8321453,-0.47849283,0.14801104,-0.4638414,0.8697802,-0.45563754,17.781837,0.99175274,-0.3678864,3.4964406,2.8346314,-0.5231682,-0.5911956,-0.5114299,-0.49879962,-0.6530713,-0.5253342,-0.57013047,-0.37160927,-0.57172215,-0.5633302,-0.57849115,-0.4885605,-0.5194651,-0.46789977,-0.5257769,-0.54964656,-0.45203376,1.2985349,-0.3470495,1.4165756,-0.64223224,0.45016718,0.5547767,-0.61408293,0.8025106,0.12727103,-0.39797616,0.8156662,-0.23462822,-0.0693098,0.8191653,-0.16755757,1.1343614,-0.47290024,0.6519202,0.73729146,7.125609,1.7625941,3.558543,-0.5412219,5.041416,1.4077866,-0.7543646,0.09238483,-1.32117,-0.21219642,-0.7219232,7.125609,-1.2915455,0.017403975,-2.3069844,-0.83465666,-1.3633586,7.125609,0.3218022,8.781121,0.5255371,1.0
PRF1,-0.33055896,0.16164307,-0.270532,-0.44828185,0.56260675,0.29325202,0.012311982,-0.12334365,0.30364484,-0.35979557,1.1793681,-0.2263163,1.0232905,0.97253007,0.24247645,-0.5667236,2.578571,1.2981474,0.7653047,0.6326372,0.95013386,1.4010676,0.9062183,1.1928039,1.2415794,0.106009476,2.2510223,0.26943377,0.22168162,0.6131744,1.0544989,1.1487433,1.8145032,0.19443095,-0.06030556,-0.33974227,-0.29959565,0.27958882,1.2998092,-0.22490221,-0.17961906,-0.2948645,0.6038863,-0.14669158,-0.029532444,1.1585805,-0.37033096,-0.36891815,-0.88155335,-0.503708,-1.53393,0.16985905,-0.5093113,-0.5673456,-0.18162872,-0.8300165,0.06983742,-0.056649685,-1.9706001,-0.8263777,-0.4811271,-2.477981,-1.9782029,-0.50931126,0.82348585,-0.82977754,1.0752783,0.46825337,0.7180623,-0.50931126,-0.47000965,-0.35756984,0.67863894,1.0
COL1A1,0.42200294,0.1618301,-0.270532,1.91581,0.1645111,0.31194744,0.49525383,-0.12334365,0.31577623,0.873505,1.1796124,0.9247605,-0.11388801,0.9674837,0.20667824,1.1414005,-0.42532578,1.0928692,-0.045276362,0.68355733,-0.50169265,0.1683756,1.2657722,0.7945621,0.20047086,0.34486943,0.09925698,0.15059274,0.6509366,-0.43009612,0.9569066,1.0284373,1.987374,1.8237705,1.1504196,0.21180117,2.653439,4.0776587,2.4431121,1.2863002,-0.24200386,1.3451753,0.6423146,-0.13313426,1.512898,1.0663457,1.0583918,-0.39880493,-0.88155335,-0.503708,-1.53393,0.73729146,0.48654786,1.7625941,0.5763423,-0.5779006,2.75938,2.4395483,-0.8518797,0.2618169,-1.5928861,-0.9050397,-0.69134235,0.4865479,0.21657625,0.3305689,-1.1261446,0.19480312,0.22769362,0.4865479,-0.47000965,0.8967603,0.39815536,1.0
AKT3,-0.33055896,1.1491841,-0.270532,-0.44828185,0.16495952,0.30479422,-0.47849283,0.14803034,1.0824513,2.0913386,0.35578796,-0.04094415,-0.11671006,-0.3678864,0.98797834,-0.5667236,-0.5455398,-0.14830618,-0.4642168,-0.52938086,2.3745708,-0.3457084,-0.24770243,-0.43316677,-0.60139716,1.2887539,0.50183564,-0.5043013,0.561528,-0.49417827,-0.43472335,-0.5117109,-0.57619107,0.9249102,0.8134782,-0.3966152,-0.6249778,0.4071233,0.9685367,-0.73400766,1.2630414,-0.12198598,-0.23023315,2.8395724,0.11308052,0.3673898,1.5477843,-0.25949943,1.1343614,-0.47290024,0.6519202,0.6742434,3.4504144,1.7625941,1.582394,-0.5833833,-0.2561677,0.8419816,-0.92259884,0.043663077,-1.1015288,-0.5229953,-0.87381107,3.4504142,-0.59884983,0.0049733757,-1.3876163,-0.5129504,-0.6119305,3.4504142,-0.074103735,4.390966,0.8564001,1.0
EIF3E,-0.33055896,-0.5097135,-0.270532,-0.44828185,0.18250184,-0.4742777,0.012449965,0.14816816,0.31711984,0.88274145,0.36425227,-0.610674,-0.11293061,-0.3678864,0.24398632,-0.5667236,-0.53427744,-0.1776273,-0.5274998,-0.4189831,-0.64273405,-0.442803,-0.50541174,-0.2967528,-0.49570853,-0.5414348,-0.50570863,-0.5100353,-0.4511942,-0.53324,-0.5409658,-0.360805,-0.2849185,-0.23936273,0.027876195,-0.6495117,-0.67226624,-0.6334948,-0.42907616,-0.50699866,-0.3420216,-0.7620228,-0.19968984,-0.17272353,0.14923018,-0.54862964,0.06724304,-0.58912575,-0.88155335,1.345471,0.6519202,0.73729146,-0.48560035,-0.5673456,-0.18063216,-0.8300165,0.06983742,-0.6224546,-1.1060637,1.6937313,-1.1543343,-0.55549717,-0.35842854,-0.48560032,0.7732946,-0.5956514,0.9445424,0.49238133,0.76392406,-0.48560032,-0.47000965,-0.35756984,0.9291519,1.0
FAS,0.42232504,-0.17514315,-0.270532,-0.44828185,0.18314248,0.30747488,-0.47849283,-0.12334365,-0.4638414,-0.35979557,0.3631822,-0.41715154,0.44434753,-0.3678864,-0.5948769,-0.5667236,-0.48129538,-0.21245745,-0.5415466,-0.25934902,-0.650762,-0.49166873,-0.5819267,-0.23030566,-0.5950076,-0.5489706,-0.32214358,-0.5019982,-0.43292862,-0.16015902,-0.54172015,-0.55285555,0.51068544,0.2728562,0.9841136,0.9045758,-0.5487306,-0.40680283,0.20781824,0.7966467,-0.016447676,-0.19545455,0.09770985,0.14954104,0.7023467,0.33553404,-0.70263964,0.57884467,-0.88155335,-0.503708,-1.53393,0.6111953,0.107172936,1.7625941,-0.13530594,0.38983315,0.72184783,-0.2896282,-0.26196527,0.85812235,-1.2242199,0.60336983,-0.32438424,0.10717295,0.33649832,0.23911622,-0.008564048,0.5647652,0.45700267,0.10717295,-0.024615495,0.1501352,0.4169964,1.0
FANCC,-0.33055896,-0.17439237,-0.270532,-0.44828185,0.1627915,-0.4742777,-0.47849283,-0.12334365,-0.4638414,-0.35979557,-0.45563754,-0.610674,-0.115099326,-0.3678864,0.21019293,-0.5667236,-0.44813687,-0.48582664,-0.28920406,-0.20824936,-0.44666016,-0.364635,-0.4827979,-0.44318455,-0.15737538,-0.62224805,-0.24276336,-0.40832695,-0.44025773,-0.13312389,-0.5427019,-0.16800255,-0.63576454,-0.61841,-0.5920529,-0.601765,0.18827036,0.18828353,-0.40993065,-0.52148294,-0.10134962,-0.08807153,0.32153994,-0.12508117,-0.6172562,-0.6291461,0.26352683,-0.3594698,-0.88155335,-0.16673708,0.6519202,0.6111953,0.03604013,-0.5673456,-0.17109932,0.37839177,0.8848504,0.5424379,0.25054592,1.1520255,-0.47747073,1.4062214,0.21974425,0.036040153,0.12916724,2.143555,-1.3496608,0.57280785,0.61575514,0.036040153,0.17333746,-0.05891983,-0.06553385,1.0
BRCA2,4.1688085,1.4502519,1.1439223,1.9085586,1.3480198,1.8439329,2.3273444,0.6899757,1.0595834,-0.35979557,2.8059554,2.7317572,0.6991607,0.96883786,4.158174,3.6803417,-0.5978304,-0.56615263,-0.5325937,-0.49791962,-0.650101,-0.51952386,-0.5421456,-0.4043155,-0.53317195,-0.586278,-0.5606509,-0.48870897,-0.5259144,-0.57105863,-0.5638446,-0.51723987,1.0115261,0.48980924,1.6335624,-0.5390574,1.6683924,0.7407163,0.0016872195,0.28035718,1.2537075,1.6005417,0.8144482,1.4457046,1.2161738,0.27908525,1.8243116,-0.014653845,-0.88155335,-0.10546964,0.6519202,-1.5324384,-0.082514495,-0.5673456,-0.17861086,0.24114881,0.5588452,-0.42275876,0.20507891,0.9547284,-0.38976339,1.6488549,0.4554856,-0.08251451,0.76325643,-0.68546224,0.8433276,0.6371491,0.6616169,-0.08251451,0.12384922,-0.17837983,0.31967276,1.0
TNF,-0.33055896,-0.5097135,-0.270532,0.34138587,-0.6200142,-0.4742777,0.013520037,-0.12334365,0.31673032,-0.35979557,-0.45563754,-0.4173548,-0.11384826,0.9797203,-0.5948769,1.1459199,0.84969914,1.6920072,0.70667946,0.42056096,-0.32451737,0.9128551,1.7835519,0.7778823,1.3706454,0.4379469,2.9791715,1.8460815,0.44063157,2.1564553,1.4101818,2.8327103,-0.6836966,-0.6921868,-0.18248774,0.60389966,-0.640218,-0.24633124,0.48552495,0.74558616,-0.696627,1.0986739,0.4270384,0.5827612,-0.14980672,0.45993304,0.7587356,-0.32884425,-0.88155335,-0.503708,-1.53393,-1.7846305,3.165883,1.7625941,2.4657357,-0.62928504,0.8848504,-0.48932403,-1.3324021,0.026205039,-1.2083956,-0.26477343,-1.3488764,3.165883,-0.53604656,0.16714117,-0.8267174,0.20284577,-0.47081718,3.165883,-0.2720567,4.1520457,-0.038733058,1.0
FBXW7,-0.33055896,0.8120564,6.6710877,0.33746648,2.0034542,4.18564,0.9714574,1.4678068,7.1413646,3.28911,1.9771338,4.6387444,8.173272,2.2774785,8.421829,1.1280694,-0.46139345,-0.53499985,-0.47604758,-0.54556537,-0.518987,-0.5663396,-0.5577576,-0.38729882,-0.5674534,-0.5674819,-0.5772856,-0.52964294,-0.4929855,-0.37801534,-0.54718256,-0.52022773,-0.35268998,0.50771505,-0.6931019,-0.31491655,-0.51911837,0.029891139,-0.73293,-0.4018526,-0.4342717,-0.3896082,-0.6122683,-0.47064018,-0.80796385,-0.69568527,-0.78441,-0.48529637,-0.88155335,0.36069575,0.6519202,0.73729146,2.881352,1.7625941,-0.03354278,0.6229245,0.06983742,1.0083948,0.4323334,1.1782861,-1.0012785,2.0649004,1.1074404,2.881352,0.43552074,1.342043,-0.46403086,1.618353,1.0038167,2.881352,3.785979,1.3447353,-0.8864397,1.0
PDGFRB,-0.33055896,1.4955245,1.145159,0.32968268,0.17783292,0.8359779,0.50426924,0.1481835,-0.4638414,-0.35979557,0.35367692,0.72781515,0.7317388,-0.3678864,-0.5948769,1.1437219,-0.28473103,3.5794837,-0.06872559,4.90531,0.47752213,-0.104341194,0.5330723,1.9864239,-0.11705153,1.0267577,-0.41562843,1.7330642,-0.2343583,-0.033714727,1.1638726,1.029723,0.2359309,-0.2047804,0.11095546,-0.7863437,1.4467361,1.8504839,-0.24832721,-0.32791364,0.37733456,0.22482218,0.87832904,1.63335,0.3695499,0.027380645,1.082314,1.4563146,1.1343614,-0.503708,-1.53393,0.6742434,3.7349453,1.7625941,0.61042035,-0.50088716,0.96635175,-0.48932403,-0.5529048,-0.017576315,-0.9704589,-0.09593158,-0.5522435,3.7349453,-0.5381754,-0.12218942,-1.1851866,-0.33601207,-0.59076345,3.7349453,-0.074103735,4.749346,0.5200327,1.0
CASP9,0.42202842,0.46241185,-0.270532,-0.44828185,-0.6200142,-0.4742777,-0.013874098,-0.12334365,1.0921197,-0.35979557,0.35878772,-0.23097704,-0.11375042,-0.3678864,-0.5948769,1.9962486,-0.58516663,-0.5800157,-0.4676332,-0.4771609,-0.50322044,-0.4991993,-0.589186,-0.4093899,-0.6136513,-0.44959626,-0.45208067,-0.5056556,-0.48425218,-0.4296702,-0.5283039,-0.39301214,-0.12675335,-0.61958075,-0.4095245,-0.770546,-0.30970198,-0.12025401,-0.6368462,-0.34918246,-0.5056227,-0.52181256,-0.6090014,-0.68125415,-0.33106712,-0.5432171,-0.601043,-0.3373606,1.1343614,-0.3432888,0.6519202,0.73729146,0.059751067,-0.5673456,0.18464382,-0.0178878,0.23284006,-0.58917195,-0.7970938,0.95011055,-0.6404652,0.2644006,-1.0738336,0.059751082,0.32274163,0.71272415,-0.41342342,0.5486799,0.55578196,0.059751082,-0.024615495,0.09040519,0.4039537,1.0
CDKN2A,-0.33055896,-0.5097135,-0.270532,0.32395378,-0.6200142,13.37826,2.9202955,-0.12334365,0.31245613,4.5931287,1.9948928,-0.610674,-0.11477564,0.9709209,1.0782422,-0.5667236,0.7444771,0.91511494,-0.025377307,0.5913312,0.50727904,3.252775,-0.34893405,4.968494,1.4418538,1.5525061,2.1520133,0.4051368,0.31649822,1.5137979,2.710804,2.9061575,3.6573806,0.8307416,0.5449747,1.8812121,0.51841974,1.6967748,1.411753,2.5756278,2.70489,1.2090011,4.5670953,3.0375233,0.9902014,2.7430072,4.2365384,2.538563,-0.88155335,-0.42512584,0.6519202,-0.71281374,0.5576806,1.7625941,0.2086218,-0.4093475,0.15133874,-0.2896282,-1.1794165,-0.021196947,-0.7090339,-1.0317357,-1.0596987,0.55768067,-0.3078638,1.5386901,-1.5057003,0.17067516,0.06541332,0.55768067,-0.47000965,0.98635525,0.8245468,1.0
KL,1.1761643,-0.17393848,2.5500653,0.3415782,0.5795296,-0.21156712,-0.47849283,-0.12334365,1.0947604,-0.35979557,-0.45563754,0.54080707,-0.119873144,0.97782284,0.24283066,0.2873059,-0.23760107,1.7190981,-0.09212939,1.4774022,0.7907722,0.58386403,1.1547285,0.42554957,-0.40479517,1.3089696,1.1682016,0.17755918,1.2802727,-0.01493443,-0.04539769,-0.33852085,0.4262242,2.7582252,1.615925,0.28317398,1.0436655,0.7374921,3.2676868,1.2553923,1.6122415,4.0086303,-0.7578322,2.4676023,1.6144949,3.1230865,1.546595,1.0190233,1.1343614,-0.42512584,0.6519202,-0.20842928,0.15459481,1.7625941,-0.09952127,-0.09897698,-0.5006716,-0.68901986,-0.59574157,0.46570218,-0.8065349,-0.5055625,-0.42193687,0.15459481,-0.3591576,2.0124128,-1.471962,0.22697373,0.058357656,0.15459481,-0.42052144,0.44878525,0.9181907,1.0
HNRNPA2B1,-0.33055896,0.15163478,-0.270532,-0.44828185,-0.22483063,0.043520298,0.0068852105,-0.12334365,1.8399404,0.878515,1.1758882,-0.03985661,0.16827248,-0.3678864,-0.5948769,1.141508,-0.5674352,-0.47408023,-0.47804385,-0.54322547,-0.5493374,-0.5614292,-0.44792253,-0.33770856,-0.52154964,-0.5808703,-0.5867989,-0.5199389,-0.52487844,-0.52671057,-0.5292676,-0.5174256,-0.46281517,-0.2957554,-0.32998464,-0.19408742,0.06918626,-0.41360492,-0.47663668,-0.3952664,-0.3950133,-0.039137777,-0.34880373,-0.5079435,-0.27201,-0.46779236,-0.47249874,-0.51209915,1.1343614,1.7289498,0.6519202,0.73729146,-0.5330222,-0.5673456,-0.18233685,-0.8300165,0.39584264,1.1082429,0.34622392,-1.1305814,0.9536898,-0.4770284,0.23363212,-0.53302217,0.46981338,-0.96746016,0.8981523,-0.0062632365,0.36175123,-0.53302217,-0.42052144,-0.41729987,-2.6056104,1.0
SUZ12,0.42050633,-0.5097135,-0.270532,-0.44828185,-0.6200142,-0.4742777,-0.47849283,0.14015985,-0.4638414,-0.35979557,-0.45563754,-0.42088717,-0.3977495,0.9667506,0.2425072,0.2885646,-0.5458901,-0.54421055,-0.54850554,-0.48356923,-0.6354663,-0.5067961,-0.49563554,-0.37369648,-0.53581953,-0.61551964,-0.54623765,-0.49055004,-0.4987356,-0.5066914,-0.5852094,-0.4539342,-0.37383914,-0.6866717,-0.48254445,-0.5808656,0.23095715,-0.34371778,-0.4330952,-0.4714888,-0.57329977,-0.27659842,-0.16652332,-0.590801,-0.25392422,-0.41728035,-0.43591276,-0.44727984,-0.88155335,2.5737393,0.6519202,0.73729146,-0.058803562,-0.5673456,-0.1798401,0.47227818,2.0258684,1.0083948,0.010843431,0.32011652,-0.37702444,0.20303401,0.031405628,-0.058803573,0.60754716,-0.45547175,0.4932929,0.42804012,0.55930984,-0.058803573,0.024872743,-0.088784836,0.18502478,1.0
SKP2,-0.33055896,0.1605555,-0.270532,-0.44828185,-0.6200142,0.30692625,-0.47849283,-0.12334365,0.31142458,-0.35979557,0.36385462,0.34366924,-0.12708282,-0.3678864,-0.5948769,0.28788143,-0.57599294,-0.4867826,-0.48070756,-0.45672175,-0.55366117,-0.4411683,-0.52271205,-0.36388516,-0.5299079,-0.59124446,-0.5361182,-0.483692,-0.48799416,-0.5803093,-0.5679894,-0.482601,-0.26202607,-0.6278308,0.14230958,-0.37309003,0.63063794,0.17975673,-0.153248,-0.28484368,0.81789935,1.0773685,-0.033086788,0.20656691,0.2654789,1.1447377,0.13560961,-0.4686729,-0.88155335,0.1231323,0.6519202,0.6742434,3.189594,1.7625941,0.2822444,0.504244,1.6183621,-0.48932403,0.21365431,1.0568663,-1.4422218,1.7945919,0.8181818,3.189594,0.35948738,1.1625758,-0.392337,1.5540117,0.8415364,3.189594,3.785979,1.7329804,-0.7971909,1.0
NCOA2,0.42202994,0.15951358,-0.270532,0.34088373,0.9560117,-0.21176584,0.012576847,-0.12334365,0.31444255,2.1103475,0.36152828,-0.03709022,0.7275364,2.280496,-0.5948769,1.994867,-0.29370064,-0.41761357,-0.47687107,-0.26686195,-0.56670326,-0.36858004,-0.49226958,-0.46844983,-0.5748572,-0.5060802,-0.5660336,-0.39389122,-0.4753455,-0.3904683,-0.5251274,-0.35060805,-0.056951113,-0.5544713,-0.46027565,-0.41608092,-0.69328225,-0.22213785,-0.7911693,-0.59482723,-0.25954804,-0.71507704,-0.15812042,-0.7569341,-0.37384364,-0.54162943,-0.7706486,-0.053621396,1.1343614,0.363839,0.6519202,0.73729146,1.3875632,1.7625941,0.6797604,-0.5599875,0.5588452,-0.2896282,-0.9732511,1.1271329,-1.3275901,-0.57942057,-0.6118973,1.3875632,0.25321993,-0.19749403,-0.31642586,0.20284577,0.24886061,1.3875632,-0.47000965,2.0316305,0.24723777,1.0
POT1,0.42149115,-0.5097135,-0.270532,0.34070525,0.57364684,0.5724073,1.962106,-0.12334365,1.0643742,0.87745136,0.3636152,0.5281232,-0.11977442,2.3153994,1.0470268,1.1423563,-0.2186666,-0.5518763,-0.48697424,-0.3364384,-0.19598044,-0.44542235,-0.5304129,-0.056345027,-0.59895855,-0.43830946,-0.39283994,-0.52158487,-0.46660885,-0.5060773,-0.54519004,-0.2907374,-0.5642181,-0.7988403,-0.3727725,-0.6958044,-0.44296482,0.07038571,-0.6376846,-0.10941513,-0.79503953,-0.5329802,-0.41361475,-0.33375287,-0.20060594,-0.5344907,-0.72621834,-0.43036795,-0.88155335,0.41530368,0.6519202,0.6111953,0.059751067,-0.5673456,-0.119903564,0.25608328,0.31434134,0.009915628,-1.094332,0.1973988,-0.6135077,0.44799724,-1.0963957,0.059751082,0.4865138,-0.49288768,0.7674164,0.48433867,0.36175123,0.059751082,-0.42052144,0.32932523,-0.2814632,1.0
SRC,1.1734216,-0.17899951,1.1231891,-0.44828185,0.17864914,-0.4742777,-0.47849283,0.14782055,1.077597,-0.35979557,1.1786113,-0.23217896,-0.3977495,-0.3678864,1.0410514,-0.5667236,0.45949107,-0.37908307,-0.43285906,-0.5360131,-0.58157676,-0.5161773,-0.3387773,-0.27652544,-0.21946171,-0.4216043,-0.17717093,-0.36340705,-0.20732191,-0.15810058,-0.54453945,-0.3539535,-0.5365786,-0.25918138,-0.2702287,-0.81709546,0.29010648,-0.20755848,-0.40671042,0.045858696,-0.31689286,-0.64090955,0.97150224,-0.8017525,-0.68313235,-0.603578,-0.81413394,-0.28268242,1.1343614,-0.4359309,0.6519202,0.6742434,6.437991,1.7625941,6.4712534,-0.54072356,4.226403,-0.5558893,-0.91146183,0.38520372,-1.1671834,-0.20734756,-0.7370258,6.437992,-1.1173029,-0.13446288,-2.108772,-0.4325239,-1.1904949,6.437992,0.024872743,8.094226,0.70416015,1.0
XPC,1.930854,0.49647743,1.1391752,0.3413543,0.17562626,-0.4742777,-0.47849283,-0.12334365,-0.4638414,-0.35979557,-0.45563754,-0.22786653,-0.3977495,-0.3678864,-0.5948769,-0.5667236,-0.4775923,-0.53525907,-0.51146644,-0.54604965,-0.5985872,-0.57184887,-0.56200594,-0.42021152,-0.5830227,-0.49220422,-0.5782872,-0.4853539,-0.50230056,-0.47609746,-0.52779263,-0.4862113,-0.3758291,-0.18044485,-0.5517287,-0.09381663,-0.6695252,-0.14161165,-0.019272849,-0.6060667,-0.46499577,-0.32037833,-0.68641275,-0.10049633,-0.6520635,0.19176106,-0.05827633,-0.51356816,-0.88155335,-0.503708,-1.53393,0.73729146,-0.058803562,-0.5673456,-0.090711355,-0.5877291,0.15133874,0.27617672,-0.76407206,1.3307422,-1.1230915,-0.38112217,0.1847595,-0.058803573,-0.1364823,2.4349453,-1.4593102,0.29935762,0.58753246,-0.058803573,0.07436098,-0.11864983,0.20888121,1.0
CBL,-0.33055896,-0.17426243,-0.270532,-0.44828185,-0.23979762,-0.21335568,0.0034568973,-0.12334365,-0.4638414,2.0809116,0.35971862,0.3181979,0.16535164,-0.3678864,-0.5948769,0.28191307,-0.5593463,-0.5698949,-0.51375437,-0.52655417,-0.6462709,-0.5414181,-0.5990133,-0.45127875,-0.6019296,-0.58768976,-0.54589856,-0.53881854,-0.50897723,-0.5125934,-0.5637797,-0.51201266,-0.44497073,0.005361563,-0.4859485,-0.23213395,-0.23233265,-0.27252275,-0.1746665,-0.20498614,-0.09008735,-0.64938104,-0.3074445,-0.23296987,-0.7631725,-0.50142056,-0.50050074,-0.6369675,1.1343614,-0.44244057,0.6519202,0.6111953,1.6483835,1.7625941,0.58042294,-0.2568989,6.0194316,0.17632882,-0.48841193,0.32232666,-1.3199348,-0.31066254,-0.2863274,1.6483835,-0.0071719573,-0.11572238,-0.32486042,-0.07864712,-0.026310315,1.6483835,-0.024615495,2.0913606,0.8477982,1.0
WAS,-0.33055896,0.8338838,-0.270532,-0.44828185,-0.6200142,0.04588522,-0.47849283,-0.12334365,1.0894123,-0.35979557,-0.45563754,0.5531849,-0.3977495,-0.3678864,-0.5948769,-0.5667236,2.7181606,1.4036106,0.88058144,0.2898729,-0.15061447,2.231076,1.4655191,-0.1000488,1.0220944,0.15337192,1.1317564,1.1787895,0.8767652,1.0789037,1.0708603,1.4519982,1.3511575,-0.5187389,0.37579438,-0.54429114,-0.30686632,-0.3656038,0.39925802,-0.13875791,-0.14288457,-0.4680017,-0.46749476,-0.480246,0.678962,0.76789606,-0.23934047,0.42089403,1.1343614,-0.503708,-1.53393,0.6111953,-0.011381694,-0.5673456,-0.1596217,-0.1387074,0.64034647,-0.056649685,-0.855081,0.4400676,-0.65202373,-0.77260435,-0.51346934,-0.011381709,0.46098295,-0.07984763,0.12217179,0.3074003,0.43936354,-0.011381709,-0.47000965,0.2695952,0.13245255,1.0
STAT5B,0.4224788,-0.1742183,-0.270532,-0.44828185,0.5718482,0.04824672,-0.47849283,-0.12334365,-0.4638414,0.87533265,-0.45563754,-0.032019604,-0.11338145,-0.3678864,1.0793325,-0.5667236,-0.41439784,-0.23815799,-0.45094135,-0.4238108,-0.48572224,-0.485761,-0.58869463,0.22997136,-0.6193431,-0.33000514,-0.5592995,-0.40164778,-0.479323,-0.08123842,-0.3585456,-0.5112913,-0.5177386,0.6943121,-0.34179205,0.16143838,-0.73794866,-0.6158163,-0.043993644,-0.67071086,0.35683239,-0.56592035,-0.6931408,1.2498218,-0.8015706,0.019843517,0.77886003,-0.5315484,1.1343614,-0.0051177745,0.6519202,0.73729146,1.9566257,1.7625941,0.6608775,-0.5728718,1.3738582,-0.02336703,-0.8112268,0.196242,-1.2944766,-0.40004024,-0.7704221,1.9566257,-0.1468175,-0.17231363,-0.16460359,-0.27971348,-0.14978445,1.9566257,0.024872743,2.4497404,0.6227884,1.0
ANK1,0.41275474,1.4462194,2.4290686,1.8575029,1.6562662,0.04777183,2.337364,0.96076113,0.3150963,0.8656642,1.975888,1.0099543,1.5265259,-0.3678864,-0.5948769,3.6630032,1.6882815,3.2281833,3.9856665,0.7494293,2.2104225,2.8532462,4.362632,0.0819691,1.0320436,2.5556571,2.2696557,1.5568675,4.727441,0.005200072,1.9194027,0.42937604,0.51673156,0.52152586,0.24463661,-0.6033822,-0.68772525,0.59742457,-0.6821018,0.35647476,0.42117476,0.45581737,-0.15924987,-0.17021418,-0.26057935,-0.36931336,-0.14006926,0.6270636,1.1343614,-0.503708,-1.53393,-1.0280541,-0.48560035,-0.5673456,-0.18233547,-0.8300165,-0.17466643,0.7421338,0.4108947,-1.1193593,0.9860947,-0.41094947,0.29754242,-0.48560032,0.6682434,-0.93992895,1.0078017,0.23501639,0.5663655,-0.48560032,-0.32154492,-0.41729987,-1.8587521,1.0
IGF1,0.42075327,-0.17667434,-0.270532,-0.44828185,-0.6200142,0.02043278,-0.47849283,-0.12334365,0.3114882,0.8657259,-0.45563754,-0.030579643,-0.11382043,-0.3678864,-0.5948769,-0.5667236,-0.59991425,-0.59486717,-0.56698436,-0.5535382,-0.66282326,-0.57277435,-0.60041165,-0.4826095,-0.6327475,-0.62440443,-0.58754885,-0.5427524,-0.53311604,-0.5980372,-0.5872617,-0.5531918,-0.6338093,2.4424005,1.5689639,0.40493354,0.33658245,0.7891324,-0.12480496,1.2594572,2.9242902,0.6805944,2.206017,1.9995949,1.9267207,0.02656784,2.515247,0.33487588,-0.88155335,-0.503708,-1.53393,0.29595506,1.1504539,1.7625941,1.0311993,-0.2427824,0.72184783,2.3729832,-0.58767676,0.4866346,-1.4789163,-0.30609062,-0.3358727,1.1504539,-0.11234554,0.39058062,-1.1177101,0.1787178,-0.09333913,1.1504539,-0.32154492,1.6433853,0.74485797,1.0
NCOA1,-0.33055896,0.82000905,0.9751974,0.33248565,0.47988838,0.20152205,-0.00043248842,-0.12334365,2.564811,0.84744436,-0.45563754,0.45713124,0.16232648,0.91824,1.0418583,1.9413918,0.12436531,-0.06642291,-0.38836232,-0.5137932,-0.50599146,0.38612953,-0.16025579,-0.07987596,-0.61608374,0.042990863,-0.19271027,-0.25520724,-0.045512084,-0.040611982,0.16975331,0.010270339,-0.14272,0.011017697,0.113607705,-0.6130827,-0.2093237,0.42685676,-0.0049876375,-0.1767921,-0.13581279,-0.14641875,-0.71773475,0.14912659,0.046642818,-0.31059477,-0.21832599,0.112276524,1.1343614,-0.47254613,0.6519202,0.73729146,1.2927195,1.7625941,0.5827581,-0.5091551,0.80334914,-0.25634554,-0.82051945,1.0790017,-1.1223913,-0.44986615,-0.42628053,1.2927196,0.27766836,-0.17355037,-0.19834188,0.25914437,0.29825026,1.2927196,0.86617285,1.1058153,0.32012275,1.0
HSP90AA1,2.6830235,0.1593809,-0.270532,0.34117344,0.57311165,0.3060798,0.01176638,0.14811152,-0.4638414,-0.35979557,0.36260802,-0.41986996,-0.3977495,-0.3678864,-0.5948769,-0.5667236,-0.5377365,-0.5680028,-0.5294911,-0.5092536,-0.65329677,-0.56638527,-0.59250456,-0.40601763,-0.5919298,-0.5928562,-0.5747158,-0.5124061,-0.43859053,-0.5050032,-0.5132579,-0.5097459,0.17007087,-0.63223875,-0.032306496,-0.5254188,0.51950073,-0.33806512,-0.5839416,-0.59042376,-0.70052737,0.21529983,-0.063313544,-0.1828717,-0.0725003,-0.44089693,-0.21930698,-0.5716335,1.1343614,-0.025281336,0.6519202,0.73729146,1.458696,1.7625941,3.4035983,-0.56991386,7.893962,2.5061135,-1.9436724,0.23359832,-1.7502131,-0.7601313,-1.9051086,1.4586961,-0.104549095,0.7660519,-2.0834684,0.17067516,0.10774731,1.4586961,-0.47000965,2.1212256,-0.50081545,1.0
PIK3CA,-0.33055896,62.722107,6.7592263,5.854121,13.670501,13.534536,1.4795365,0.96176666,15.742572,8.257354,3.5998666,25.616846,15.410842,8.937503,29.109894,1.1369424,-0.41995534,-0.48984653,-0.44264016,-0.43244243,-0.2839524,-0.44134977,-0.49369213,-0.40475056,-0.48333603,-0.47053757,-0.5101969,-0.51654494,-0.49438354,-0.35761982,-0.52238804,-0.5242748,-0.53825617,0.13615406,-0.50043505,-0.0900755,-0.23874779,-0.060642093,-0.32460096,-0.607016,-0.102224626,-0.5840283,-0.7381759,-0.52861893,-0.5824889,-0.36360928,-0.8186065,-0.3257835,1.1343614,0.020024192,0.6519202,0.6742434,7.41014,1.7625941,3.9048212,-0.54597294,3.1668866,-0.35619348,-0.72501713,0.1437338,-1.3263869,0.058448054,-0.6557168,7.41014,-1.3697712,-0.0041340794,-2.3196363,-0.30384144,-1.4621379,7.41014,0.5197551,9.020041,0.68705624,1.0
EGFR,0.41085374,0.489919,-0.270532,1.1260799,0.42066216,1.8386258,5.318356,-0.12334365,-0.4638414,-0.35979557,1.1558121,1.4049329,-0.11892727,-0.3678864,2.6027002,0.28269336,-0.015564806,1.6548337,0.5977312,0.8915686,0.14085461,0.18173113,-0.11852521,-0.08540488,-0.07672828,0.671331,-0.23349169,-0.39796954,0.58046144,0.4889866,-0.21321152,0.027038097,0.60538936,2.7732096,-0.07163677,0.5438559,-0.69839257,-0.19490199,-0.6165769,-0.49730515,-0.51202124,-0.79426926,-0.18025862,0.16237554,0.10124741,-0.29009527,-0.014773395,-0.41687167,1.1343614,-0.2544129,0.6519202,0.6111953,6.0823274,1.7625941,5.9386067,-0.5880547,6.915946,0.40930727,-1.1458411,0.80427915,-1.7197144,-0.16088995,-0.98678863,6.082328,-1.1102321,-0.22135991,-1.3496608,-0.12690306,-1.2187176,6.082328,-0.22256845,7.795576,-0.1632751,1.0
HRAS,-0.33055896,0.16111606,-0.270532,2.7100523,-0.22389214,7.107818,-0.47849283,4.4908423,7.338163,-0.35979557,-0.45563754,-0.610674,0.17145121,-0.3678864,-0.5948769,-0.5667236,-0.52882665,-0.15643428,-0.5137613,-0.49834958,-0.4153458,-0.2630334,0.032996397,0.2661861,-0.11438246,-0.41548276,-0.37011936,0.1355325,-0.32874018,-0.16155845,-0.02012298,-0.5092232,-0.35704133,-0.3362333,-0.58822376,-0.42299834,-0.5703521,-0.646992,-0.7850254,-0.1745077,-0.16903913,0.1843579,0.26815593,-0.34121183,-0.63902444,-0.028680537,-0.035198238,-0.40179887,1.1343614,-0.503708,-1.53393,0.73729146,7.339007,1.7625941,6.2155457,-0.5367973,2.5963776,-0.12321496,-0.90686965,0.3341365,-1.574069,1.6516775,-0.8336364,7.3390074,-1.3348805,0.36139214,-2.2184215,2.4950023,-1.4444988,7.3390074,0.37129042,9.020041,0.48034146,1.0
FLT4,0.41884434,-0.17432863,-0.270532,1.12937,1.3088793,0.56702334,1.427422,0.14777242,1.0151715,-0.35979557,0.36045787,-0.24381918,0.692499,3.6072245,0.1445503,1.1300135,2.343471,2.6817951,3.4688466,2.4996507,2.1476326,3.0595195,3.0631666,0.102706365,2.44988,3.1533384,2.0763798,2.129608,3.5863657,1.7227205,3.4452674,1.4548857,0.25162897,0.75087124,-0.13190426,-0.26761997,-0.039949507,-0.035910882,1.21919,-0.055038746,-0.011269527,-0.2789462,-0.7507392,2.3773592,-0.1425782,1.4178487,1.4313617,1.7960198,1.1343614,-0.503708,-1.53393,0.4850993,1.3638524,1.7625941,-0.06412554,-0.48649558,-0.33766904,-0.7555852,-0.15403675,0.38875777,-0.9112883,-0.048897963,-0.00400635,1.3638524,-0.068930805,-0.0037672305,-0.1941246,-0.19928695,-0.0121989865,1.3638524,1.0146376,1.1058153,0.6458476,1.0
PLAUR,-0.33055896,-0.17397568,-0.270532,-0.44828185,0.17758608,-0.4742777,0.00980488,0.14772166,-0.4638414,0.88018024,-0.45563754,-0.42054844,-0.3977495,-0.3678864,0.21276021,-0.5667236,-0.04192764,-0.5668536,-0.2504854,0.78873074,0.098293476,0.42437539,0.71836066,1.3065747,0.8362441,0.040420756,-0.23432899,-0.02541371,-0.21563503,-0.43669125,-0.5369132,-0.18684343,0.518782,1.0648419,-0.002014389,-0.3949677,0.5877077,1.4861809,-0.774944,2.0765824,-0.0667895,0.96688575,0.04774778,0.2687979,-0.26251456,-0.26031533,0.44888076,0.51818275,-0.88155335,-0.503708,-1.53393,0.6742434,-0.011381694,-0.5673456,2.9366817,-0.6163391,-0.09316515,-0.6224546,-1.5092248,1.9907888,-2.1307635,-0.31667924,-1.9267694,-0.011381709,0.35319123,0.9973118,-0.46403086,0.5165093,0.6651448,-0.011381709,-0.024615495,0.000810178,-0.111426815,1.0
VEGFC,-0.33055896,-0.5097135,-0.270532,-0.44828185,0.5841128,-0.21737918,0.5052177,-0.12334365,-0.4638414,0.88347924,1.1856755,-0.22296962,-0.3977495,-0.3678864,1.0845914,-0.5667236,-0.029554,0.11378382,4.561179,0.49788812,2.1580427,-0.2679014,1.1458055,-0.2013304,-0.54635084,2.467493,0.5876015,-0.026579013,4.513032,-0.07431628,1.6964148,0.5893465,0.16451684,0.34387106,-0.33076757,-0.38849238,-0.63652414,0.79969215,0.6847434,-0.32297665,0.0011001972,-0.48895773,-0.52535063,0.95483685,-0.30578083,0.42696917,1.092118,0.10981462,1.1343614,-0.503708,-1.53393,0.4850993,0.7473681,1.7625941,-0.09626934,-0.2625378,-0.17466643,0.17632882,-0.23525883,0.014117658,-1.1356332,-0.39112893,-0.17934845,0.74736816,-0.23205623,0.3581715,-1.0839717,-0.046476506,-0.16036794,0.74736816,0.024872743,0.9266253,0.7809266,1.0
DDB2,-0.33055896,0.15918227,-0.270532,-0.44828185,-0.22408523,0.5733002,-0.47849283,-0.12334365,-0.4638414,-0.35979557,1.1843904,-0.41809323,-0.11349395,-0.3678864,0.24255595,-0.5667236,-0.50171345,-0.5826373,-0.39717418,-0.5250972,-0.47188777,-0.47161016,-0.44734794,0.17608252,-0.3474967,-0.47569644,-0.4436373,-0.35608712,-0.47228417,-0.55953026,-0.5788548,-0.32485464,1.358163,-0.11770404,-0.42322913,0.729373,-0.7076283,-0.66761196,-0.45959404,1.3672184,-0.8028331,-0.03079882,-0.4660297,-0.14846943,-0.70806754,-0.6853306,-0.42234305,1.3870761,-0.88155335,-0.503708,-1.53393,0.73729146,0.13088387,1.7625941,-0.04871763,0.27437532,1.047853,-0.72230256,-0.28598788,1.6817193,-1.0913875,0.45838898,-0.7094743,0.13088387,-0.085629955,2.0925593,-1.4930484,0.4119548,0.051301993,0.13088387,0.17333746,0.060540184,0.60237676,1.0
E2F1,-0.33055896,0.16188039,-0.270532,-0.44828185,-0.21718302,-0.4742777,-0.47849283,-0.12334365,-0.4638414,-0.35979557,0.36575106,0.7443912,-0.3977495,-0.3678864,-0.5948769,-0.5667236,-0.56799906,-0.5897807,-0.4506415,-0.55102503,-0.6324243,-0.56050265,-0.56487167,-0.43207774,-0.5705909,-0.6154459,-0.5644382,-0.49443793,-0.53176874,-0.56178695,-0.5714411,-0.5463071,1.3607616,1.7324811,0.615097,0.18840021,1.6211998,1.1818386,0.39760166,2.435874,1.9917388,0.99467635,4.5021152,2.2663825,0.8530593,0.5954647,2.0716884,1.3516469,1.1343614,-0.28927198,0.6519202,0.29595506,0.51025873,1.7625941,-0.009262573,-0.31607354,3.4113905,1.1415255,-0.82329065,0.9949782,-0.9625199,1.0554063,-0.94114935,0.5102588,0.47417104,-0.22258689,0.29508048,0.6451917,0.45347485,0.5102588,-0.024615495,0.65784025,0.79387796,1.0
PMS2,1.1697879,0.15506609,1.0844206,-0.44828185,0.5207407,0.2982965,-0.00865236,-0.12334365,-0.4638414,-0.35979557,-0.45563754,0.5072243,0.16110043,0.9641657,-0.5948769,-0.5667236,-0.4982081,-0.5302878,-0.5065047,-0.44052908,-0.45584095,-0.50499654,-0.5145,-0.38533542,-0.5504695,-0.57519203,-0.5201619,-0.50042784,-0.50790113,-0.29503664,-0.5864633,-0.4165654,-0.43052024,-0.70687467,-0.27087158,-0.77972054,-0.22048052,-0.44988272,-0.22480398,-0.07452761,-0.8215098,-0.2093658,0.15458004,-0.59578574,-0.3821328,-0.22370319,-0.65181094,-0.5715447,-0.88155335,-0.46656987,0.6519202,0.6742434,-0.43817848,-0.5673456,-0.18007891,-0.8300165,0.80334914,-0.7555852,-0.5435663,-0.2866108,0.05445387,-0.55549717,-0.6597379,-0.43817845,0.65750486,-0.59016263,0.90236956,0.48433867,0.5099202,-0.43817845,-0.42052144,-0.29783985,1.1265599,1.0
BCL2L1,-0.33055896,-0.17379756,1.1226319,-0.44828185,-0.2205105,-0.21198897,-0.47849283,-0.12334365,0.3143018,-0.35979557,-0.45563754,-0.610674,-0.3977495,-0.3678864,-0.5948769,-0.5667236,-0.52419317,-0.59102595,-0.5125037,-0.5447031,-0.6526637,-0.5630412,-0.5666936,-0.3364438,-0.5677608,-0.59170324,-0.5788971,-0.5003227,-0.51011246,-0.47878796,-0.5746918,-0.53589606,-0.6674439,-0.44788122,0.21266007,-0.77372223,-0.16705567,-0.6389269,-0.606852,0.36850002,-0.2692607,-0.72191554,-0.43809998,-0.3806374,-0.039842002,-0.32343483,-0.5364074,-0.2688627,1.1343614,0.9525317,0.6519202,0.73729146,0.65252435,1.7625941,0.6664857,-0.51824963,-0.2561677,4.1702456,-1.3261251,0.5054853,-1.6510354,-0.42029655,-1.2883155,0.6525244,-0.104329385,1.391212,-2.0286436,0.21088842,0.33352858,0.6525244,-0.32154492,1.0162202,0.8884789,1.0
CDK6,-0.33055896,-0.5097135,-0.270532,-0.44828185,-0.6200142,-0.4742777,-0.47849283,-0.12334365,0.30819666,2.1007771,-0.45563754,-0.043825004,-0.3977495,-0.3678864,-0.5948769,-0.5667236,-0.37627515,1.1076208,-0.48555934,0.15139951,0.28028172,-0.48561415,0.28226358,-0.45824695,-0.22301042,-0.2609377,-0.29466236,-0.31063884,-0.34856674,-0.29221672,0.08771247,-0.3384662,-0.2887006,0.5217143,-0.22493483,-0.81774956,0.6311029,0.6507715,-0.047872543,0.0003471378,0.019732667,-0.57714504,-0.5343512,-0.092823565,-0.14851409,-0.20416325,-0.23755604,-0.6141045,-0.88155335,0.24417734,0.6519202,0.6742434,-0.082514495,-0.5673456,-0.16574793,0.0068314006,0.5588452,5.2685733,-0.6588716,0.5738436,-0.74276316,0.08116966,-0.889278,-0.08251451,0.49152395,-0.34701514,0.6366806,0.3958695,0.39702955,-0.08251451,-0.22256845,0.03067518,0.61198324,1.0
TNFRSF14,0.42311782,0.4980753,-0.270532,-0.44828185,-0.21729328,-0.4742777,-0.47849283,-0.12334365,1.0906172,-0.35979557,-0.45563754,-0.224776,0.16829701,2.320762,-0.5948769,1.1451138,-0.59991425,-0.59486717,-0.56698436,-0.5535382,-0.66282326,-0.57277435,-0.60041165,-0.4826095,-0.6327475,-0.62440443,-0.58754885,-0.5427524,-0.53311604,-0.5980372,-0.5872617,-0.5531918,0.99839413,-0.36098665,-0.39556855,-0.2330805,-0.5184915,-0.5238118,-0.4277527,-0.5358,-0.7885827,-0.5165177,-0.51325166,-0.3094789,-0.18245338,0.04494389,-0.6800889,0.021292806,-0.88155335,-0.46656987,0.6519202,0.73729146,-0.46188942,-0.5673456,-0.1822178,-0.8300165,-0.2561677,-0.056649685,-0.4404214,-0.5349057,0.17597224,-0.9424907,-0.38666832,-0.4618894,0.47506592,-0.31385973,0.61559415,0.3074003,0.471114,-0.4618894,-0.47000965,-0.29783985,0.8558464,1.0
IL17A,-0.33055896,-0.1737273,-0.270532,0.34148905,-0.6200142,0.04990969,0.012494235,-0.12334365,-0.4638414,0.8819266,-0.45563754,-0.610674,-0.3977495,0.972683,-0.5948769,-0.5667236,0.9296952,2.3086717,2.901936,2.3355956,1.299898,3.513997,2.931143,0.78003144,3.864355,3.3269389,4.6190586,2.4358716,1.9393505,4.098338,1.4382329,0.41549283,-0.6946801,-0.8002939,0.42343515,-0.819708,0.6016145,1.593962,-0.82211196,-0.74307054,-0.8267953,0.05251413,-0.84492457,-0.83297426,-0.47587636,-0.862458,0.4018243,-0.6571895,-0.88155335,-0.47307432,0.6519202,-1.8476787,-0.2959129,-0.5673456,0.18009032,-0.6565607,-0.5006716,-0.72230256,-1.3349321,0.4086015,-0.49027312,-0.056150626,-1.5719748,-0.2959129,0.5137439,-0.16936734,0.42581633,0.4602107,0.48875317,-0.2959129,-0.42052144,-0.11864983,0.71917593,1.0
CHD4,2.632333,4.3102984,1.1139982,1.1142685,4.7197714,1.0203352,-0.043020103,-0.12334365,3.8907518,2.0296054,2.7517292,5.0147853,2.2249832,0.88551635,0.9901611,1.114368,-0.59991425,-0.59486717,-0.56698436,-0.5535382,-0.66282326,-0.57277435,-0.60041165,-0.4826095,-0.6327475,-0.62440443,-0.58754885,-0.5427524,-0.53311604,-0.5980372,-0.5872617,-0.5531918,-0.5604597,-0.26832482,-0.45365924,-0.581277,-0.2917411,-0.3919976,-0.47710228,0.28551352,-0.66923,-0.7522479,-0.11838487,-0.5772024,-0.20589253,-0.62962776,-0.78215003,-0.63540864,1.1343614,2.5263276,0.6519202,0.73729146,-0.17735824,-0.5673456,-0.1632378,-0.16751194,0.96635175,1.3412213,-0.6247392,0.7907931,-0.62429595,-0.040546067,-0.9110105,-0.17735824,0.3905872,0.18415783,-0.033867758,0.34761357,0.46053052,-0.17735824,-0.2720567,-0.088784836,0.6457354,1.0
BCL9,-0.33055896,0.49765992,2.545903,0.33229968,0.17337292,0.5737293,1.4755218,0.41957566,1.8539076,0.8776033,-0.45563754,2.4555206,1.2951211,-0.3678864,1.8465506,0.2872293,0.864716,-0.20495315,-0.36128402,-0.5286781,0.17729226,1.8884218,0.14166337,0.1966513,0.1687685,1.5088255,-0.28692648,-0.3859056,-0.48259106,0.8072034,1.5357004,-0.108604826,0.5399883,0.18284029,-0.6446357,-0.27585673,-0.3110634,-0.6408896,0.37579048,-0.2762994,-0.5762318,-0.65352,1.0039091,-0.65879357,-0.422291,-0.5098917,-0.14407106,0.41943064,-0.88155335,-0.503708,-1.53393,0.6742434,-0.5330222,-0.5673456,-0.18233685,-0.8300165,-0.2561677,-0.48932403,0.29104546,-1.1305814,0.92184365,-0.5284389,0.18095407,-0.53302217,-0.46164086,-0.96746016,0.33725333,-1.0759362,-0.57665217,-0.53302217,-0.42052144,-0.41729987,-1.6374525,1.0
IGFBP1,-0.33055896,-0.5097135,-0.270532,-0.44828185,-0.22245587,-0.21266201,-0.47849283,0.14817314,-0.4638414,-0.35979557,-0.45563754,-0.41840225,-0.11339949,0.9723286,-0.5948769,0.28912786,-0.22230506,0.071701385,-0.061232243,0.15722126,-0.63197213,-0.4641541,-0.48890656,-0.31778342,0.8018013,1.0523156,-0.099479795,0.08912758,1.218368,-0.28028128,0.1773264,-0.41450343,-0.68302804,4.1899247,-0.093421265,-0.819708,1.3472282,-0.7363223,0.041422028,0.32000813,-0.5287648,-0.5941521,1.9703362,2.745486,-0.5346276,0.8473995,3.114468,1.8893882,1.1343614,-0.503708,-1.53393,-1.6585345,-0.5093113,-0.5673456,-0.18233669,-0.8300165,-0.41917032,-0.5226067,0.31815067,-1.1305814,0.93748736,-0.5031847,0.20683102,-0.50931126,0.21769041,-0.96746016,0.74633,-0.29579878,0.10774731,-0.50931126,-0.37103316,-0.41729987,-2.203592,1.0
SMARCD1,0.42248908,-0.17391974,-0.270532,-0.44828185,-0.6200142,-0.21283062,1.4515519,-0.12334365,-0.4638414,-0.35979557,1.9850146,-0.42338568,-0.11318318,-0.3678864,1.0456206,-0.5667236,-0.3995398,-0.538635,-0.55804306,-0.5138823,-0.5034482,-0.5593166,-0.5570016,-0.060817998,-0.522645,-0.51146054,-0.24887839,-0.47460765,-0.4369524,-0.4494521,-0.5057278,-0.18726349,-0.5489068,-0.63040376,-0.26960063,-0.22560434,-0.126404,-0.0058213505,-0.65704113,-0.61595345,-0.26982978,-0.09091951,0.5594268,-0.40056783,-0.30651528,-0.4418281,-0.52680683,-0.1926788,1.1343614,0.5932626,0.6519202,0.73729146,-0.5330222,-0.5673456,-0.18233685,-0.8300165,2.3518736,0.94182956,0.34503773,-1.1305814,0.95300525,-0.47813362,0.23249966,-0.53302217,0.46280995,-0.96746016,0.893935,-0.0143058915,0.35469556,-0.53302217,-0.42052144,-0.41729987,-2.0958552,1.0
B2M,-0.33055896,-0.17371191,-0.270532,-0.44828185,0.5663026,1.3584068,0.007915024,0.41480246,-0.4638414,-0.35979557,1.1837949,-0.03228803,1.8643656,-0.3678864,1.9147644,0.28799626,-0.5803088,-0.52286667,-0.5201175,-0.50577253,-0.64944875,-0.4997328,-0.4898966,-0.43129513,-0.5614215,-0.5596444,-0.5546565,-0.50159377,-0.5218423,-0.5871482,-0.5659733,-0.5176277,0.6019891,-0.7553868,0.3202691,-0.16539916,-0.30478117,0.18457033,0.3815585,-0.047814116,-0.7425367,-0.059431687,-0.6137469,-0.616222,0.29351777,0.3756459,-0.7902904,-0.08920672,-0.88155335,-0.26796153,0.6519202,0.73729146,0.41541502,1.7625941,0.15705356,0.15501468,2.5148761,0.64228576,-0.6413976,0.09742851,-1.2111156,-0.58854336,-0.626291,0.41541508,0.23767576,-0.07406183,0.19808294,0.28327233,0.11480297,0.41541508,-0.47000965,0.80716527,0.7187792,1.0
MRPS18C,-0.33055896,-0.5097135,-0.270532,-0.44828185,-0.6200142,-0.4742777,-0.47849283,0.14816386,-0.4638414,-0.35979557,-0.45563754,-0.22173935,-0.3977495,-0.3678864,-0.5948769,-0.5667236,-0.45542574,-0.57853216,-0.31797016,-0.5470501,-0.48529023,-0.5087547,-0.5226894,-0.4721398,-0.40827408,-0.5747356,-0.5786913,-0.4568305,-0.48849165,-0.42131922,-0.58619225,-0.42151076,-0.62926716,-0.6974483,-0.5886837,-0.5347833,-0.5927662,-0.65699196,-0.72455317,-0.6292939,-0.5755481,-0.7635534,-0.8290829,-0.7035018,-0.7800266,-0.77433646,-0.8166616,-0.64165896,-0.88155335,0.946407,0.6519202,0.73729146,0.65252435,1.7625941,-0.18171188,-0.8300165,0.15133874,-0.6224546,0.37759992,-1.1305814,0.9717984,-0.44779494,0.26358628,0.6525244,0.3577587,-0.96746016,0.8306757,-0.1349457,0.24886061,0.6525244,2.0538905,-0.41729987,1.8420577,1.0
SMARCE1,0.4134775,-0.25443685,-0.270532,0.33375642,-0.6200142,-0.22605048,-0.47849283,-0.12334365,-0.4638414,-0.35979557,0.3362996,-0.11929924,-0.3977495,-0.3678864,-0.5948769,0.2763885,-0.4093688,-0.59144443,-0.5543919,-0.31322,-0.64045787,-0.4565405,-0.57196623,-0.4759688,-0.42994222,-0.5436828,-0.47084922,-0.4161199,-0.42506927,-0.42652404,-0.551451,-0.28988883,-0.659547,-0.7503702,-0.6978803,-0.7237735,-0.52749723,-0.65986526,-0.6082888,-0.7143,-0.6745341,-0.38575885,0.0853382,-0.49755955,-0.40557823,-0.72839874,-0.35243973,-0.2775531,-0.88155335,0.3111844,0.6519202,0.73729146,-0.5093113,-0.5673456,-0.16434017,-0.8300165,2.6778789,0.77541643,0.3991061,3.9219837,-0.6379183,2.1909087,0.28411788,-0.50931126,0.79547215,-0.63540214,1.0078017,0.53259456,0.6898396,-0.50931126,-0.42052144,-0.38743487,-0.5672324,1.0
FANCD2,0.41818824,0.4814538,1.0690213,0.34008703,0.56115305,0.5206244,0.0028526695,0.94395816,3.311396,-0.35979557,1.1668149,0.12703533,0.16621935,-0.3678864,1.816465,0.28261048,-0.4503826,-0.53914165,-0.5283059,-0.5347911,-0.56213003,-0.5661187,-0.57617563,-0.4256725,-0.620486,-0.5310506,-0.57696074,-0.5237297,-0.4883734,-0.41913575,-0.5311961,-0.48070315,-0.39855036,0.40468436,0.044124223,0.2470445,1.6410707,0.00627507,0.88525486,0.40237054,1.2017859,0.92347324,2.0588644,1.5573432,0.38741726,0.9188975,1.2221954,0.31091422,-0.88155335,0.39998683,0.6519202,0.16985905,0.27314943,1.7625941,-0.01467171,0.6557752,0.15133874,-0.48932403,0.5111635,1.4248962,-0.46176556,1.0138776,0.78183633,0.27314946,0.3745669,1.7261413,-1.2906188,0.54063725,0.6933674,0.27314946,0.5197551,0.03067518,-0.1401588,1.0
ATR,0.42210844,2.8371162,1.1402501,1.1301258,-0.23356421,2.6620624,3.3998976,0.6875996,2.6391354,0.87086606,3.635175,1.6803759,1.3055811,2.3062208,1.8294177,0.28716576,-0.42513573,-0.5455234,-0.4212727,-0.5145091,-0.6104497,-0.53982544,-0.4698633,-0.4679774,-0.47594064,-0.582497,-0.54982007,-0.47162095,-0.50706965,-0.58692414,-0.5864537,-0.47333038,-0.622479,-0.72435385,0.2990142,0.1616646,0.9943626,-0.16529949,-0.25352806,-0.62807184,-0.25002384,-0.051264927,0.021013785,-0.2341484,0.24671288,-0.057035714,-0.24585515,0.0024260327,-0.88155335,0.8050914,0.6519202,0.6111953,1.1741649,1.7625941,1.0565064,-0.4536897,0.39584264,-0.68901986,-1.3355302,0.5267128,-1.4995848,-0.4802532,-1.3925529,1.1741649,0.3669687,-0.17479192,-0.1350826,0.3556562,0.33352858,1.1741649,-0.42052144,1.7329804,-0.799066,1.0
SDHC,-0.33055896,-0.5097135,-0.270532,-0.44828185,0.18108775,-0.22040696,-0.47849283,-0.12334365,-0.4638414,-0.35979557,-0.45563754,-0.2429551,-0.13514952,-0.3678864,-0.5948769,-0.5667236,-0.58464897,-0.3833429,-0.226223,-0.2559518,-0.64767295,-0.18156956,-0.15910535,-0.37871394,0.051900897,-0.5658578,-0.0419239,0.14464483,-0.4958773,-0.012431658,-0.43071282,-0.49363816,0.023123253,-0.19508123,-0.5910239,-0.7333024,-0.29004905,-0.67098993,-0.3221922,-0.39447597,-0.5639073,-0.51806873,-0.54612756,-0.39993986,-0.5927822,-0.38731652,-0.59203017,-0.076089166,-0.88155335,0.79362077,0.6519202,0.73729146,-0.48560035,-0.5673456,-0.1765179,-0.8300165,-0.5006716,-0.6224546,-0.4953891,1.0816374,-0.051874716,0.35997146,-1.3710836,-0.48560032,0.43012732,-0.16512087,0.67885345,0.50042397,0.16419262,-0.48560032,-0.42052144,-0.35756984,-0.8820379,1.0
FANCG,1.1765611,-0.5097135,-0.270532,0.3413439,0.1761285,-0.21189031,0.012952054,0.14822894,-0.4638414,-0.35979557,-0.45563754,-0.029398808,-0.11258229,0.9766139,-0.5948769,0.2892317,-0.22393999,-0.32872126,-0.04680205,-0.5240832,-0.027519077,-0.41827464,-0.118706495,-0.4250344,0.16034997,-0.3792472,0.08189175,0.42013294,-0.28873858,0.45245597,-0.57712716,0.14707696,-0.07071508,-0.31608072,0.06771878,-0.25976136,0.078451924,0.054954853,0.544308,-0.735624,0.41378582,-0.021538714,1.0584183,-0.22441907,0.025134448,0.4632809,-0.050165642,-0.23910557,-0.88155335,0.14695224,0.6519202,0.4850993,0.03604013,-0.5673456,-0.17109932,0.37839177,0.8848504,-0.72230256,0.25054592,1.1520255,-0.47747073,1.4062214,0.21974425,0.036040153,0.12916724,2.143555,-1.3496608,0.57280785,0.61575514,0.036040153,0.17333746,-0.05891983,-0.06553385,1.0
SRSF3,0.42219323,0.49025658,-0.270532,-0.44828185,-0.6200142,-0.21264777,-0.47849283,-0.12334365,-0.4638414,-0.35979557,0.36473432,-0.41840878,-0.3977495,-0.3678864,1.0536455,-0.5667236,-0.59551287,-0.38328385,-0.38270944,-0.36888778,-0.6254664,-0.384161,-0.3263152,-0.33153984,-0.20586313,-0.57721597,-0.58184093,-0.1883045,-0.47880974,-0.5004913,-0.28464162,-0.31890148,-0.6864133,-0.65400946,-0.6537212,-0.4205129,-0.69352007,-0.6011519,-0.7619025,-0.10262745,-0.3944393,-0.3651925,-0.52656,-0.7635896,-0.36104652,-0.71032333,-0.71650535,-0.40881824,-0.88155335,3.4312372,0.6519202,0.73729146,0.3917041,1.7625941,-0.13358177,-0.30408975,0.47734398,-0.056649685,0.33844355,0.2862271,-0.9906042,0.7181983,0.318765,0.39170414,0.16166309,-0.4050389,0.56076944,0.4119548,-0.05453297,0.39170414,1.311567,-0.29783985,0.58079684,1.0
SPOP,-0.33055896,1.1455047,-0.270532,34.230713,-0.23649432,-0.2126819,-0.47849283,0.1480498,0.3131901,3.3448744,-0.45563754,3.440588,-0.12672344,0.96813595,0.2417981,0.28649455,0.5526072,-0.300087,-0.34207335,-0.099329986,0.6363479,-0.24436313,-0.45110998,-0.44336706,-0.1426858,-0.4615879,-0.52684873,-0.28266993,-0.47489536,-0.42354277,-0.56629467,-0.38661817,-0.67841583,-0.66404134,0.14863478,0.093409844,-0.42673403,-0.768723,-0.34337717,-0.3793556,0.18175395,-0.66825044,-0.61006343,0.2626861,-0.7947139,-0.22357428,-0.010400256,-0.51780266,1.1343614,-0.030844465,0.6519202,0.73729146,0.5576806,1.7625941,-0.17511888,-0.31815356,-0.17466643,1.2080907,0.21946092,-0.17193621,-0.17154516,-0.43779403,0.26809067,0.55768067,-0.47534963,0.47801486,-1.0628854,0.14654718,-0.42142752,0.55768067,1.6579846,-0.29783985,0.6612629,1.0
ITGAV,-0.33055896,0.4872318,-0.270532,0.3398218,0.9834682,0.30602795,-0.004319467,0.14793484,1.8557092,2.1035619,-0.45563754,0.88683283,1.2510228,-0.3678864,0.22962165,0.28409383,-0.500559,-0.576292,-0.49877033,-0.53405887,-0.611051,-0.561207,-0.5155974,-0.39316353,-0.5756432,-0.5765046,-0.56102467,-0.49505863,-0.5224453,-0.48770803,-0.53289205,-0.51674974,-0.44874704,-0.67490727,-0.69764304,-0.5299783,0.21908586,0.54802144,-0.08522954,-0.34163642,-0.49189892,-0.6319094,-0.0069766566,-0.14945628,-0.59701073,-0.27168185,-0.49111775,0.20749742,1.1343614,0.66698754,0.6519202,0.73729146,1.838071,1.7625941,0.51762176,-0.47486156,6.3454375,-0.5558893,-0.8074402,0.29860893,-0.82405466,-0.20839752,-0.6344524,1.838071,-0.17984007,0.29928017,-0.628505,-0.10277509,-0.04747731,1.838071,-0.32154492,2.5094705,0.6026488,1.0
CNOT3,-0.33055896,0.15993851,-0.270532,1.9158309,-0.21854974,-0.21326119,0.010431489,-0.12334365,4.852005,0.87199306,-0.45563754,-0.42234737,-0.124801256,-0.3678864,2.5083864,1.9853468,-0.48511413,-0.56249917,-0.4995809,-0.47292814,-0.5137326,-0.5007188,-0.56084645,-0.34611276,-0.5093933,-0.49310574,-0.3613533,-0.52348626,-0.3644018,-0.5637285,-0.44481573,-0.22651826,-0.51007426,-0.47730935,-0.6138775,-0.4812812,-0.51491225,-0.37813193,-0.5742345,-0.476406,-0.33342752,-0.3864709,0.17132252,-0.7458776,-0.7173686,-0.48713672,-0.68168557,-0.53086257,-0.88155335,3.453852,0.6519202,0.73729146,-0.36704567,-0.5673456,-0.17748296,-0.03501102,-0.2561677,-0.72230256,0.22850339,0.5401342,-0.18858287,0.16095653,0.54389423,-0.3670457,0.72018546,-0.6761502,0.91080415,0.4119548,0.67572826,-0.3670457,-0.17308022,-0.35756984,0.07759997,1.0
PLAU,0.42281157,0.16146086,-0.270532,0.34067768,-0.6200142,0.04831202,-0.47849283,-0.12334365,0.31446356,2.118383,-0.45563754,-0.22465499,-0.3977495,0.97507966,-0.5948769,1.1436689,0.6831642,1.8900988,-0.55214524,0.7757085,0.31812608,-0.16699131,-0.073309824,-0.34623507,-0.45208323,-0.39616606,0.66566265,-0.47684124,-0.24841908,-0.36029577,-0.35937196,0.22114776,1.1752414,0.1569681,0.89526206,1.078311,1.2170919,3.1049776,1.2027019,3.177154,1.0842247,2.1281347,0.62430286,-0.55994374,1.3224423,1.0210161,0.90397966,0.36501077,1.1343614,-0.28805357,0.6519202,0.73729146,-0.24849103,-0.5673456,-0.02026231,0.1484518,-0.17466643,-0.58917195,-0.95479435,0.43863222,-0.26614723,0.07828881,-1.4992841,-0.24849103,-0.18150426,1.5160452,-0.3965543,0.5165093,0.5028645,-0.24849103,-0.37103316,-0.088784836,0.7208893,1.0
TP53,1.1515119,27.97759,17.622856,22.26474,24.711443,47.256325,19.634941,0.1466844,13.152738,45.46594,8.253276,2.7388775,20.425985,24.146692,1.8307805,0.28313917,-0.5643263,-0.5299165,-0.5351195,-0.46276963,-0.60709566,-0.52069235,-0.59996456,-0.41257596,-0.5590548,-0.56606525,-0.5540734,-0.5011758,-0.5272518,-0.5133587,-0.55212414,-0.4786663,-0.22874932,-0.77069074,-0.059229597,-0.5213326,0.032761704,-0.37307274,-0.30001992,-0.37097803,-0.49651122,-0.081551075,-0.5574429,-0.31183285,-0.22915246,-0.46034208,-0.5229439,-0.009666502,1.1343614,-0.3199057,0.6519202,0.73729146,6.058617,1.7625941,13.345591,-0.6974233,10.012995,3.404745,-1.9102963,0.48237717,-1.803819,-0.53580964,-1.8784673,6.0586166,-1.2523993,0.056205306,-1.5267867,-0.850742,-1.1975505,6.0586166,0.42077863,7.377466,-1.0342084,1.0
VTI1A,-0.33055896,-0.5097135,1.1495577,-0.44828185,-0.6200142,-0.4742777,-0.47849283,-0.12334365,-0.4638414,-0.35979557,0.3641816,-0.42090955,-0.12117821,-0.3678864,-0.5948769,-0.5667236,-0.5002092,-0.5851525,-0.5371766,-0.52385694,-0.57378507,-0.571082,-0.5731374,-0.44249105,-0.61321276,-0.50842357,-0.55147487,-0.5143088,-0.5253286,-0.43829763,-0.57986826,-0.48334444,-0.041823257,-0.54663384,-0.7572167,-0.2740118,-0.8088209,-0.53859025,-0.7561557,-0.2603402,-0.8089601,-0.67642117,-0.43957344,-0.55399066,-0.7746683,-0.8049102,-0.5209388,0.17839289,-0.88155335,-0.503708,-1.53393,0.6742434,-0.48560035,-0.5673456,-0.1310673,0.22999083,0.31434134,-0.18978028,-1.0298859,-0.73534405,0.05445387,-1.4709659,-1.2017156,-0.48560032,0.8479978,-0.84129626,1.0837128,0.50042397,0.7498127,-0.48560032,-0.47000965,-0.32770485,0.49826637,1.0
PABPC1,0.42175058,0.15899429,-0.270532,-0.44828185,-0.6200142,-0.21243078,0.010906784,0.1389636,0.3089855,0.87818265,1.1829159,-0.23516934,-0.3977495,-0.3678864,-0.5948769,-0.5667236,-0.5320807,-0.55842304,-0.46466264,-0.5245666,-0.6622748,-0.5508614,-0.53164613,-0.4395664,-0.5981648,-0.61455697,-0.54443955,-0.49962124,-0.5118212,-0.52743447,-0.58098483,-0.5316623,-0.0887172,-0.5199882,0.31655872,0.22325234,-0.06928595,-0.3881398,0.11931181,-0.11746071,-0.4423387,0.011793125,0.4399487,-0.616281,0.10498641,0.016734362,-0.42772517,-0.5035437,1.1343614,1.4469503,0.6519202,0.73729146,-0.058803562,-0.5673456,0.03551297,-0.8300165,1.2923568,0.77541643,-0.45021898,1.8837031,-1.6265504,-0.2939347,0.42123982,-0.058803573,0.6792488,-0.49442226,0.6366806,0.33152825,0.6580891,-0.058803573,0.17333746,-0.17837983,0.46128163,1.0
CCND2,-0.33055896,-0.1756678,-0.270532,0.34087157,0.5860004,-0.4742777,-0.005544641,-0.12334365,-0.4638414,-0.35979557,1.1856856,0.3451162,-0.3977495,-0.3678864,1.0759571,0.28868967,0.44939905,1.8570687,-0.54013926,1.5741413,1.1155647,-0.3774573,1.504828,-0.18262191,0.7147168,0.168495,0.70440245,0.38676432,-0.34626085,-0.29860833,0.4410131,-0.5147099,0.40108836,0.7181567,-0.60967535,1.3662708,-0.20260198,-0.19458576,0.80789834,0.93818986,1.7616115,-0.5128912,-0.12965067,2.355295,-0.45110697,-0.20294887,1.0930213,1.5105509,1.1343614,-0.34516507,0.6519202,0.6742434,0.41541502,1.7625941,0.13432564,-0.4771116,0.31434134,4.9357467,-1.1744882,0.42774338,-1.7263426,-0.60908556,-1.0690051,0.41541508,0.10990613,0.7047195,-1.0755372,0.2511017,0.15713696,0.41541508,-0.47000965,0.80716527,0.8157794,1.0
COX6C,-0.33055896,-0.5097135,-0.270532,-0.44828185,-0.6200142,-0.4742777,-0.47849283,-0.12334365,-0.4638414,0.8819625,-0.45563754,-0.610674,-0.3977495,0.9719754,-0.5948769,-0.5667236,-0.29035705,-0.14321737,-0.00603018,0.4681374,-0.2994394,0.027779024,0.1817329,0.06083206,0.44927233,-0.26441908,0.17987923,-0.075887166,-0.29721895,0.43256778,-0.41821104,-0.34108287,-0.45385954,0.9882449,-0.43243662,-0.7537914,-0.66528124,-0.7466373,-0.30986986,-0.58984745,-0.74264723,-0.74158293,-0.19234246,-0.79344654,-0.5156708,-0.3153244,-0.6393665,-0.35838133,-0.88155335,0.36882496,0.6519202,0.73729146,-0.27220196,-0.5673456,-0.17254172,-0.8300165,-0.5006716,0.2096114,0.1224067,1.1711602,-1.5581962,-0.18930969,0.5284442,-0.27220196,0.72660524,-0.6071796,0.74211276,0.34761357,0.67220044,-0.27220196,-0.024615495,-0.32770485,0.874247,1.0
TCEA1,-0.33055896,0.15604876,-0.270532,0.3255521,-0.6200142,-0.21258955,-0.47849283,-0.12334365,-0.4638414,-0.35979557,1.1792164,-0.2255626,-0.11470372,-0.3678864,0.2389556,-0.5667236,-0.062114097,-0.27414915,-0.043740314,-0.54653734,-0.48961905,-0.39055845,-0.41915092,-0.15552652,-0.17333475,-0.37203312,-0.5226669,-0.13117044,-0.32262877,-0.44545913,-0.5382304,-0.15336396,-0.6822153,-0.6273796,-0.60812974,-0.75141376,-0.39624393,-0.22577089,-0.31070292,-0.18504259,-0.6835327,-0.4472119,-0.37037876,-0.8043937,-0.41720274,-0.45056668,-0.7816272,-0.6560266,1.1343614,-0.34878892,0.6519202,0.73729146,-0.46188942,-0.5673456,-0.1823296,-0.8300165,1.6998634,-0.5226067,0.19975477,-0.62638724,0.58882314,-0.45913205,0.2465698,-0.4618894,0.4908236,-0.8285916,0.8517621,0.07416331,0.40761307,-0.4618894,-0.32154492,-0.38743487,-0.22646509,1.0
MDM4,-0.33055896,-0.17689544,-0.270532,1.1124996,-0.6200142,-0.4742777,-0.47849283,0.13010599,0.24596043,-0.35979557,-0.45563754,-0.44961601,-0.3977495,-0.3678864,-0.5948769,0.2776532,-0.46452093,-0.51782596,-0.36347127,-0.42890388,-0.5980425,-0.5217808,-0.52022,-0.31495166,-0.4488511,-0.58101267,-0.54682577,-0.54207116,-0.49960667,-0.3648332,-0.5580842,-0.54876655,-0.10565693,-0.7938732,-0.6015516,-0.5123098,0.4101983,-0.52515566,-0.55060464,-0.4138137,-0.4414098,-0.24868223,0.24284191,-0.8010314,-0.64623576,-0.75369227,-0.7814642,-0.4396516,1.1343614,0.081639774,0.6519202,0.73729146,-0.41446754,-0.5673456,-0.1773538,0.86599517,0.23284006,4.236811,-0.3395963,1.3863301,-0.49738765,0.5430652,-0.5427352,-0.41446754,0.4896564,0.5845994,0.04626066,0.5245519,0.7145344,-0.41446754,-0.32154492,-0.32770485,-0.117169976,1.0
XRCC1,-0.33055896,-0.17401575,-0.270532,0.34109488,-0.22626203,0.04686131,0.012108195,-0.12334365,0.31476,-0.35979557,-0.45563754,-0.036291715,0.16619284,-0.3678864,1.0564822,-0.5667236,-0.5646357,-0.5490232,-0.516371,-0.5415335,-0.6568223,-0.5311532,-0.5832983,-0.39844573,-0.57228446,-0.59300625,-0.5842223,-0.5072474,-0.50049376,-0.54325897,-0.5664144,-0.52166915,-0.39366198,-0.49405304,-0.33713716,-0.7104487,-0.7997077,-0.35368112,-0.7773484,-0.4947152,-0.43895903,-0.5706793,0.40861982,-0.78225857,-0.27405933,-0.7568707,-0.7569764,-0.4240988,-0.88155335,-0.34878892,0.6519202,0.73729146,0.79478997,1.7625941,0.112836465,0.040703777,0.96635175,-0.5558893,-0.82788813,0.42767137,-0.89708483,-0.45913205,-1.0002443,0.79478997,0.2246938,0.8781863,-1.0924064,0.23501639,0.33352858,0.79478997,-0.024615495,1.0162202,-0.0023723857,1.0
ARHGEF12,-0.33055896,0.80213296,-0.270532,-0.44828185,0.08938476,0.819263,0.9745736,0.6823102,1.0899669,-0.35979557,1.9307592,0.65272117,-0.3977495,0.9418348,1.8554889,1.9807771,-0.30868483,-0.5108873,-0.44033042,-0.41943562,-0.5099437,-0.5266695,-0.58787847,-0.17355673,-0.37561515,-0.53368974,-0.45348477,-0.48467797,-0.50357753,-0.48209152,-0.51272,-0.5440437,-0.22123398,-0.24025972,-0.46405056,-0.5305846,-0.6054929,-0.114295036,-0.19989,-0.71304476,0.050927483,-0.33128524,-0.3382055,-0.2285787,-0.401324,-0.11514404,-0.41218323,0.08743746,1.1343614,-0.3145626,0.6519202,0.73729146,-0.12993637,-0.5673456,-0.1728121,0.29234418,-0.41917032,-0.5226067,-0.6063085,0.09523085,-0.2604137,0.42421487,-0.7247726,-0.12993637,-0.10641205,0.8115293,-0.37546787,0.50846666,0.19947094,-0.12993637,-0.37103316,0.060540184,1.0377097,1.0
KAT7,0.41765693,-0.5097135,1.0507195,-0.44828185,-0.2196516,-0.22371043,-0.47849283,-0.12334365,-0.4638414,-0.35979557,-0.45563754,0.13831595,-0.3977495,-0.3678864,0.23312217,1.1287938,0.22248533,0.14851634,-0.3448426,-0.47266683,0.44412795,0.19478203,-0.02399441,0.13012531,0.09085083,0.3060091,-0.36380547,0.042519912,-0.24461953,-0.06352153,0.34177786,0.08175156,-0.34894532,-0.6742287,-0.62071985,-0.28299016,-0.62057143,-0.35198608,-0.7899071,-0.48959902,-0.3959,-0.75417686,0.038601227,-0.2676692,-0.79599863,-0.8113558,-0.33370706,-0.38948947,1.1343614,0.52463436,0.6519202,0.73729146,-0.5093113,-0.5673456,-0.18164961,-0.8300165,-0.09316515,1.4410692,-1.13256,-0.9264402,0.034671795,-1.7490286,-1.1781394,-0.50931126,0.2772194,-0.79738164,0.7378954,-0.14298837,0.16772045,-0.50931126,-0.47000965,-0.35756984,0.8039706,1.0
NTRK1,0.4234954,0.49499765,-0.270532,1.9172535,0.5629655,0.31131408,0.49046287,-0.12334365,-0.4638414,0.8769272,1.1808226,-0.42123932,-0.3977495,-0.3678864,-0.5948769,0.28585452,2.6970034,0.024318019,0.45234123,-0.5337804,0.48324642,0.88086605,1.2269688,0.37807685,0.8865096,0.4605946,1.5730997,-0.37092426,0.6759264,0.882556,-0.1994814,0.6008024,0.89986223,-0.256036,0.44811082,0.66929805,0.5550668,0.4735385,0.12668456,-0.17240416,0.30106178,-0.10770245,0.30331266,0.05992749,-0.13126783,-0.02187144,-0.36185247,2.0361075,1.1343614,-0.47307432,0.6519202,-1.7215827,1.7432272,1.7625941,0.1958388,-0.34850544,0.15133874,-0.056649685,-0.15669551,0.30195186,-0.7747385,0.90138465,-0.12296065,1.7432272,-0.044251822,0.15246907,-0.33329502,0.5888932,-0.026310315,1.7432272,0.8166846,1.7031153,0.59467006,1.0
FEN1,-0.33055896,-0.17395598,-0.270532,-0.44828185,0.57679534,-0.21308604,-0.47849283,-0.12334365,-0.4638414,-0.35979557,0.3657659,-0.41661906,-0.112848826,-0.3678864,-0.5948769,-0.5667236,-0.57181835,-0.5533686,-0.5495055,-0.40184414,-0.65979624,-0.4324306,-0.586169,-0.3425516,-0.514647,-0.5421062,-0.45092893,-0.41115245,-0.48730525,-0.5095948,-0.5467053,-0.53527266,-0.2904388,0.52561575,-0.17533548,-0.18662205,0.82766676,0.666603,0.78425384,0.022499869,1.2887003,1.4550406,1.1901329,1.224207,0.27957746,1.0378021,1.222676,-0.43622267,-0.88155335,1.1355524,0.6519202,0.6742434,-0.12993637,-0.5673456,-0.15939984,0.18842192,0.31434134,0.4425899,-0.9723616,1.1083454,-1.6296191,-0.33356538,-0.6886006,-0.12993637,0.7585097,-0.7799121,0.982498,0.46825337,0.64397776,-0.12993637,-0.32154492,0.03067518,0.5908219,1.0
STK11,0.42329395,-0.5097135,-0.270532,-0.44828185,0.17923683,0.3093723,2.9493954,-0.12334365,-0.4638414,2.1177795,-0.45563754,-0.22539969,-0.11325039,-0.3678864,-0.5948769,0.2875957,-0.54153466,-0.55769986,-0.48751593,-0.46395788,-0.57558244,-0.5576519,-0.5157049,-0.40742457,-0.5236627,-0.6091345,-0.55256337,-0.4928969,-0.50486654,-0.50382984,-0.53674865,-0.51745725,-0.5451704,-0.62860715,-0.50609183,-0.48165327,-0.7736616,-0.75862247,-0.6292047,-0.57815725,-0.60184747,-0.6686918,-0.19460166,-0.62458706,-0.7914887,-0.7744544,-0.73354906,-0.57864887,-0.88155335,0.42580667,0.6519202,0.73729146,0.059751067,-0.5673456,0.20138766,-0.36035168,0.06983742,0.4425899,-1.3739278,0.38413408,-0.9442599,-0.34423515,-1.4911866,0.059751082,0.24058619,1.2080276,-1.9358634,0.34761357,0.26297194,0.059751082,-0.42052144,0.32932523,0.86086565,1.0
MMP2,1.1733563,-0.5097135,-0.270532,-0.44828185,-0.2500524,0.30731362,-0.47849283,0.14812176,-0.4638414,-0.35979557,-0.45563754,-0.42471355,-0.3977495,-0.3678864,0.23868775,-0.5667236,-0.59991425,-0.59486717,-0.56698436,-0.5535382,-0.66282326,-0.57277435,-0.60041165,-0.4826095,-0.6327475,-0.62440443,-0.58754885,-0.5427524,-0.53311604,-0.5980372,-0.5872617,-0.5531918,-0.625281,-0.4074462,-0.6608327,0.79477733,-0.76257944,1.4866945,-0.65553296,-0.5469415,0.99080384,-0.283837,-0.74484855,0.8228313,-0.78129196,-0.4763167,1.2658954,0.26599213,1.1343614,-0.503708,-1.53393,0.6111953,0.86592275,1.7625941,1.0137047,-0.50842106,0.06983742,0.2096114,-1.1351806,0.34133416,-1.4483234,-0.3724034,-1.0235589,0.8659228,0.15022418,0.45635107,-0.45559627,0.37174153,0.25238845,0.8659228,-0.32154492,1.2850053,0.7246765,1.0
XPA,-0.33055896,-0.5097135,-0.270532,0.34158272,-0.2176104,-0.21172306,-0.47849283,-0.12334365,-0.4638414,-0.35979557,-0.45563754,-0.22197822,-0.3977495,-0.3678864,0.24120636,-0.5667236,-0.5214536,-0.57121056,-0.45815718,-0.4416945,-0.4870442,-0.5080398,-0.5763544,-0.36393866,-0.44555634,-0.58752465,-0.5189589,-0.4611132,-0.51868933,-0.45963323,-0.5686722,-0.53120697,-0.18673863,-0.1838697,-0.17551701,-0.78866327,-0.22902678,-0.03447032,-0.028170422,0.16488706,0.12254367,0.20041168,-0.60664344,0.099008754,-0.7765954,-0.37236574,-0.26280344,-0.07994394,-0.88155335,-0.46707174,0.6519202,0.73729146,-0.5330222,-0.5673456,-0.18233685,-0.8300165,0.39584264,-0.72230256,0.48035175,-1.1305814,1.0311016,-0.3520597,0.3616818,-0.53302217,0.7709602,-0.96746016,1.0794955,0.3395709,0.6651448,-0.53302217,-0.42052144,-0.41729987,-1.9194068,1.0
JAK2,1.175066,-0.5097135,-0.270532,-0.44828185,0.18346521,0.572402,0.012714964,0.41954362,-0.4638414,0.88027996,1.1846693,-0.03014384,0.16381535,-0.3678864,0.24286258,0.2877538,-0.5118935,-0.5415965,-0.54559416,-0.51797014,-0.65756696,-0.56029487,-0.59674704,-0.38707688,-0.60224867,-0.584348,-0.5796451,-0.5076831,-0.45054847,-0.44544458,-0.5583687,-0.51240534,-0.6011683,-0.020409869,-0.2223962,0.26638296,-0.6884964,-0.006119898,0.33715743,0.16031577,0.6323084,-0.34556758,-0.4420486,0.65933394,-0.3012443,0.25414088,-0.5255959,-0.20156656,1.1343614,-0.34878892,0.6519202,0.6742434,5.276156,1.7625941,6.3108926,-0.3861747,6.915946,-0.35619348,-0.8180872,0.860287,-1.745006,0.4598256,-0.53486454,5.276156,-0.8110999,0.8172549,-2.5726736,0.33152825,-0.7883221,5.276156,0.5197551,6.332191,0.51520663,1.0
SMC1A,-0.33055896,-0.17773095,2.531557,0.34016266,0.10812999,0.56689763,-0.040658787,0.41802523,2.6191616,-0.35979557,-0.45563754,1.0818232,-0.3977495,-0.3678864,0.22604382,0.28373644,-0.5192957,-0.49807805,-0.3313725,-0.5108092,-0.23927613,-0.4848559,-0.5957188,-0.19125512,-0.46064034,-0.2236466,-0.37646177,-0.33501562,-0.5205455,-0.5141407,-0.2241281,-0.4888114,-0.40244484,-0.5274265,-0.31593537,-0.09121142,-0.05769558,-0.14505059,-0.51448363,0.08297623,-0.6127041,-0.32608658,-0.1978374,-0.78673106,-0.16306151,-0.3709095,-0.1359977,0.017452268,1.1343614,1.5021809,0.6519202,0.73729146,0.24943854,1.7625941,-0.06581284,0.06560465,2.6778789,3.1052015,-0.2144233,1.6649368,-0.8444863,2.2716854,-0.21922766,0.24943854,0.55303043,0.22074386,0.05469523,0.81408745,0.6545613,0.24943854,0.27231395,0.1501352,0.2930537,1.0
FOXO3,-0.33055896,-0.17394798,-0.270532,-0.44828185,-0.23725493,-0.4742777,-0.47849283,-0.12334365,-0.4638414,-0.35979557,-0.45563754,-0.24113184,-0.3977495,-0.3678864,-0.5948769,-0.5667236,-0.51618236,-0.5736278,-0.5197405,-0.5326598,-0.6042401,-0.54387945,-0.5860649,-0.43199685,-0.57909495,-0.61369216,-0.54484427,-0.5134915,-0.5089289,-0.5011223,-0.5674457,-0.54971427,-0.6615741,-0.102113456,-0.6864246,-0.6213569,-0.8143687,-0.51511353,0.24368274,-0.23712295,0.053693525,0.2502099,-0.80206245,-0.33693612,-0.6454037,-0.29395497,-0.18590914,-0.5899218,1.1343614,-0.503708,-1.53393,0.73729146,2.1463132,1.7625941,2.9856572,-0.6325302,0.15133874,1.2080907,-1.4314051,0.3742492,-1.5745051,-0.5073146,-1.2805506,2.1463132,-0.39676717,0.98855907,-2.1298585,-0.36014003,-0.1568401,2.1463132,-0.2720567,2.8678505,0.6865397,1.0
VHL,58.399975,-0.5097135,-0.270532,-0.44828185,-0.6200142,-0.4742777,-0.47849283,-0.12334365,-0.4638414,-0.35979557,-0.45563754,-0.22286537,-0.11539481,-0.3678864,-0.5948769,0.28699583,-0.35085484,-0.18127295,1.5613617,0.26675516,1.287298,0.5870764,0.5558005,-0.07854304,1.0574057,0.100251034,-0.08742369,0.83846664,0.38975957,1.2859282,-0.3883972,-0.507985,-0.09196156,-0.763898,-0.34867087,-0.370038,-0.12820981,-0.5777245,-0.49226126,-0.25095543,-0.14485043,-0.42927724,-0.32174346,-0.48136583,-0.58615553,-0.72215074,-0.7394134,-0.49112558,-0.88155335,0.8050914,0.6519202,0.73729146,1.0081884,1.7625941,-0.10534323,-0.20735486,1.4553596,1.3079386,-0.25068194,1.0313756,-0.8489854,2.0673726,-0.06518274,1.0081884,-0.18712817,0.11725021,0.3499052,1.0392818,-0.4919842,1.0081884,-0.22256845,1.4044653,1.3565632,1.0
XIAP,-0.33055896,-0.5097135,-0.270532,-0.44828185,-0.2482343,-0.21346125,0.49047083,-0.12334365,0.303021,-0.35979557,-0.45563754,0.1130462,-0.3977495,-0.3678864,0.9243373,-0.5667236,-0.21525002,0.17424403,0.5287922,-0.49561763,3.9199429,-0.50488526,-0.3327047,0.7890588,1.0183632,1.2807459,0.30155402,-0.1621302,-0.37830523,-0.2803979,-0.36891782,0.04674078,-0.32167408,-0.7520173,-0.78285474,-0.5886821,-0.46180207,-0.7488997,-0.71840245,-0.6917531,-0.6880977,-0.766274,-0.6465119,-0.7108102,-0.68922544,-0.6793708,-0.80179155,-0.36804155,1.1343614,-0.28927198,0.6519202,0.73729146,0.5576806,1.7625941,0.3477295,-0.45935708,0.72184783,6.899422,-1.0838591,0.1475846,-0.7345405,-0.5321235,-1.044267,0.55768067,-0.0062699215,1.534839,-1.4930484,0.1787178,0.38291824,0.55768067,-0.42052144,0.9564902,1.0303655,1.0
GLI1,-0.33055896,-0.17401761,-0.270532,1.9172982,0.5542678,0.30665502,0.95270175,-0.12334365,1.0793427,0.8670641,-0.45563754,-0.04022146,0.16933078,2.304343,-0.5948769,2.8477678,-0.26546052,-0.4675409,-0.4916277,-0.17635933,-0.44468182,-0.40311387,-0.18167432,0.39134648,-0.5141596,-0.5842096,-0.47417945,-0.46632987,-0.44794697,-0.31463218,-0.44399124,-0.26957503,-0.1583798,0.6309141,-0.7191472,-0.7681107,-0.48667112,0.89821655,-0.3398138,2.5932198,0.6223213,-0.2759928,1.2058358,2.4627104,-0.5141804,-0.64669335,0.6340122,-0.06963305,1.1343614,-0.38117313,0.6519202,-0.39757356,2.2174459,1.7625941,1.138559,-0.43075642,0.64034647,-0.6224546,-1.13353,0.7707956,-1.4042207,1.7982025,-1.0614883,2.2174459,-0.49348548,1.2645575,-2.3196363,1.2644762,-0.5837078,2.2174459,0.3218022,2.5990655,-0.024932155,1.0
EIF4A2,0.42264065,1.1673201,-0.270532,-0.44828185,0.58103657,0.5748948,0.0048258505,0.41449457,1.0859166,-0.35979557,2.8201962,0.35370773,1.310777,0.9647995,-0.5948769,0.28865668,-0.5424769,-0.45979983,-0.42863238,-0.46019778,-0.5632373,-0.45804447,-0.46993765,-0.39833453,-0.5013947,-0.5898194,-0.53299636,-0.4882953,-0.5222349,-0.5777634,-0.57562697,-0.51240593,-0.51624596,-0.13838091,-0.5299379,-0.8193752,-0.56775296,-0.72784215,-0.500041,-0.3121858,-0.15234873,-0.4867543,-0.36941782,-0.01506949,-0.7821212,-0.3960643,-0.3010322,-0.41781735,1.1343614,-0.09906857,0.6519202,0.73729146,-0.011381694,-0.5673456,-0.14715032,0.1378162,0.06983742,0.5757205,0.7052638,1.1131623,-1.591652,1.7241282,0.88734585,-0.011381709,0.8403854,-0.7271149,0.923456,0.6693197,0.72864574,-0.011381709,0.42077863,-0.26797485,0.02782559,1.0
RANBP2,1.1711624,1.810483,-0.270532,1.1284891,1.3652487,1.0527494,2.4270654,1.2141936,1.0931079,3.349546,1.9664993,1.2767087,0.1682276,0.9616607,1.0322169,2.8414824,-0.43599787,-0.5163217,-0.4373385,-0.37298098,-0.44998068,-0.39121515,-0.58430344,-0.3812162,-0.3992681,-0.40280378,-0.5103846,-0.49644387,-0.40244982,-0.2711261,-0.54082876,-0.4472218,-0.044819947,-0.30904213,-0.5872393,-0.53018206,0.072353914,-0.42108458,-0.6147861,0.027122362,0.14263664,-0.55435425,-0.6850175,-0.7800181,-0.3754861,-0.56239116,-0.5840387,0.2192273,-0.88155335,1.6503043,0.6519202,0.73729146,2.5968208,1.7625941,0.24306384,0.30425647,1.1293542,0.5091552,0.81304586,1.3386818,-1.301705,1.6093427,0.80915046,2.5968208,0.58302647,0.23629944,-0.2236456,1.1438364,0.31941724,2.5968208,4.87472,0.32932523,-0.25704738,1.0
VAV1,1.173079,0.13724262,-0.270532,1.1277907,0.14622274,-0.2183987,-0.47849283,-0.12334365,-0.4638414,-0.35979557,-0.45563754,-0.050180964,0.73140925,-0.3678864,-0.5948769,1.135486,1.6090947,-0.18868695,0.18298219,1.6629187,-0.35397968,1.101307,1.5081847,0.6011351,0.6158319,0.26602298,1.1295892,0.41143602,0.67450434,1.1159517,0.9284303,0.7623804,1.5082339,-0.58429414,0.34977776,0.49524248,-0.14872517,-0.4685876,-0.76881516,0.17630923,-0.55279857,0.056471787,0.11942803,0.15710546,0.46501592,0.10526197,-0.17443484,1.0838053,1.1343614,-0.503708,-1.53393,0.5481474,1.8854929,1.7625941,0.06819795,0.009635231,1.8628659,-0.7888678,-0.058229983,0.18762824,-0.4138284,0.9077784,-0.15834147,1.8854928,-0.020493684,0.20925903,-0.26581845,0.6693197,-0.061588638,1.8854928,1.2620788,1.6135203,0.63826555,1.0
SYK,0.41908342,-0.17589332,-0.270532,1.1268733,-0.22011046,0.8075864,0.0083856825,-0.12334365,1.0309535,-0.35979557,-0.45563754,-0.0692696,-0.3977495,-0.3678864,0.9473204,-0.5667236,0.3299299,-0.28589708,-0.28695095,0.86376303,-0.55048496,-0.268837,-0.21976654,-0.28353834,-0.18588467,-0.4672465,0.93952364,0.5616645,-0.48026744,-0.22499858,0.18711454,0.052207574,0.1877818,-0.5699044,-0.37852794,0.00021646461,-0.61784244,-0.62306887,-0.37672576,0.1218401,-0.31188035,0.4247368,-0.19106747,0.5911906,-0.7660346,-0.44637856,1.3255919,0.19764866,1.1343614,-0.47307432,0.6519202,0.6742434,1.9329147,1.7625941,0.791006,-0.10315433,1.9443673,0.34274203,-0.2302291,0.46746004,-1.1600108,0.79967916,-0.16838436,1.9329147,-0.18390538,1.0753099,-1.6111324,0.60497844,0.037190665,1.9329147,1.0146376,1.8225753,0.7927297,1.0
APC,1.9193602,1.0562496,49.89725,5.851466,3.5810688,0.7728621,4.760523,1.4570401,0.30934492,2.0914574,5.2503614,1.980326,51.936512,0.962888,1.0658369,1.1322097,-0.46697646,3.6283884,1.243141,6.6229167,1.3721646,0.6781002,2.4050379,-0.30661237,2.6849432,1.8253946,3.634226,1.9335142,1.2485206,0.323581,0.46588624,0.15977989,-0.57982606,-0.1335572,0.18244937,-0.090458035,-0.62210834,-0.13976996,0.26939344,0.10299535,0.1530417,-0.48655552,-0.70043933,-0.3713949,0.07993347,0.12251279,-0.5555112,-0.058849417,1.1343614,-0.42943174,0.6519202,0.6742434,1.458696,1.7625941,0.1277046,-0.3926521,0.64034647,-0.22306289,-0.739383,0.4723359,-1.5877438,0.44882572,-0.2686215,1.4586961,-0.30748335,0.30846986,-0.8899767,0.50846666,-0.59781915,1.4586961,-0.42052144,2.0913606,0.4935316,1.0
HLA-A,-0.33055896,-0.1745522,-0.270532,0.3410248,-0.21944219,4.74718,-0.47849283,-0.12334365,1.0956544,-0.35979557,0.36251816,-0.42022038,-0.115784146,2.2998643,2.7395334,1.1429198,-0.59991425,-0.59486717,-0.56698436,-0.5535382,-0.66282326,-0.57277435,-0.60041165,-0.4826095,-0.6327475,-0.62440443,-0.58754885,-0.5427524,-0.53311604,-0.5980372,-0.5872617,-0.5531918,0.7401484,-0.46396214,-0.66351086,-0.022944149,-0.74118376,0.61255145,-0.65523016,0.021640737,-0.4687205,0.26623434,0.17476091,-0.695103,-0.30508152,-0.15363336,-0.64459604,0.38907528,-0.88155335,-0.503708,-1.53393,0.6742434,0.65252435,1.7625941,0.47967973,-0.3012599,0.80334914,0.47587258,-0.9256539,0.68992853,-1.3427327,0.16072245,-0.854509,0.6525244,0.05221756,1.3998302,-1.5478731,0.46825337,0.2911946,0.6525244,-0.37103316,1.0460852,0.27913293,1.0
CD274,-0.33055896,-0.18089905,-0.270532,-0.44828185,-0.6200142,-0.21557307,-0.0025137379,-0.12334365,0.31485206,-0.35979557,-0.45563754,-0.610674,0.17011978,0.9710854,-0.5948769,-0.5667236,-0.21740486,0.0076309945,0.043770958,0.5962865,0.15283923,-0.151519,-0.3207177,1.3118241,0.24612911,0.17887695,-0.024506085,-0.03892417,-0.30946502,-0.5317193,0.119797505,0.023925269,-0.3283917,-0.57524544,-0.785871,0.54692,-0.5493026,0.072996184,0.681703,-0.16644877,-0.7058838,-0.13959308,0.37801898,-0.26635638,-0.67559445,0.22442552,-0.012544105,-0.3784701,-0.88155335,-0.503708,-1.53393,0.4850993,0.107172936,1.7625941,-0.1489514,0.69269234,-0.41917032,0.7088511,-0.043083344,0.77766556,-0.73110133,0.5343464,0.26684216,0.10717295,0.24095172,0.9002329,-0.9321495,0.5808505,0.49580884,0.10717295,0.2228257,0.000810178,0.37494013,1.0
PPP2R1A,-0.33055896,0.49448907,-0.270532,-0.44828185,0.16641054,-0.21227294,0.009134135,0.4194662,-0.4638414,2.1156442,-0.45563754,1.2949637,0.16919504,-0.3678864,1.076609,0.2859891,-0.2799449,-0.57619554,-0.5173852,-0.4709826,-0.5025634,-0.57025826,-0.56365114,-0.38374683,-0.4735407,-0.5834695,-0.5043512,-0.5413964,-0.41366354,-0.53417647,-0.5227042,-0.44694087,-0.4894344,-0.41928732,-0.7959201,-0.5357091,-0.5676097,-0.50753397,-0.7748711,-0.21498883,-0.72167856,-0.61956906,-0.18596487,-0.7642006,-0.64854115,-0.79993826,-0.56092745,-0.6313959,-0.88155335,3.3780718,0.6519202,0.73729146,1.6009617,1.7625941,1.8522799,-0.5628791,4.3079047,0.7088511,-1.152756,0.8363324,-1.636691,-0.46495628,-0.90553683,1.6009617,-0.27085552,0.6857643,-1.0966237,-0.10277509,-0.04747731,1.6009617,-0.42052144,2.2705505,0.7675176,1.0
BUB1B,0.4227377,-0.1756595,-0.270532,-0.44828185,0.95841813,0.04555285,0.9684933,-0.12334365,-0.4638414,-0.35979557,-0.45563754,-0.610674,-0.11291723,-0.3678864,0.24222033,0.28718686,-0.52557343,-0.0343279,-0.28520578,-0.40054548,-0.60978407,-0.295815,-0.119113214,-0.3992641,-0.13480484,-0.4988611,-0.44962046,-0.38831717,-0.415572,-0.2626497,-0.3459756,-0.53525513,0.30928114,2.179203,-0.061576847,1.415006,1.8550386,0.787508,2.6453078,0.9974941,2.0743556,2.245907,3.3327389,3.2803638,0.92670196,2.8661323,3.4718435,0.17032896,-0.88155335,1.8921341,0.6519202,-1.0911021,1.2690086,1.7625941,-0.13542248,0.8730231,0.8848504,-0.68901986,0.7843346,1.0740925,-0.78617424,2.1557105,0.44038346,1.2690086,0.19504301,0.9442455,-0.88575935,1.1438364,-0.16036794,1.2690086,2.796214,-0.088784836,-0.108456776,1.0
CALR,-0.33055896,-0.17380758,-0.270532,0.3416568,-0.22269903,-0.4742777,-0.47849283,0.14821202,-0.4638414,-0.35979557,0.3660108,0.1653158,-0.11466397,-0.3678864,1.0703299,-0.5667236,-0.53159034,-0.56773484,-0.5453998,-0.42452797,-0.53666383,-0.4845371,-0.55011594,-0.37450486,-0.52736,-0.61878407,-0.50144386,-0.47628245,-0.49078825,-0.5009342,-0.55583847,-0.49262354,-0.45413548,0.0042057754,-0.36080253,0.13783951,-0.45737347,-0.19322942,-0.14291124,0.41123462,0.28968212,-0.36495408,-0.03623035,0.29993403,-0.3163966,-0.43188858,-0.12241385,-0.6316218,-0.88155335,-0.025281336,0.6519202,0.73729146,-0.43817848,-0.5673456,-0.097500734,0.1239901,0.72184783,2.872223,-0.99567807,-0.2623735,-0.28579757,-1.3794188,-0.6910058,-0.43817845,0.90122366,-0.9545018,1.1511894,0.49238133,0.7992024,-0.43817845,-0.47000965,-0.26797485,-1.5288213,1.0
FANCE,-0.33055896,0.16228932,-0.270532,-0.44828185,0.17831382,-0.4742777,-0.47849283,-0.12334365,-0.4638414,-0.35979557,0.36572364,-0.030313507,-0.11265801,-0.3678864,-0.5948769,-0.5667236,-0.5373527,-0.41126925,-0.18466014,-0.1316697,-0.061379135,-0.53581,0.08635029,0.85516447,-0.2756687,0.29472336,-0.079836614,-0.45725182,-0.06939684,0.3649666,-0.22636312,0.6068559,-0.65625626,-0.21863219,-0.3569743,-0.50935996,-0.366774,0.14062509,-0.47936603,-0.24734776,-0.2049663,0.6020524,1.3797696,-0.77623546,-0.3292204,0.6584201,-0.0132128475,-0.31181273,-0.88155335,-0.13190217,0.6519202,0.6111953,0.03604013,-0.5673456,-0.17109932,0.37839177,0.72184783,-0.7888678,0.25054592,1.1520255,-0.47747073,1.4062214,0.21974425,0.036040153,0.12916724,2.143555,-1.3496608,0.57280785,0.61575514,0.036040153,0.17333746,-0.05891983,-0.06553385,1.0
VEGFA,-0.33055896,-0.18642624,-0.270532,0.28154945,-0.6200142,-0.4742777,-0.47849283,0.14756049,0.22343884,0.84914285,-0.45563754,0.28350255,-0.3977495,-0.3678864,1.0474205,-0.5667236,1.2782928,0.67912614,-0.5222787,-0.37112033,-0.5336172,-0.5592858,-0.52401024,-0.079784214,-0.095389076,-0.24764492,-0.5750656,0.6572434,-0.43908784,-0.54988194,0.50209326,-0.34551945,2.4332116,-0.44264826,1.0864116,0.22688283,0.35944244,0.28990847,-0.6185933,0.16112079,-0.5219737,-0.64035124,-0.33582574,-0.7941789,0.636618,-0.70946664,-0.11106645,0.8777208,1.1343614,-0.503708,-1.53393,0.73729146,1.7432272,1.7625941,0.7440028,-0.26313114,0.06983742,3.205049,-0.44235346,0.3191584,-1.2657744,0.21561384,-0.32756755,1.7432272,-0.33579603,0.51733524,-1.9063424,-0.0303912,-0.32970387,1.7432272,0.27231395,2.0316305,0.6548053,1.0
JUN,-0.33055896,0.16178246,-0.270532,-0.44828185,-0.2171326,-0.21172962,-0.47849283,0.14804436,0.31485656,2.1225905,2.002222,-0.22324221,0.74179274,-0.3678864,-0.5948769,0.2892861,-0.5147446,-0.59073913,-0.54234004,-0.5090244,-0.5669101,-0.55184543,-0.5219391,-0.39073437,-0.61712533,-0.5924725,-0.52217215,-0.5109241,-0.5053476,-0.45402128,-0.53832823,-0.49703678,-0.5926703,1.2754711,-0.6423855,-0.31614625,0.25728038,-0.32452437,0.59700453,2.5675411,1.3176332,-0.19062291,1.0539839,1.0003552,-0.52746856,0.39441818,0.63317883,0.12931311,1.1343614,-0.38117313,0.6519202,0.73729146,3.9483438,1.7625941,3.6454265,-0.56576735,1.3738582,0.40930727,-1.2156814,0.31365114,-1.1744484,0.82304573,-1.1353397,3.9483438,-0.5837952,0.42611018,-2.3112018,0.8382155,-0.56959647,3.9483438,-0.17308022,5.077861,0.5199509,1.0
SDHA,-0.33055896,0.1601159,1.113609,-0.44828185,0.16671297,0.28608885,0.49423975,-0.12334365,0.31616047,-0.35979557,0.36352798,0.33966008,-0.3977495,-0.3678864,1.0627868,0.28942823,-0.42307007,-0.42875233,-0.56351984,-0.53033835,-0.34528148,-0.04107317,-0.5821891,0.47222012,-0.48117825,-0.2545574,-0.546913,-0.41898564,-0.2608933,-0.3456427,-0.5572187,-0.46643883,-0.37350973,-0.69853216,-0.01507187,-0.7612532,-0.7905428,-0.6958198,-0.26270917,-0.5330962,-0.72211784,-0.4861633,0.18898597,-0.46903127,0.12787673,-0.36951166,-0.55606407,-0.50746816,-0.88155335,1.2933537,0.6519202,0.73729146,-0.48560035,-0.5673456,-0.1765179,-0.8300165,-0.5006716,-0.6557372,-0.4953891,1.0816374,-0.051874716,0.35997146,-1.3710836,-0.48560032,0.43012732,-0.16512087,0.67885345,0.50042397,0.16419262,-0.48560032,-0.42052144,-0.35756984,-0.8820379,1.0
CDKN2C,0.4217602,-0.17657672,-0.270532,-0.44828185,-0.6200142,-0.4742777,-0.47849283,0.41963777,-0.4638414,-0.35979557,-0.45563754,-0.4210945,-0.3977495,-0.3678864,-0.5948769,-0.5667236,0.36421108,-0.31548724,-0.45491934,-0.53401536,-0.4399077,-0.4212931,-0.3363,0.10514165,-0.28726047,-0.47638795,-0.47471094,-0.36186433,-0.43357894,-0.4247162,-0.42646307,-0.4409324,0.54190725,0.9491524,0.53175884,-0.49273854,-0.5166534,-0.65608525,-0.5309434,0.20956796,-0.663191,-0.0010374697,1.5400616,0.5532525,-0.08607002,-0.8406584,-0.21182187,-0.49170533,1.1343614,-0.503708,-1.53393,0.73729146,-0.2247801,-0.5673456,-0.16574796,-0.7601259,-0.5006716,-0.72230256,-0.8550321,0.23311129,-0.69425607,-0.16315345,-0.98173225,-0.2247801,0.45330533,0.16630737,-0.038085043,0.41999745,0.47816968,-0.2247801,-0.37103316,-0.05891983,0.55609655,1.0
CCND1,0.4216821,-0.17426096,-0.270532,-0.44828185,-0.22295944,-0.21289098,-0.47849283,-0.12334365,0.31586477,0.88192195,-0.45563754,2.0838132,-0.3977495,0.9604808,1.0733092,-0.5667236,-0.41286194,-0.50476086,-0.39220047,-0.3194938,-0.6244872,-0.4713372,-0.44035,0.77960086,-0.21623224,-0.56994605,-0.5822753,-0.01388461,-0.5140441,-0.5512135,-0.3406282,-0.433899,1.3014611,-0.032639936,0.54089105,-0.23908964,-0.18818898,-0.35496306,-0.4397471,1.4950696,-0.61698174,-0.18238178,-0.317776,0.2691468,1.0352942,-0.017916229,-0.7877855,-0.14753655,1.1343614,0.37386844,0.6519202,0.6111953,2.7390866,1.7625941,1.9430852,-0.5607872,2.433375,7.365379,-1.1108947,0.36552754,-1.8235214,0.29555258,-0.84785455,2.7390864,-0.50728905,0.24906605,-1.41292,0.2511017,-0.5837078,2.7390864,-0.32154492,3.6443408,0.55970687,1.0
CASP3,-0.33055896,-0.5097135,-0.270532,-0.44828185,-0.2289736,0.02548695,-0.47849283,-0.12334365,-0.4638414,-0.35979557,0.36326274,-0.4192688,-0.3977495,-0.3678864,0.24123076,-0.5667236,-0.5127341,-0.5855349,-0.485332,-0.440695,-0.623266,-0.5665887,-0.5949354,-0.45167476,-0.5315,-0.53098935,-0.5841304,-0.49801627,-0.4807656,-0.46745348,-0.5174699,-0.46036297,-0.1506279,-0.25391868,-0.36013404,-0.70595324,-0.8277144,-0.5429004,-0.13433993,-0.22202924,-0.33510917,-0.123252355,-0.17031862,0.03127175,-0.44586343,-0.14700016,-0.17547558,0.064665996,1.1343614,-0.503708,-1.53393,0.73729146,2.3360007,1.7625941,4.562863,-0.641309,-0.33766904,0.3760246,-1.6121123,0.48055598,-1.5755304,-0.5104741,-1.6420153,2.3360004,-0.2016534,0.22892836,-0.57789755,0.017864726,-0.061588638,2.3360004,-0.024615495,2.9574456,-0.01992437,1.0
CUL3,-0.33055896,0.12993817,-0.270532,3.490281,0.119282134,0.044716295,0.45360798,0.14770307,0.30078375,-0.35979557,-0.45563754,0.5037075,-0.1307416,0.94772,1.6889645,8.787594,-0.52549803,-0.58411807,-0.523512,-0.47226563,-0.5733104,-0.56072634,-0.5215256,-0.3796074,-0.5726503,-0.49997002,-0.5804546,-0.5295651,-0.4788936,-0.5058623,-0.5684191,-0.5322941,-0.27459306,-0.75090384,-0.75725937,-0.6415346,-0.4866065,0.11072541,-0.70429534,-0.7167608,-0.48813266,-0.7198889,-0.8128599,-0.62700576,-0.7473035,-0.8456477,-0.7441708,-0.4211451,-0.88155335,1.1040281,0.6519202,0.73729146,1.0081884,1.7625941,-0.06765653,-0.41490874,1.047853,1.3079386,-0.39721867,0.953977,-0.99289125,0.90613174,0.101018876,1.0081884,-0.4556986,0.44620955,-1.0924064,0.73366094,-0.51315117,1.0081884,-0.32154492,1.4641953,1.0982455,1.0
SF3B1,0.42135078,3.5049584,-0.270532,2.708319,0.56426287,0.047892343,0.0077361586,0.41954356,1.8703405,0.8662134,2.817635,0.7290545,1.0071168,-0.3678864,-0.5948769,3.7000158,-0.41733867,-0.5833678,-0.4868188,-0.4759254,-0.6399303,-0.5420391,-0.50831443,-0.35981002,-0.5347653,-0.52630746,-0.5316249,-0.46593422,-0.5179449,-0.56645346,-0.46923274,-0.5112608,-0.55692595,-0.6540823,-0.35095218,-0.42218515,-0.11126279,-0.5178902,-0.63185155,-0.5905322,-0.7587246,-0.7009977,-0.34243077,-0.80312943,-0.40530053,-0.79101294,-0.8179831,-0.30307937,-0.88155335,3.8528323,0.6519202,0.73729146,-0.46188942,-0.5673456,-0.18088442,0.7599944,1.2923568,0.34274203,-0.2682013,0.15141322,-0.07897807,-0.49774563,-0.07482997,-0.4618894,-0.1272278,-0.18412757,0.3203842,-0.27971348,-0.23798023,-0.4618894,-0.37103316,-0.35756984,-0.2864377,1.0
LEF1,-0.33055896,0.16050115,-0.270532,1.1282595,-0.21783398,0.30426702,0.009075019,0.41017094,1.087219,-0.35979557,1.9908592,0.16067888,0.15538897,0.96716624,1.047245,0.28662774,-0.4987754,-0.07719353,-0.38414702,-0.39443076,-0.10473867,-0.41468304,-0.03195045,0.5003935,-0.51151437,1.1039764,-0.067623384,0.8093207,0.1401935,-0.15541378,-0.124530785,0.11137159,-0.35838598,0.77670914,1.0672756,0.18327306,0.6904783,-0.098132625,-0.2466082,0.26398632,-0.7136213,0.13603239,2.4113185,-0.29767624,1.1062173,0.29160663,0.105768695,1.1852497,1.1343614,-0.47307432,0.6519202,-0.019285204,0.3917041,1.7625941,0.009237682,-0.56501466,0.8848504,-0.6224546,-1.0270121,0.29308558,-0.7678205,-0.41817686,-1.1260828,0.39170414,0.30803445,-0.007878138,-0.13929988,0.26718703,0.37233472,0.39170414,-0.37103316,0.71757025,0.976743,1.0
EGF,0.41878626,-0.1748894,-0.270532,1.1283917,0.92838776,0.3102252,1.9196304,-0.12334365,1.8527544,0.87588644,0.36238998,0.14075346,-0.11536067,0.9599403,0.98533314,0.2865628,0.8939366,1.4238826,-0.27052844,-0.010236684,-0.41217023,-0.26576912,0.23915793,0.11487289,0.6771225,-0.48725942,2.8451583,0.46288553,-0.17450829,-0.41112998,0.5050322,1.1855816,5.088243,1.2493643,1.7626685,-0.25033414,-0.064122915,1.1571637,1.0539743,1.1203479,0.9073587,1.033077,-0.24171822,-0.75155467,0.9153526,-0.44286317,0.23307805,5.2352333,-0.88155335,-0.503708,-1.53393,-1.2802463,2.5256882,1.7625941,1.1757387,-0.3783282,4.389406,-0.056649685,-0.5694266,0.4129199,-1.1297151,-0.08583044,-0.46371186,2.525688,-0.30153203,0.11904744,-1.2357941,-0.3118841,-0.29795337,2.525688,0.37129042,2.9574456,0.7452832,1.0
CDKN1B,-0.33055896,1.1694685,-0.270532,1.9202818,-0.6200142,-0.21165583,-0.47849283,0.14815475,1.094331,-0.35979557,-0.45563754,0.35593843,0.17184469,-0.3678864,-0.5948769,-0.5667236,-0.53247935,-0.5880587,-0.5482796,-0.43869188,-0.6276531,-0.5316376,-0.5778047,-0.40818167,-0.5651466,-0.6027112,-0.55390334,-0.47441274,-0.5137977,-0.467179,-0.5626904,-0.5163447,-0.43755582,-0.787679,-0.65177906,-0.48445123,-0.7728131,-0.26519185,-0.4864241,-0.3234713,-0.7764562,-0.6415282,-0.82799095,0.2530039,-0.63927865,-0.5466485,0.012804241,-0.33880988,-0.88155335,-0.46707174,0.6519202,0.73729146,2.3834226,1.7625941,1.9368129,-0.045644443,0.80334914,3.9039845,-0.51072586,1.0199881,-1.4572206,0.36196914,0.112378746,2.3834224,-0.163318,0.60164016,-0.95745325,0.49238133,-0.33675954,2.3834224,2.2023551,1.6732503,0.4153544,1.0
BCL10,-0.33055896,-0.5097135,1.1402035,-0.44828185,-0.21713059,-0.4742777,-0.47849283,-0.12334365,-0.4638414,-0.35979557,1.1860597,-0.610674,-0.3977495,-0.3678864,0.22972007,-0.5667236,-0.42750815,3.5593715,0.29425496,4.440242,0.46362486,-0.15844381,0.64885825,-0.43919113,2.2191446,-0.0824116,0.7447789,0.55147576,0.3326826,0.9074491,-0.014542104,-0.17029953,-0.63716614,-0.6145995,0.520988,-0.64219016,-0.69960725,-0.269481,-0.68534094,-0.40965208,-0.15235749,-0.38547435,-0.7326193,-0.7798271,0.15689395,-0.8213363,-0.40817618,-0.21717952,-0.88155335,-0.503708,-1.53393,0.73729146,0.2968604,1.7625941,-0.1274949,0.16941899,1.6998634,1.0416776,-0.2922444,0.007822908,-0.26089668,-0.1640468,-0.28950557,0.2968604,-0.6299173,1.6319914,-1.4466583,0.28327233,-0.54137385,0.2968604,-0.17308022,0.47865024,0.4318894,1.0
MAPK1,-0.33055896,-0.5097135,-0.270532,0.32180196,-0.24072477,1.3405343,-0.47849283,-0.12334365,-0.4638414,0.87125593,-0.45563754,-0.610674,-0.11404044,-0.3678864,5.2523737,0.28660586,-0.53145605,-0.59049404,-0.5057474,-0.52722734,-0.5558803,-0.54557055,-0.54697424,-0.4537945,-0.5431571,-0.5519296,-0.5639535,-0.5111548,-0.4916844,-0.5094931,-0.5685168,-0.5227507,-0.68500066,-0.3726273,-0.3277209,-0.03840923,-0.6356183,-0.7710746,-0.48633352,-0.74077153,-0.2872635,-0.2915203,-0.42742208,-0.7910484,-0.38088223,-0.84562546,-0.6564745,0.104672566,1.1343614,0.084984586,0.6519202,0.73729146,8.311155,1.7625941,16.499285,-0.61391485,3.3298893,5.10216,-1.1830429,0.38074142,-2.231781,1.8839188,-1.1101235,8.311155,-1.7306072,0.36816534,-2.4925451,3.0901587,-1.7831707,8.311155,-0.074103735,10.513291,0.4685079,1.0
PCNA,0.42340416,0.1618536,-0.270532,0.34148252,-0.6200142,-0.213039,-0.47849283,-0.12334365,-0.4638414,-0.35979557,-0.45563754,-0.610674,-0.3977495,-0.3678864,-0.5948769,0.2885207,-0.55441475,-0.5503691,-0.5326896,-0.539473,-0.6347316,-0.5513276,-0.5446751,-0.39161152,-0.557287,-0.61904055,-0.58108395,-0.4873044,-0.51672685,-0.52472514,-0.56993794,-0.5113769,-0.53513116,0.3710224,0.07525565,-0.66540915,0.7684223,0.10208323,0.16613492,-0.20221622,0.7791938,1.6299734,0.64883184,0.526122,0.2264219,0.62654823,0.97410417,-0.18392827,-0.88155335,1.8957574,0.6519202,0.73729146,0.79478997,1.7625941,0.32896063,-0.34783268,6.6714425,-0.02336703,-1.4880995,0.14253256,-1.2369863,-1.0002593,-1.5282145,0.79478997,0.12173135,1.1210387,-1.3707472,0.3395709,0.34763992,0.79478997,-0.47000965,1.2850053,0.4357128,1.0
AXIN1,1.1756982,-0.17913638,-0.270532,0.34094742,0.5862261,0.03111647,-0.0068954043,0.14804369,0.3128732,-0.35979557,2.821906,0.72405493,-0.11329209,-0.3678864,0.23854357,1.1401539,-0.10201711,-0.34369075,-0.36216924,-0.51499754,0.25774,-0.38402072,-0.2363435,-0.22791114,-0.34664348,-0.5456768,-0.20267104,-0.53967005,-0.48766166,-0.13600679,-0.4391101,-0.4026549,-0.24477854,-0.06929444,-0.2839244,-0.17206556,-0.20498265,-0.34801844,-0.39666522,-0.19083151,-0.7198718,-0.3062791,0.058677677,-0.6386933,-0.4849393,-0.5872556,-0.6937756,0.16867189,1.1343614,-0.10546964,0.6519202,0.73729146,1.5772507,1.7625941,0.090317816,-0.22656661,3.1668866,-0.58917195,-0.53971505,0.48204535,-1.6689073,0.6193542,-0.22198659,1.5772507,-0.2906019,0.6914821,-1.058668,0.6371491,-0.53431815,1.5772507,-0.22256845,2.1212256,0.68351066,1.0
MLH1,-0.33055896,0.15888351,-0.270532,0.34000906,0.5159318,0.040806647,-0.47849283,-0.12334365,1.0804528,-0.35979557,-0.45563754,-0.048943155,-0.11656584,-0.3678864,0.16006915,-0.5667236,-0.5205542,-0.5849732,-0.5444462,-0.51133937,0.73887587,-0.5618931,-0.53657776,-0.4049544,-0.59310967,-0.39206105,-0.5575773,1.5239849,0.4340971,-0.48750985,-0.5155739,-0.52494985,-0.2635256,-0.769414,-0.55184656,-0.4922803,-0.555444,-0.256555,-0.5321583,-0.36358082,-0.47588068,-0.5236013,-0.29924133,-0.47435772,-0.71100295,-0.40141886,-0.6940101,-0.6502832,-0.88155335,-0.503708,-1.53393,0.73729146,-0.43817848,-0.5673456,-0.18007891,-0.8300165,1.7813646,0.5091552,-0.5435663,-0.2866108,0.05445387,-0.55549717,-0.6597379,-0.43817845,0.65750486,-0.59016263,0.90236956,0.48433867,0.5099202,-0.43817845,-0.42052144,-0.29783985,1.1265599,1.0
CTNND1,0.3699451,0.11359588,-0.270532,-0.44828185,1.1150206,0.24522161,0.39479363,0.14595877,0.9362529,1.8606263,1.036372,1.1408767,0.118360594,-0.3678864,0.57776713,0.23000188,-0.46025848,-0.55251867,-0.51669306,-0.4088648,-0.5646111,-0.38949308,-0.5762575,-0.47914392,-0.50406855,-0.5735197,-0.36935982,-0.49076796,-0.50986224,-0.40892035,-0.56206495,-0.38805866,-0.68624675,-0.4968442,-0.6552868,-0.61928654,-0.7905319,-0.45693743,-0.5115198,-0.24158777,-0.8169175,-0.61983204,-0.8125751,-0.8321136,-0.0715317,-0.7911639,-0.3649943,-0.17378652,1.1343614,-0.503708,-1.53393,0.73729146,1.1978757,1.7625941,0.14465995,-0.41558933,-0.011663832,1.2413733,-0.78985053,0.0886456,-1.1288532,-0.026060423,-0.8310542,1.1978759,0.11188204,0.1419568,-0.40920615,0.36369887,0.17830394,1.1978759,-0.17308022,1.6135203,0.8849342,1.0
ERCC1,-0.33055896,0.8290403,-0.270532,-0.44828185,-0.6200142,-0.2124406,-0.47849283,-0.12334365,-0.4638414,-0.35979557,-0.45563754,0.1470904,-0.3977495,-0.3678864,-0.5948769,0.28458306,-0.59991425,-0.59486717,-0.56698436,-0.5535382,-0.66282326,-0.57277435,-0.60041165,-0.4826095,-0.6327475,-0.62440443,-0.58754885,-0.5427524,-0.53311604,-0.5980372,-0.5872617,-0.5531918,-0.37022018,-0.79927504,-0.6764186,-0.26151788,-0.50399816,-0.732885,-0.6803768,-0.41046324,-0.7119399,-0.760653,-0.7240084,-0.6153733,-0.61686975,-0.61204404,-0.617177,-0.6305724,-0.88155335,0.46097234,0.6519202,0.73729146,0.3205713,1.7625941,-0.14519025,-0.2331655,0.39584264,1.6740477,-0.09321849,-0.2288369,-0.21337922,0.20607373,-0.062266506,0.32057133,0.6219957,-0.69852704,0.85597944,0.38782683,0.5381428,0.32057133,-0.12359198,0.47865024,0.39651337,1.0
RGS7,-0.33055896,0.83146924,-0.270532,-0.44828185,0.18552846,0.78728414,0.9705061,0.14435294,0.31682557,2.1192672,-0.45563754,-0.610674,-0.11783771,0.96623665,-0.5948769,-0.5667236,2.5339406,3.6733727,0.32193953,1.7666961,0.31219146,3.4581802,1.6782789,0.5551177,0.17072046,1.2134742,1.1938,-0.5167295,1.4914128,1.3281591,3.689225,0.015127654,2.909537,-0.6490113,1.6684237,2.096867,0.73951995,1.714845,-0.27111733,-0.74307054,-0.8267953,-0.80251473,-0.84492457,1.3791733,1.347646,1.23814,1.1104453,2.393814,1.1343614,-0.47307432,0.6519202,-1.7215827,-0.43817848,-0.5673456,-0.18227868,-0.8300165,-0.41917032,-0.056649685,0.0057248087,-0.95790195,0.71879095,-0.6165284,-0.13472717,-0.43817845,-0.23893227,0.23251837,0.24447307,0.3074003,-0.6895428,-0.43817845,-0.47000965,-0.26797485,-0.28224424,1.0
EDN1,-0.33055896,0.1622998,-0.270532,-0.44828185,-0.22017391,-0.2117025,0.013037251,-0.12334365,-0.4638414,-0.35979557,-0.45563754,-0.222421,-0.115441136,-0.3678864,-0.5948769,-0.5667236,-0.5640002,-0.5108717,-0.4589139,-0.44359502,-0.49835587,-0.47386825,-0.4786938,-0.32932177,-0.4958373,-0.5318091,-0.39510775,-0.4656491,-0.48053232,-0.4998754,-0.56874865,-0.53602946,0.80574197,1.456888,-0.26902977,0.74901927,0.08922499,-0.29200307,1.9138659,-0.4799176,-0.20925356,0.06854684,-0.0060936506,0.5130906,-0.54139197,1.5039266,0.60674846,-0.029250294,-0.88155335,-0.46707174,0.6519202,0.6111953,0.93705547,1.7625941,1.262651,-0.6329951,-0.33766904,1.1082429,-1.272559,0.5590119,-1.157471,-0.12644294,-0.9867112,0.9370556,-0.009197985,0.5810256,-0.7845445,0.18676046,0.17124829,0.9370556,-0.37103316,1.4044653,0.47654185,1.0
XPO1,0.4207536,0.8042994,-0.270532,-0.44828185,0.56687695,0.30937213,-0.47849283,-0.12334365,-0.4638414,0.87138474,-0.45563754,0.34299123,0.14360206,0.95660055,1.0777488,1.1387995,-0.5289616,-0.57232267,-0.5660874,-0.54029346,-0.6525466,-0.55929315,-0.53956664,-0.41698745,-0.5992971,-0.57181156,-0.553591,-0.47696558,-0.5086408,-0.51295394,-0.5535819,-0.5333923,-0.4462787,-0.672343,-0.4438948,-0.7466173,0.4561435,-0.24486259,-0.2273895,-0.5049159,-0.42757136,0.21474986,0.08454545,-0.5973184,-0.19539584,-0.055651855,-0.7184836,-0.23135996,-0.88155335,3.2954986,0.6519202,0.73729146,1.0318992,1.7625941,0.95882267,-0.395658,1.6998634,-0.15649763,-1.420802,0.38478836,-1.0276316,1.0530251,-1.2212981,1.0318993,-0.04666234,0.07575099,-0.5062037,0.7738742,-0.18153493,1.0318993,-0.32154492,1.4940603,0.057089362,1.0
MYD88,-0.33055896,-0.5097135,-0.270532,-0.44828185,-0.6200142,-0.4742777,0.50286335,-0.12334365,0.30979428,-0.35979557,-0.45563754,-0.610674,-0.3977495,0.97939456,-0.5948769,1.1405311,0.35073027,-0.4510601,-0.38353753,-0.5511569,-0.59776926,-0.42945054,-0.4099451,-0.1949412,-0.36916524,-0.565462,-0.55564713,-0.44926777,-0.4766449,-0.5166976,-0.5108639,-0.536033,-0.22431457,-0.3508131,-0.77440876,-0.75774443,-0.4690214,0.0610025,-0.14075424,0.017301174,-0.7229258,-0.28489256,0.20520464,-0.39186442,-0.24729851,0.09075518,-0.25080693,-0.21932916,-0.88155335,-0.4112847,0.6519202,0.6742434,2.762797,1.7625941,1.062028,-0.26983583,-0.41917032,-0.5226067,-0.4706438,0.49206862,-1.5846457,1.0309635,-0.50792074,2.7627974,-0.13908356,0.27324644,-1.1894039,0.85430074,-0.1674236,2.7627974,0.9156611,2.9275806,0.52297705,1.0
TAL1,-0.33055896,-0.5097135,-0.270532,-0.44828185,-0.6200142,0.050167024,0.009716027,-0.12334365,-0.4638414,-0.35979557,-0.45563754,-0.41623357,0.162121,-0.3678864,-0.5948769,0.28574026,1.5515232,4.168262,-0.1598317,3.9741051,0.60435253,1.8655694,4.379326,1.7239252,2.883968,2.053812,2.648573,0.78762555,1.0897928,3.2623014,1.0060401,1.845012,-0.05212895,1.984236,0.8366648,0.6002866,0.205499,-0.56347543,2.958111,0.33903766,1.1686196,1.0005649,-0.23515597,2.9462833,0.842336,2.5932667,1.9855708,1.2501307,1.1343614,-0.41180685,0.6519202,0.16985905,-0.48560035,-0.5673456,-0.18233685,2.3500051,0.15133874,-0.056649685,0.3961254,-1.1014876,0.9692809,-0.4198722,0.29219747,-0.48560032,0.36242762,-0.77656543,0.76319915,-0.06256182,0.3123616,-0.48560032,-0.32154492,-0.41729987,0.7045721,1.0
MALT1,-0.33055896,0.48205036,-0.270532,-0.44828185,-0.24126834,-0.21247894,0.49187535,-0.12334365,0.30885094,0.8761142,0.3512393,0.14855725,-0.1300943,0.96478623,-0.5948769,-0.5667236,-0.5298086,-0.5721233,-0.5314382,-0.546185,-0.65386707,-0.56089395,-0.5763364,-0.41031483,-0.58728796,-0.5990144,-0.56671053,-0.5102794,-0.4891124,-0.5055297,-0.5833908,-0.5221925,0.17536965,-0.24157861,-0.5059562,-0.26592073,-0.4178411,-0.6086559,-0.6462288,-0.6831704,-0.8181994,-0.3999487,-0.6331111,-0.7662445,-0.78020996,-0.60693747,-0.517135,0.11153712,-0.88155335,-0.503708,-1.53393,0.73729146,0.107172936,1.7625941,-0.17124574,0.3730076,1.5368607,0.8419816,-0.0502393,-0.5206284,0.32407275,-0.18098725,-0.1675173,0.10717295,-0.38160184,0.72082424,-0.3585987,0.27522966,-0.48492852,0.10717295,-0.32154492,0.32932523,0.10517609,1.0
NCOR1,1.1658701,6.7935953,-0.270532,3.444177,1.2354335,2.0040572,0.93686324,0.14666043,2.5999515,0.8325453,2.7688658,0.62787694,0.4106094,0.9381778,2.4489458,1.9751835,0.67649984,0.3950144,-0.54980654,-0.46733367,-0.44299313,-0.22920696,-0.52709043,0.14750451,-0.5558276,-0.27595836,-0.36178544,-0.49620548,-0.4126905,-0.16368933,-0.29319045,0.02875079,-0.4573473,-0.4231028,-0.3231824,-0.51367444,-0.5552298,-0.4236049,-0.46268454,-0.7309035,-0.31400144,-0.54666346,0.73634124,-0.3583999,-0.20375352,-0.33141762,-0.41086337,-0.6452922,1.1343614,-0.1973708,0.6519202,0.73729146,1.0081884,1.7625941,0.5250422,-0.38229313,2.2703722,-0.6224546,-1.0081563,0.5674439,-1.214758,-0.20348033,-0.8708846,1.0081884,0.034115985,1.5022111,-2.0665991,0.31544295,0.27355543,1.0081884,-0.22256845,1.4044653,0.6734418,1.0
TBL1XR1,-0.33055896,2.4953701,-0.270532,0.33943933,0.12830018,0.04764505,0.962999,-0.12334365,0.31408432,0.8740365,0.35985634,0.69265354,0.14770442,-0.3678864,1.0554332,1.1393058,-0.54108423,-0.5097864,-0.5428361,-0.52461654,-0.6348664,-0.46026775,-0.49617332,-0.330909,-0.55060816,-0.5719701,-0.5769425,-0.47519776,-0.48272622,-0.5913244,-0.5590429,-0.52190065,-0.34857017,-0.5609498,-0.7636589,-0.5287486,0.108926974,0.08790645,-0.4074743,-0.37898228,-0.50248915,0.0001326619,-0.49040052,-0.5296812,-0.76231366,0.29385403,-0.35091296,-0.31742713,1.1343614,-0.007966865,0.6519202,0.73729146,0.3205713,1.7625941,0.0005780895,0.44485712,0.23284006,2.6725268,-0.18677798,0.993605,-1.2752099,1.2202455,-0.25367707,0.32057133,0.515998,1.0015991,-1.9822536,0.6371491,0.6228108,0.32057133,0.27231395,0.23973021,0.14881727,1.0
POLR2E,0.4235181,-0.1743279,-0.270532,0.34085828,-0.22089723,-0.21244937,-0.47849283,-0.12334365,0.2955487,-0.35979557,-0.45563754,-0.610674,-0.3977495,-0.3678864,-0.5948769,-0.5667236,-0.5825774,-0.5703032,-0.45815793,-0.4599166,-0.6211993,-0.5206068,-0.59011436,-0.3240141,-0.51116824,-0.5705535,-0.54705924,-0.45965448,-0.51591414,-0.472383,-0.5645953,-0.5070543,-0.44550288,-0.6087892,-0.75744116,-0.8110931,-0.26245916,-0.62056035,-0.6665458,-0.54905534,-0.7315419,-0.5892284,-0.8308478,-0.7241409,-0.74915296,-0.85393155,-0.6779065,-0.5464437,-0.88155335,3.307302,0.6519202,0.73729146,2.2411568,1.7625941,0.43713206,0.24657498,9.686991,1.8071784,0.1706707,1.5783758,-1.2185894,2.2141833,0.24464782,2.2411568,0.45556915,0.9786124,-1.5520904,1.4896705,0.38997388,2.2411568,3.19212,0.8967603,0.19583471,1.0
CREBBP,1.1666124,0.8239466,-0.270532,1.8785778,2.357347,4.63979,0.007233356,0.40270162,7.27426,3.332728,1.9893947,2.5941985,1.2626662,0.94687444,6.688417,1.9876119,-0.46414638,-0.52823484,-0.07653567,-0.27353612,0.254002,-0.30176377,0.17822959,-0.31877866,0.17433326,-0.4624474,0.022184277,-0.2574612,-0.2673798,-0.03617506,0.12808596,-0.20770489,-0.5284802,-0.46066365,-0.72152376,-0.64219767,-0.6821776,-0.74862987,-0.59153926,-0.04324883,-0.14672515,-0.63689226,-0.6693753,-0.040241346,-0.5780657,-0.52716154,-0.38644594,-0.44415224,1.1343614,0.13419421,0.6519202,0.73729146,3.3318594,1.7625941,5.410117,-0.6304026,4.552408,0.7421338,-1.4773062,0.59717834,-1.7909847,-0.5220044,-1.341325,3.3318596,-0.49379677,0.7270936,-2.3027673,0.033950035,-0.37909353,3.3318596,-0.42052144,4.4506955,0.34294984,1.0
RPL10,0.4225835,0.15990925,-0.270532,0.34127724,-0.22500484,-0.21174891,0.4940705,-0.12334365,1.860186,-0.35979557,-0.45563754,-0.42099363,-0.1133448,2.317403,0.2443593,0.2876449,0.008480124,-0.5660384,0.18214305,-0.5243818,4.053171,-0.069193475,0.106447235,-0.13449177,-0.53411704,0.7030949,0.11445386,0.40735352,-0.44926032,-0.12984619,0.5146076,0.026299575,0.18762818,-0.32357615,-0.42760023,-0.58269185,-0.44333315,-0.23716435,-0.6195342,-0.617946,-0.35804093,-0.7618162,-0.3418849,0.12267359,-0.47148633,-0.727866,-0.021914864,-0.5162745,-0.88155335,3.6624782,0.6519202,0.73729146,1.5772507,1.7625941,-0.18110938,2.3063345,0.96635175,-0.12321496,2.6622438,0.56574905,-0.2526642,2.2214243,2.7599883,1.5772507,1.3992443,0.30903995,-0.68754697,1.2644762,1.441268,1.5772507,3.8849556,-0.35756984,0.60440594,1.0
ATM,7.1278105,1.8063371,3.7984009,6.625947,1.6872122,1.5682483,3.3169813,1.4993682,8.649187,0.87138104,2.7635038,3.0310414,3.7437131,0.9334879,0.74762183,1.1301948,-0.5460636,-0.51129174,-0.42878997,-0.46478108,-0.6518498,-0.4710063,-0.48820457,-0.32025594,-0.51847696,-0.5825712,-0.50263065,-0.48728302,-0.48558968,-0.58516,-0.51272446,-0.50730664,-0.0024565563,-0.030795781,-0.70540595,-0.40904763,-0.2564236,-0.75196195,-0.7085867,0.16923775,0.06822512,-0.3277505,-0.51583743,-0.43070704,-0.6565987,-0.7318191,-0.20219946,-0.5942492,-0.88155335,-0.25863823,0.6519202,0.73729146,1.1978757,1.7625941,0.909273,-0.3955744,3.7373955,1.6740477,-1.2697357,0.74739873,-1.0784405,0.23428005,-1.1463817,1.1978759,0.17690024,1.0244526,-1.5057003,0.5165093,0.31941724,1.1978759,-0.22256845,1.6433853,0.12620898,1.0
ABI1,-0.33055896,-0.18498476,-0.270532,-0.44828185,-0.22425415,0.021248307,-0.47849283,-0.12334365,-0.4638414,-0.35979557,0.34196606,0.48617432,-0.3977495,-0.3678864,0.20076805,-0.5667236,-0.53056544,-0.52823526,-0.5632648,-0.38914087,-0.3849692,-0.4756861,-0.47325242,-0.41056338,-0.4741131,-0.40185246,-0.56452054,-0.40017602,-0.51550025,-0.44892973,-0.53131485,-0.30841914,-0.57747924,-0.5910873,-0.6285331,-0.28498235,-0.74570155,-0.47487754,-0.7006059,-0.61463565,-0.5509378,-0.2847791,-0.20328774,-0.8253097,-0.5135987,-0.6124605,-0.47740206,-0.45880708,1.1343614,-0.3761276,0.6519202,0.73729146,-0.03509263,-0.5673456,-0.11028109,-0.33442864,0.64034647,-0.056649685,-0.30610242,1.3276204,-0.7432649,1.3919543,0.32520252,-0.03509264,0.2530258,1.0645244,-0.43029258,0.62106377,0.5734211,-0.03509264,0.17333746,-0.14851484,0.5513076,1.0
FIP1L1,0.4225341,0.16081968,-0.270532,0.34126988,-0.6200142,-0.21271513,0.49437538,-0.12334365,1.0939435,-0.35979557,-0.45563754,-0.03394949,-0.3977495,0.97442687,-0.5948769,1.9948555,0.48634169,0.41880384,0.8951261,-0.20723885,0.8061894,-0.27165905,0.06345685,-0.33888125,-0.62530136,-0.16727962,-0.35785934,-0.17907014,0.21798308,-0.46252227,0.4557691,0.7757769,-0.4344425,-0.74587065,-0.39811927,-0.8160557,-0.44600445,-0.6421606,-0.52631474,-0.50439215,-0.6546643,-0.5497193,-0.32498348,-0.7358821,-0.4287916,-0.477951,-0.7840748,-0.34740996,-0.88155335,0.92154783,0.6519202,0.73729146,0.27314943,1.7625941,-0.17765577,-0.62157804,-0.011663832,-0.7555852,0.2603025,-0.23851745,-0.67186743,0.08464256,0.23599692,0.27314946,0.07081878,-0.625874,0.5439003,-0.038433854,-0.08275563,0.27314946,1.1136141,-0.32770485,0.8453533,1.0
PPARG,0.41921985,0.16098627,-0.270532,-0.44828185,-0.23898184,-0.21921356,0.4503924,-0.12334365,2.588196,-0.35979557,-0.45563754,-0.055037744,-0.114509664,-0.3678864,-0.5948769,-0.5667236,-0.09327354,0.19010668,-0.040005744,0.4639888,-0.6502985,0.4454983,-0.30101287,0.45585868,-0.19743349,-0.35378647,-0.5338551,-0.48729074,-0.36587453,-0.49113426,0.25043815,-0.25040272,-0.5771408,3.0823164,-0.7168744,1.2305394,-0.6058904,3.1178756,1.3529559,1.0935374,0.3416465,-0.4331759,-0.19869046,0.56425035,0.16315705,1.2715023,1.1233506,-0.15114091,1.1343614,-0.105019115,0.6519202,0.6111953,1.0793211,1.7625941,0.39347303,-0.75139695,-0.09316515,-0.45604137,-1.5068011,0.6412857,-1.1961484,-0.9435763,-1.3779296,1.0793211,0.28254813,-0.43196005,0.3203842,0.017864726,0.26297194,1.0793211,-0.47000965,1.6433853,0.09475811,1.0
MYH9,0.4214647,3.843814,-0.270532,1.1298125,1.358836,4.22872,1.4800985,-0.12334365,2.6236258,2.113503,0.36462244,0.3447693,0.7348156,-0.3678864,1.8628868,0.28713408,-0.55667967,-0.56024367,-0.56565696,-0.41762376,-0.54725415,-0.51994675,-0.5842198,-0.33548242,-0.52540696,-0.595806,-0.5492574,-0.47771686,-0.5084926,-0.47937194,-0.53018844,-0.3965632,-0.54784524,-0.4467624,-0.5452626,-0.6956021,-0.27741307,0.020693868,-0.35703638,-0.50716496,-0.7422049,-0.40574375,-0.15206216,0.22155657,-0.40465507,-0.4046985,-0.06512552,-0.0119839115,1.1343614,0.6326747,0.6519202,0.73729146,0.083462,-0.5673456,0.11825894,-0.30454278,-0.011663832,3.0053535,-1.1389974,0.8840196,-1.2879565,-0.3927472,-0.92655766,0.083462015,0.4127485,0.2703832,-0.33751228,0.43608275,0.40408522,0.083462015,-0.42052144,0.35919023,0.90369344,1.0
RET,-0.33055896,0.49628887,1.1429535,-0.44828185,0.5571588,0.046686966,0.011798435,0.41927162,0.3142972,2.0959065,1.1759506,0.7096269,0.99901706,-0.3678864,-0.5948769,-0.5667236,0.26369366,-0.26613957,0.42895165,-0.23487689,0.28086823,-0.122665,1.2104772,-0.37233058,0.032469783,1.638847,-0.04721639,-0.11555089,1.2813972,-0.032695714,1.109766,-0.029736338,0.64984286,1.5852659,1.6500422,0.09759525,0.10853741,0.089890614,-0.7854604,0.060333267,0.14083764,1.2505094,3.9162886,-0.010097269,1.3880504,-0.7372661,0.5434463,1.0612882,-0.88155335,-0.503708,-1.53393,-0.90195787,0.6999462,1.7625941,-0.12672889,-0.0061646886,1.1293542,-0.48932403,0.058649104,0.7780465,-1.19657,0.45421082,0.07786601,0.6999463,-0.00866527,1.0050713,-2.04973,0.28327233,0.16419262,0.6999463,0.8166846,0.38905522,0.09460209,1.0
IL10,-0.33055896,-0.5097135,-0.270532,0.3414402,-0.6200142,-0.4742777,0.5023736,-0.12334365,-0.4638414,-0.35979557,-0.45563754,-0.610674,-0.3977495,-0.3678864,-0.5948769,-0.5667236,1.1419038,-0.17596893,0.38112658,-0.3247569,-0.371007,1.3996066,-0.5341567,-0.18708101,-0.12205908,0.12682116,2.2799766,0.57108086,0.30147353,0.6945722,0.25092402,-0.12873936,0.5014698,-0.40102363,1.7733014,0.12826918,-0.68345547,-0.060182035,-0.6609379,-0.7246149,0.5956421,0.27789655,1.7590352,0.50048786,1.5005155,-0.16854785,0.61744314,-0.0732578,-0.88155335,-0.32766357,0.6519202,-0.90195787,0.93705547,1.7625941,-0.012590027,-0.6655606,-0.2561677,-0.58917195,-0.5437001,0.49590963,-1.2619953,-0.52435875,-0.18178493,0.9370556,0.019037953,-0.06166911,-0.2489493,0.025907382,-0.0121989865,0.9370556,-0.42052144,1.4343303,0.34627855,1.0
SOD2,0.4182122,-0.17478505,-0.270532,-0.44828185,-0.2205038,-0.4742777,0.006500953,0.14258337,-0.4638414,-0.35979557,0.3477902,-0.4262803,-0.11749863,-0.3678864,-0.5948769,-0.5667236,-0.5525121,-0.57190543,-0.518819,-0.500362,-0.5868939,-0.5717639,-0.5652734,-0.40122968,-0.6170505,-0.49565402,-0.5622157,-0.5246392,-0.49721184,-0.5046853,-0.51762766,-0.53387624,0.26331636,0.5964423,-0.6179293,-0.4566493,-0.12507257,-0.5831304,-0.4761758,-0.5197259,0.30602276,0.20503914,-0.3033462,-0.22247095,-0.7822521,-0.3329215,-0.0402962,-0.1192152,-0.88155335,1.4022664,0.6519202,0.73729146,-0.3907566,-0.5673456,-0.17806253,-0.3757276,-0.33766904,7.4985094,-0.81154895,-0.67812794,0.03015014,-1.1658095,-0.8832956,-0.3907566,0.5108333,-0.19201349,0.65354973,0.50042397,0.2911946,-0.3907566,-0.47000965,-0.20824485,0.62631214,1.0
FUS,0.4214537,0.16106766,-0.270532,-0.44828185,0.16436125,-0.21223143,-0.47849283,-0.12334365,1.0500377,-0.35979557,0.34705013,0.72826844,0.16117787,-0.3678864,-0.5948769,-0.5667236,-0.5182642,-0.5891676,-0.5606076,-0.5396086,-0.60050017,-0.53995764,-0.57047033,-0.43531352,-0.5917926,-0.5566234,-0.57545495,-0.50480396,-0.4504342,-0.43759808,-0.56666327,-0.52878416,-0.34735328,-0.27909353,-0.014327268,-0.16601469,-0.097362064,-0.15576053,-0.5244791,-0.6877699,-0.7322787,-0.1919623,0.20158371,-0.79375273,-0.09476325,-0.5486689,-0.795128,-0.26026338,-0.88155335,0.057206027,0.6519202,0.73729146,-0.5330222,-0.5673456,-0.18233685,-0.8300165,0.23284006,1.1415255,0.34622392,-1.1305814,0.9536898,-0.4770284,0.23363212,-0.53302217,0.46981338,-0.96746016,0.8981523,-0.0062632365,0.36175123,-0.53302217,-0.42052144,-0.41729987,-2.6056104,1.0
RARA,0.41991395,-0.17389832,-0.270532,-0.44828185,-0.21851015,-0.21217738,1.9693186,0.14810139,1.0688694,-0.35979557,-0.45563754,-0.048309457,-0.3977495,-0.3678864,-0.5948769,0.28368858,-0.45146438,-0.5153941,-0.41155654,5.203874,0.54906327,1.179473,0.31072798,-0.31899214,-0.4269931,0.9386431,0.18539159,-0.10856091,0.08511562,1.172259,0.015917668,0.009236181,0.02590837,0.0957934,-0.58322644,0.14413336,-0.60692644,-0.37360892,0.07385824,0.4505083,0.19321463,-0.6730495,-0.1130829,0.06605326,-0.27993262,0.72841,0.015628379,-0.41101554,1.1343614,-0.25583744,0.6519202,0.73729146,0.43912598,1.7625941,0.264248,-0.4237419,1.047853,0.6090031,-1.2911695,0.24869075,-1.3739201,-0.9704761,-1.4195638,0.439126,0.035434894,1.2066212,-2.015992,0.23501639,0.31941724,0.439126,-0.47000965,0.8370303,0.7077277,1.0
PIK3CB,-0.33055896,0.15631759,1.0886803,1.1294407,0.5846333,0.04840386,0.011855322,0.14798157,0.2861732,-0.35979557,-0.45563754,0.90481126,-0.11459576,2.248806,-0.5948769,1.1400423,-0.57394236,-0.007548583,-0.4094711,-0.17559527,-0.35070756,-0.41161272,-0.38145864,-0.17552876,-0.41062698,-0.20016213,-0.23886518,-0.28533193,-0.53013664,-0.59785956,-0.54801583,-0.13554661,-0.48784524,-0.70742655,-0.690858,-0.7299807,-0.1351042,-0.6229601,-0.7940241,-0.28113002,-0.6638836,-0.6429377,-0.47118065,-0.6207764,-0.53374356,-0.66806006,-0.18387069,-0.3689159,1.1343614,-0.16673708,0.6519202,0.73729146,4.8256483,1.7625941,1.1413088,-0.4928109,0.80334914,-0.32291082,-0.62624586,0.06325064,-1.2364594,-0.24650328,-0.5917951,4.8256483,-0.8022474,0.037622,-1.8852559,-0.7381448,-0.8447674,4.8256483,0.12384922,6.003676,0.8460173,1.0
LCK,-0.33055896,-0.5097135,-0.270532,-0.44828185,-0.6200142,-0.21297513,0.011284398,-0.12334365,0.3057426,-0.35979557,0.36160454,-0.23237121,-0.113376096,-0.3678864,-0.5948769,0.2870758,2.0784993,-0.4067198,-0.43497524,-0.33085507,-0.24358603,1.2838562,-0.49847388,0.6317729,-0.3636802,-0.25109118,0.30622628,-0.2623428,-0.49774113,-0.47886255,-0.116163306,-0.034899328,0.57590115,-0.6149362,-0.6422251,-0.23253942,0.080861345,-0.09320775,-0.75843936,-0.6434316,0.028061941,0.36274564,-0.5037269,-0.53463817,-0.3644435,-0.17240368,0.21879534,-0.3674247,1.1343614,-0.3937992,0.6519202,0.106810965,3.1184611,1.7625941,1.2386138,-0.16710114,2.75938,-0.7888678,-0.31871632,0.30280226,-1.1053888,0.3486378,-0.36211044,3.1184611,-0.2285853,0.34299,-1.5816114,0.291315,-0.19564626,3.1184611,0.96514934,3.3456907,0.8165918,1.0
TGFBR2,-0.33055896,0.4965376,-0.270532,-0.44828185,2.1799312,3.9513972,0.009181036,0.14816071,-0.4638414,5.830945,-0.45563754,0.14679183,1.01751,-0.3678864,3.5875218,0.28557125,0.03620662,-0.36008623,-0.36182997,-0.3561257,-0.59136593,-0.41402853,-0.37844735,-0.08466703,-0.124413915,-0.37984502,-0.41509503,-0.11463042,-0.49683854,-0.5175353,-0.3965716,-0.28534368,-0.5426061,1.9777976,-0.41096145,0.57919437,-0.57342476,-0.663482,1.4915591,-0.19920635,1.1305772,0.5740287,-0.6645897,0.83457917,-0.56987625,1.948693,1.1433122,0.48899165,1.1343614,-0.44244057,0.6519202,0.73729146,0.51025873,1.7625941,0.2515076,-0.2968007,2.8408813,2.8389401,-1.1473204,0.47255465,-0.8914659,0.8663658,-1.4249243,0.5102588,-0.033498775,1.5005407,-1.4466583,0.6773624,0.18535961,0.5102588,-0.37103316,0.86689526,0.76052725,1.0
BAX,-0.33055896,-0.5097135,-0.270532,-0.44828185,-0.21764554,-0.4742777,0.013225391,-0.12334365,0.30803958,-0.35979557,0.36503103,-0.41825664,-0.11305165,-0.3678864,-0.5948769,0.28884855,-0.5162446,-0.5809048,-0.564895,-0.4884686,-0.60816944,-0.5442127,-0.5623733,-0.39925525,-0.51207685,-0.54341936,-0.55823326,-0.4992403,-0.46534598,-0.49458086,-0.50134784,-0.48152652,0.25404605,0.15780632,-0.6641251,-0.072041005,-0.78876877,-0.023912413,-0.6677944,0.67471504,-0.016061308,0.42869067,0.52089494,-0.2422497,-0.6493455,-0.81802416,-0.2725732,0.67497665,-0.88155335,-0.47104433,0.6519202,0.73729146,0.34428227,1.7625941,0.46360883,-0.30529022,-0.011663832,-0.2896282,-1.3690088,0.51530576,-1.4139998,-0.44708642,-1.2105654,0.34428227,-0.09377724,2.0157871,-1.9864708,0.28327233,0.37586257,0.34428227,-0.37103316,0.65784025,0.61485434,1.0
TNFRSF17,-0.33055896,-0.17408368,-0.270532,-0.44828185,-0.6200142,-0.4742777,-0.47849283,-0.12334365,0.31240708,-0.35979557,-0.45563754,-0.610674,-0.3977495,0.9776596,-0.5948769,-0.5667236,0.054088164,-0.26035613,-0.06734615,0.5926355,-0.32017675,0.008964064,-0.42081764,0.046055757,-0.040385213,0.19863975,0.5403471,-0.022057423,-0.0627709,1.6876512,0.05188945,-0.1847213,0.21754466,1.0246612,3.7402577,-0.32139504,2.8082771,-0.022704935,0.9301815,1.0479087,-0.4838373,0.9407039,2.938049,-0.7605232,4.250256,-0.23131217,-0.07125774,-0.10357849,-0.88155335,-0.47307432,0.6519202,-1.0911021,-0.5093113,-0.5673456,-0.11585457,-0.8300165,-0.5006716,-0.7888678,0.3799118,3.9564888,-0.66007423,2.1909087,0.2657934,-0.50931126,0.7709602,-0.5787093,0.9782807,0.53259456,0.6651448,-0.50931126,-0.42052144,-0.38743487,-1.1068194,1.0
EPS15,-0.33055896,0.49630168,2.524765,1.1289725,-0.6200142,0.56462944,-0.47849283,-0.12334365,1.0922339,0.877866,0.36313614,-0.22992022,-0.113979615,-0.3678864,1.8576447,0.2852402,-0.5914544,-0.5329409,-0.5450557,-0.20646133,-0.65258694,-0.46874878,-0.38812646,-0.40995267,-0.42164406,-0.6164566,-0.56592494,-0.40917227,-0.52643096,-0.5869971,-0.53733695,-0.3798553,-0.5186097,-0.18605202,-0.14563963,-0.7302598,-0.61353004,-0.38956213,-0.22240378,-0.60004556,-0.43308973,-0.36083648,-0.78340125,-0.040241346,-0.4445692,-0.06935957,-0.306394,-0.1969066,1.1343614,-0.2644947,0.6519202,0.73729146,0.41541502,1.7625941,0.58921117,-0.40342814,1.2923568,-0.58917195,-1.4596827,0.9775812,-1.4662521,-0.29871938,-1.5135933,0.41541508,-0.11044519,1.8620906,-1.5057003,0.36369887,0.30530593,0.41541508,-0.17308022,0.6279753,0.399902,1.0
RUNX1,-0.33055896,8.493418,1.1200292,-0.44828185,0.09802321,-0.21276034,-0.47849283,-0.12334365,-0.4638414,-0.35979557,0.36003482,0.29506937,0.1643935,0.9554726,1.0548878,-0.5667236,7.5132747,3.5909107,0.31239513,0.44140705,-0.43669522,6.5330067,4.662931,7.530061,2.898077,3.3583446,0.79259425,0.09230982,0.11975599,2.4821806,-0.0040817154,2.0591643,0.7894384,-0.79077876,0.7549699,-0.18915695,1.272579,-0.17107429,-0.21634415,3.0064402,-0.32419038,0.08774406,-0.19447128,0.9841016,0.6888265,-0.815522,1.6187791,-0.09075805,1.1343614,-0.028079161,0.6519202,0.4850993,0.3205713,1.7625941,-0.06987362,-0.395509,5.530424,1.4077866,-0.9453099,0.9934092,-1.2819114,0.3012966,-1.0248812,0.32057133,0.5063447,-0.3423,0.42159906,0.49238133,0.4464192,0.32057133,-0.024615495,0.41892022,0.70548636,1.0
RNF43,-0.33055896,-0.17734472,-0.270532,1.882925,5.150399,-0.0596707,-0.03777795,-0.12334365,-0.4638414,2.088736,-0.45563754,4.4878573,1.2893181,0.9635367,-0.5948769,1.1309391,1.300813,0.49844548,-0.054118697,-0.2989347,0.009557685,-0.40015408,0.045718335,0.41061714,0.12721163,-0.4992649,-0.11278031,0.53568995,-0.27254888,0.027244242,0.027991157,-0.36334363,1.5855306,-0.78581095,2.3500035,-0.5426158,0.4784137,-0.74415976,0.21953917,-0.30133855,0.0124718165,-0.6450011,0.25323963,0.1445006,1.6555102,-0.015548772,0.84991455,-0.18977372,1.1343614,-0.503708,-1.53393,0.043762878,-0.12993637,-0.5673456,-0.16680774,-0.28962058,-0.2561677,-0.7555852,-0.9568837,0.8778317,-0.7740091,0.16924885,-1.0251782,-0.12993637,-0.26671255,2.4937813,-1.4087027,0.46825337,0.29472244,-0.12993637,-0.2720567,0.000810178,-0.1394472,1.0
NTRK3,0.4158424,0.4851975,-0.270532,1.0285563,-0.29802856,0.7714931,0.8021277,-0.12334365,0.29701683,3.259471,1.1514623,1.1028779,1.1951308,0.8932882,-0.5948769,2.7884154,0.6538841,0.8086018,3.3117526,0.13559622,2.6816566,2.553924,2.615699,-0.37750065,1.3460392,1.9354403,0.681065,1.8433915,3.5992742,0.1882438,2.359782,-0.2587283,0.17278135,2.4145997,2.0969336,1.2842089,1.7742343,1.8396926,1.6422579,0.86194533,3.991035,2.4037728,1.0326399,3.3235805,1.7042756,1.9286584,2.6175437,0.94780827,1.1343614,-0.31886137,0.6519202,0.16985905,0.6288134,1.7625941,-0.14358675,-0.13690151,-0.41917032,-0.056649685,0.13640438,0.39719483,-0.47383127,0.25424957,0.0801265,0.62881345,0.20788561,0.27516243,-0.22786288,0.13046189,0.30883375,0.62881345,0.6187316,0.41892022,0.34034893,1.0
FOXO1,1.1758178,-0.17369737,-0.270532,-0.44828185,0.16861856,0.04986715,0.4984958,-0.12334365,-0.4638414,-0.35979557,0.36423218,0.35045248,-0.3977495,-0.3678864,0.24451412,1.1413276,-0.4328555,-0.16424628,-0.43698332,-0.47025806,-0.28816018,-0.56872475,-0.4185279,-0.074624225,-0.4149486,-0.5472924,-0.4759711,-0.52880377,-0.48025927,-0.5325625,-0.5836092,-0.37887338,0.060376305,1.3862596,0.29277346,0.5337034,-0.65224403,-0.47335163,0.6195071,0.4316386,0.42208934,-0.5416713,1.4359864,1.2341512,0.20433205,-0.16562206,1.0767975,0.64369994,1.1343614,-0.38047692,0.6519202,0.73729146,2.4071333,1.7625941,3.0009217,-0.61418533,-0.33766904,1.3079386,-1.3782667,0.31820172,-1.5217363,-0.51155466,-1.2866193,2.4071333,-0.47878522,0.8854604,-2.1635969,-0.36014003,-0.3438152,2.4071333,-0.32154492,3.2262306,0.5406461,1.0
DDX5,1.9283118,0.8267443,-0.270532,-0.44828185,-0.6200142,-0.4742777,-0.47849283,-0.12334365,0.31380957,-0.35979557,0.36494517,0.15625682,-0.3977495,0.96722317,0.20267011,4.558699,-0.5336518,-0.5543159,-0.49725118,-0.47599986,-0.5534732,-0.52272004,-0.4596163,-0.4155575,-0.5217639,-0.5964224,-0.4715352,-0.48052266,-0.499004,-0.53890884,-0.49949875,-0.44102678,-0.51215273,-0.39640087,-0.714392,-0.3653664,-0.6583369,-0.65845954,-0.36906558,-0.32572532,-0.3684067,-0.6496996,-0.6073931,-0.71458626,-0.5935986,-0.31503242,-0.7612591,-0.44380975,1.1343614,0.9609008,0.6519202,0.73729146,-0.46188942,-0.5673456,-0.1249456,0.7599944,0.8848504,-0.089932345,-1.5886261,0.02484216,-0.7232637,-1.7296852,-1.4319823,-0.4618894,0.29822966,-0.28574958,0.62402874,0.26718703,0.12538646,-0.4618894,-0.47000965,-0.29783985,1.2856503,1.0
NPM1,-0.33055896,-0.5097135,-0.270532,-0.44828185,-0.6200142,-0.4742777,0.011844623,-0.12334365,-0.4638414,-0.35979557,0.36373302,-0.42120638,-0.11402665,-0.3678864,0.24379185,0.28766963,-0.5426485,-0.5649283,-0.37648764,-0.53255916,-0.65922827,-0.49494138,-0.45012948,-0.46320766,-0.5568744,-0.43746483,-0.5220455,-0.44458166,-0.516794,-0.39802366,-0.49733943,-0.50537395,0.036099087,-0.73305494,-0.01688225,-0.38367894,-0.69288164,-0.7344685,-0.2858918,-0.4650384,-0.44752795,-0.2630705,0.15438642,-0.3403328,0.4708437,-0.4139177,-0.21271972,-0.64016736,-0.88155335,0.646449,0.6519202,0.73729146,-0.36704567,-0.5673456,-0.16447517,0.078561224,0.5588452,0.77541643,-1.2782375,0.011906098,-0.90307206,-1.5306703,-1.1455936,-0.3670457,0.1397774,0.7946477,-0.41342342,0.4441254,0.16419262,-0.3670457,-0.47000965,-0.17837983,1.0439676,1.0
ROBO2,1.1606553,0.4907928,-0.270532,4.274347,2.798282,1.3001554,2.3462908,-0.12334365,0.9834046,2.0673323,4.30759,1.3748311,2.3309007,0.9364565,1.0370764,1.1210301,1.6759591,1.5125808,2.373187,1.3392948,0.96377105,3.0256166,2.7573402,-0.32075793,0.80908483,2.442168,0.07936793,3.8699493,1.8804957,1.5093269,4.178845,0.11624428,0.63691777,-0.4011029,-0.028854545,1.4793398,-0.4928691,2.4694822,2.126963,-0.0070691016,0.8213588,0.22255045,0.53816104,-0.07101155,0.4593186,1.3091216,-0.11751069,1.219425,1.1343614,-0.503708,-1.53393,-1.0280541,-0.24849103,-0.5673456,-0.17955808,-0.46309087,-0.33766904,-0.5558893,-0.18304314,0.3326812,-0.29253915,-0.13297316,-0.18075411,-0.24849103,0.69230646,-0.50557685,0.76319915,0.42804012,0.6863118,-0.24849103,-0.17308022,-0.20824485,0.8922166,1.0
PDCD1LG2,0.4235204,-0.17382474,-0.270532,-0.44828185,-0.6200142,-0.4742777,-0.47849283,0.1482,0.30995953,-0.35979557,-0.45563754,-0.610674,-0.11344421,-0.3678864,-0.5948769,-0.5667236,6.5475526,3.7705624,1.4893647,1.2422112,0.19026828,1.07512,0.5374945,5.84141,-0.043866478,1.4101646,1.7617121,0.7157272,1.8931584,0.20070617,0.48378178,-0.34498233,0.0028673194,0.39870828,0.55585194,0.6961263,-0.4014416,1.3088498,1.0148965,-0.7116598,-0.13542731,-0.26288098,1.5621712,0.81931,0.086431496,0.44273946,-0.39859563,0.1407518,-0.88155335,-0.46707174,0.6519202,-0.14538121,-0.1536473,-0.5673456,-0.18233685,2.3500051,-0.41917032,-0.056649685,0.89472336,0.5479541,0.38082412,2.1909087,0.8671037,-0.1536473,0.73553115,-0.46754244,0.6746362,0.6693197,0.65103346,-0.1536473,0.12384922,-0.26797485,0.12545648,1.0
FGFR1,1.1501846,0.4513014,-0.270532,0.33780268,0.085168794,0.016406175,-0.47849283,-0.12334365,-0.4638414,0.82146484,-0.45563754,0.7490751,0.6569629,-0.3678864,-0.5948769,-0.5667236,-0.50311494,1.1965833,0.2653789,0.44813868,1.5503201,-0.05471964,0.6348482,0.17202145,0.30890143,0.8601677,-0.41431504,-0.20967314,1.0730782,-0.4513929,0.8478875,-0.24868238,-0.47356883,0.94521254,1.0972286,0.56067425,0.032700643,-0.4752835,0.30135944,-0.21121664,2.6786206,0.40138212,0.2942915,-0.05352151,0.17552161,0.054877635,1.5929813,-0.56472033,1.1343614,-0.16288598,0.6519202,0.73729146,2.1463132,1.7625941,0.28079584,-0.24940696,0.15133874,1.1082429,-0.04433665,0.27554533,-0.58882684,0.24983993,0.0035509102,2.1463132,-0.2490811,0.7411553,-1.4972657,0.3074003,-0.1674236,2.1463132,2.0044022,1.4940603,0.47536603,1.0
DCC,-0.33055896,0.49175164,1.1116581,3.443336,3.2038672,1.5952653,0.44742435,0.68961525,4.1250076,0.85762113,2.7883625,1.4273564,1.0066767,6.16861,0.9958895,1.1328963,0.40770054,1.1155726,1.9227265,0.09491542,-0.27876094,2.582541,1.8981502,0.02830731,0.672666,1.8574265,-0.16226563,2.8575919,2.584112,0.84838027,3.8907623,0.7948427,0.7907868,1.3777695,2.5138624,5.6288867,1.3385373,1.557187,2.7225804,-0.74307054,-0.8267953,1.8794688,0.8107288,-0.83297426,1.6701429,1.3038479,-0.8222144,-0.6571895,1.1343614,-0.503708,-1.53393,-1.8476787,-0.20106916,-0.5673456,-0.1554285,0.47227818,-0.011663832,0.043198198,-0.40362448,0.47421506,-0.23001872,1.1501653,-0.7696187,-0.20106916,-0.1576927,0.8612477,-0.37546787,0.5567225,-0.5837078,-0.20106916,-0.32154492,-0.05891983,0.5819432,1.0
SMAD4,-0.33055896,0.8146348,6.701883,1.9133536,6.1297293,0.5665995,0.4503423,0.41639304,1.051334,2.0905325,0.35731113,-0.42999604,5.5066714,-0.3678864,1.7967844,0.28446263,-0.5133299,-0.552152,-0.56202596,-0.38253123,-0.4894013,-0.47627375,-0.5552531,-0.42163754,-0.47252405,-0.575659,-0.52862793,-0.45137405,-0.47171506,-0.50821453,-0.56795174,-0.4390949,-0.2878135,-0.03583311,0.042684287,0.30301017,-0.8288452,-0.4164853,-0.30728748,0.09367613,0.061362308,-0.14868262,-0.7815801,-0.14062983,-0.080287226,-0.5378111,-0.2776716,0.045534696,-0.88155335,-0.22643803,0.6519202,0.73729146,1.838071,1.7625941,1.4866793,-0.5397214,4.3079047,2.006874,-1.3167052,0.5827282,-1.2101941,0.79578054,-1.1814934,1.838071,-0.0957991,0.8979739,-1.5816114,0.7175756,0.086580314,1.838071,-0.22256845,2.4497404,0.66344815,1.0
EPHA7,0.42100722,0.8309418,-0.270532,-0.44828185,1.3804686,2.399233,4.3400764,0.41945168,1.8511878,0.8783121,1.1811059,0.3379668,0.15965022,-0.3678864,0.23824607,0.28661278,-0.385618,0.56596535,3.2701223,-0.5350879,1.241215,2.7730486,0.6294087,-0.009545953,-0.12382883,2.321529,1.3885876,-0.48897687,4.04732,-0.26661476,4.262848,-0.53683347,-0.15227504,1.7142164,4.395095,0.58245635,1.4976872,1.5534829,0.50078744,2.7342253,3.980809,0.28486314,-0.84492457,-0.6621744,2.911514,0.25143734,2.1080499,0.06381073,1.1343614,-0.4112847,0.6519202,-0.58671767,-0.31962383,-0.5673456,-0.18110198,0.017989386,-0.33766904,-0.18978028,-0.24345814,0.44829237,-0.24591462,-0.17405188,0.092012666,-0.31962383,0.47821745,0.12473833,0.06734709,0.28327233,0.5734211,-0.31962383,-0.22256845,-0.26797485,0.95420605,1.0
DNMT1,0.42161742,2.1703513,-0.270532,1.1260692,-0.6200142,0.31144157,0.49690694,0.1477172,-0.4638414,0.8750142,2.0008113,-0.23425885,0.45377192,-0.3678864,2.689902,-0.5667236,-0.5891438,-0.44953576,-0.51700866,-0.53164214,-0.6370986,-0.48611778,-0.59642917,-0.38537055,-0.54558057,-0.58419824,-0.55606127,-0.4453088,-0.5156291,-0.49964106,-0.56670874,-0.47001004,-0.21139173,-0.17922539,0.09986704,-0.3031991,0.8300758,0.34047127,-0.2990943,0.33917108,0.37269872,0.3978747,0.8518511,0.5651279,0.30346498,-0.4147741,0.41466352,-0.11317903,-0.88155335,1.0294571,0.6519202,0.73729146,-0.43817848,-0.5673456,-0.18142797,1.0779966,1.047853,0.47587258,-0.7589904,-0.7649277,0.14321512,-1.2752448,-0.7620161,-0.43817845,0.0047866176,-0.4518053,0.37099162,-0.28775612,-0.09686696,-0.43817845,-0.47000965,-0.26797485,0.48236588,1.0
PDGFB,-0.33055896,-0.1737524,-0.270532,-0.44828185,-0.6200142,-0.21226342,0.013046926,-0.12334365,0.31758672,-0.35979557,-0.45563754,-0.22769964,-0.3977495,-0.3678864,0.24239394,-0.5667236,-0.56222993,-0.32855937,-0.52126473,-0.51987803,0.016299214,-0.39202312,-0.23498604,-0.47057036,-0.49418908,-0.5628392,-0.055533472,-0.30758741,-0.3286431,-0.55720925,-0.4857459,-0.4148706,-0.22388951,-0.787505,-0.5225662,-0.4299247,0.52625746,0.3401756,1.2132035,0.33629674,-0.41878104,-0.4720384,0.77255034,-0.13494971,-0.023636943,0.7494398,0.4024083,0.81649476,-0.88155335,-0.44244057,0.6519202,0.6111953,1.5061179,1.7625941,0.40131035,-0.17633113,1.047853,1.4743519,-0.20272487,0.32863334,-1.2638577,0.46222395,-0.04523048,1.5061179,-0.13336582,0.32730925,-1.1556656,0.5567225,-0.12508962,1.5061179,0.96514934,1.3148702,0.8808226,1.0
ARNT,-0.33055896,-0.1743921,-0.270532,-0.44828185,0.15770417,0.5605703,0.011227065,-0.12334365,2.6283584,-0.35979557,-0.45563754,-0.23495111,-0.3977495,-0.3678864,1.7598346,-0.5667236,-0.5954506,-0.19717512,0.19326344,-0.13980547,-0.35211167,-0.10482193,-0.23437229,-0.48178896,0.35819742,0.14025144,0.22179428,0.48156735,-0.19356869,0.25159588,-0.21169688,-0.41823256,-0.5940774,-0.4049471,-0.32523918,-0.5077481,-0.7176401,-0.7650565,-0.30642658,-0.36275795,-0.09013739,-0.5246192,-0.57684004,0.028035749,-0.18973602,-0.30324942,-0.32659402,-0.3375489,1.1343614,-0.18937938,0.6519202,0.73729146,1.0318992,1.7625941,0.44764528,-0.62002856,0.31434134,-0.12321496,-1.3404324,1.0951443,-1.6539793,-0.43252376,-1.7188478,1.0318993,0.30936196,-0.27782893,-0.12664804,0.22697373,0.34763992,1.0318993,0.3218022,1.1058153,0.084365815,1.0
SKI,-0.33055896,-0.17396744,-0.270532,-0.44828185,-0.6200142,0.047391407,-0.47849283,-0.12334365,-0.4638414,-0.35979557,-0.45563754,-0.610674,-0.12081481,-0.3678864,0.24268161,-0.5667236,-0.44121706,-0.56738555,-0.51083446,-0.49691632,-0.620778,-0.5361852,-0.5560283,-0.22966793,-0.55840605,-0.6164903,-0.56217426,-0.47045743,-0.5182928,-0.4721413,-0.5843059,-0.49688876,-0.0949915,0.14473905,-0.7348368,-0.7936363,-0.64005035,-0.5925154,0.13415886,-0.2667686,0.024877988,-0.73945194,-0.65496033,0.22423452,-0.81795865,0.10926183,-0.06272259,-0.27798527,1.1343614,-0.4112847,0.6519202,0.73729146,-0.2959129,-0.5673456,-0.1752933,0.8467221,0.8848504,6.1006384,-0.9833036,-0.22820236,-0.12499113,-0.77396125,-1.2111907,-0.2959129,-0.9232296,2.7622435,-1.3918335,0.3958695,-0.32970387,-0.2959129,-0.47000965,-0.088784836,0.54868287,1.0
PRKACA,-0.33055896,1.1591308,-0.270532,1.1306723,-0.6200142,0.3125815,-0.47849283,-0.12334365,-0.4638414,-0.35979557,0.36536914,0.73651576,-0.3977495,-0.3678864,0.21678466,1.1427118,-0.53273946,-0.54737747,-0.29119954,-0.53689414,-0.6513903,-0.5398948,-0.5826344,-0.3920581,-0.47633126,-0.602666,-0.57325727,-0.48093063,-0.52294785,-0.49462754,-0.5625893,-0.5477281,-0.6669963,-0.6030491,-0.14345844,-0.3243128,-0.53826743,-0.5692868,-0.24837361,-0.4384615,-0.54644,-0.7833879,-0.7076811,-0.36846113,-0.081553064,-0.44858575,-0.47683686,-0.4170005,1.1343614,-0.3199057,0.6519202,0.73729146,17.013067,1.7625941,23.910149,-0.7933993,1.1293542,-0.6557372,-1.2346348,1.1530502,-1.6567177,0.03346446,-0.39174494,17.013067,-4.2890973,-0.12792355,-3.0956168,0.26718703,-4.379655,17.013067,0.27231395,21.264692,-0.28047666,1.0
NRG1,0.41651666,0.15927601,1.1222923,2.6989298,2.0810723,0.29316497,0.8658736,0.14804934,1.863008,2.084839,-0.45563754,1.2356791,2.4111025,0.9384367,0.2194927,1.1253927,1.0983607,2.8945096,3.9323251,3.195765,1.5996865,2.0429125,2.0500383,-0.09519345,1.1977773,2.6116292,0.11823253,4.1209497,4.742658,0.3470379,3.2038667,0.44611806,-0.24744868,2.3220804,0.6827164,2.7230244,1.7447467,1.51982,1.4477124,0.37280223,0.6605754,0.45547253,4.169228,0.09739905,1.156392,-0.83794993,1.0650494,-0.3506664,-0.88155335,0.07833272,0.6519202,-0.8389099,0.5813916,1.7625941,0.028738623,0.007276545,1.1293542,-0.7555852,-0.6471477,0.26442388,-0.94526434,-0.24750042,-0.5069972,0.58139163,-0.32390702,1.81931,-2.00334,0.25914437,0.075996816,0.58139163,-0.2720567,0.8967603,0.89946574,1.0
ERBB4,5.6270256,0.10097362,3.8027651,1.1217116,6.2436714,2.3404436,3.1968634,0.65873605,1.8077894,2.0381196,1.0985506,0.6712647,3.6485288,2.2320528,0.8711194,1.1247869,0.105583884,-0.586381,2.0347617,-0.5087743,1.5807691,0.49813348,0.0046964646,-0.23523952,-0.56156933,2.2647483,0.5695199,-0.5373607,2.8661115,-0.39729834,0.38291013,-0.16150638,4.779516,-0.6609203,-0.8073839,0.89135844,1.2484549,3.6640165,2.6206803,1.7785679,1.4284887,-0.80251473,-0.84492457,1.3035964,-0.8262427,2.5576055,0.44881147,5.6306105,1.1343614,-0.010783557,0.6519202,-1.1541501,2.786508,1.7625941,0.6164382,-0.3293322,-0.41917032,-0.5226067,-0.28304917,0.45427847,-0.8631197,1.2417228,-0.16610341,2.7865083,-0.31014854,0.5676768,-1.5099176,0.94276994,-0.29442555,2.7865083,1.7569611,2.4497404,0.56878537,1.0
KIF5B,-0.33055896,0.82016885,1.1510537,-0.44828185,0.56364983,0.047893498,-0.47849283,-0.12334365,0.31471547,0.87493634,-0.45563754,-0.03299483,0.4547439,-0.3678864,-0.5948769,-0.5667236,-0.35865825,-0.24527004,-0.110484466,-0.17762266,-0.2640889,-0.455115,-0.48477346,0.0025545594,-0.32892993,-0.43307248,-0.22288892,0.0045678406,-0.34382203,-0.51903707,-0.2316856,-0.19854096,-0.29653603,-0.58600366,-0.70564675,-0.49482253,-0.015119099,-0.46171132,-0.45094272,-0.6989573,0.0070721623,-0.7911224,-0.26533878,-0.6047753,-0.37266946,-0.37639564,-0.6313315,-0.38641444,1.1343614,-0.503708,-1.53393,0.73729146,-0.17735824,-0.5673456,-0.083571196,-0.5915148,0.15133874,2.2731354,-1.105265,0.51832354,-0.5998758,-0.45741123,-1.0735288,-0.17735824,0.2956034,0.3134189,0.10530265,0.37978417,0.41819656,-0.17735824,-0.37103316,0.000810178,0.80655533,1.0
ABL1,0.42182064,0.83088905,-0.270532,0.34092197,-0.6200142,0.048071396,0.9830303,0.1481178,-0.4638414,-0.35979557,-0.45563754,0.537381,-0.113908015,-0.3678864,-0.5948769,1.1387501,-0.24931248,0.46276435,-0.44739977,0.3114146,0.21698637,-0.020283794,0.022175979,-0.4395794,-0.5621375,-0.08875913,-0.47311205,-0.3338143,0.04748498,0.27046165,0.1968307,1.2361983,-0.66585404,-0.36629534,-0.37405849,-0.6933201,-0.6950329,-0.47929326,-0.74797654,-0.3099662,0.73539186,-0.40348843,0.10063368,0.43050307,-0.2147646,-0.4744206,0.24127352,-0.48012057,1.1343614,-0.44209245,0.6519202,0.73729146,1.1504539,1.7625941,0.58206034,-0.4928545,0.23284006,1.3412213,-1.2732828,0.36111438,-1.0784405,-0.8233959,-1.1421282,1.1504539,0.087640874,0.13590074,-0.451379,0.090248615,0.19594312,1.1504539,-0.47000965,1.7329804,0.18158382,1.0
IL18,-0.33055896,-0.5097135,-0.270532,-0.44828185,-0.21725081,-0.4742777,-0.47849283,-0.12334365,-0.4638414,-0.35979557,-0.45563754,-0.610674,-0.3977495,-0.3678864,-0.5948769,-0.5667236,3.717068,1.7523947,1.5702729,0.045731585,3.1305006,0.49399245,1.1954393,-0.47381258,3.158735,2.1457732,-0.20448007,2.275699,0.6795162,0.19722371,2.4206288,6.6562295,-0.22875673,-0.022124184,0.052446533,1.0466537,-0.5094126,0.18104228,-0.067473665,0.79234993,-0.25985858,0.9571466,-0.06471947,0.3334752,0.15357295,-0.29471537,1.334433,0.29804072,-0.88155335,-0.44209245,0.6519202,0.6742434,0.13088387,1.7625941,0.004830644,0.039398387,-0.41917032,-0.68901986,-0.57423186,-0.22855817,-0.15826099,0.116037816,-0.6547441,0.13088387,-0.17039536,0.8455706,-0.362816,0.43608275,-0.3861492,0.13088387,-0.37103316,0.38905522,0.86869127,1.0
MST1R,-0.33055896,0.10369696,-0.270532,-0.44828185,0.15497309,0.8150582,0.0076434715,0.1470314,2.616471,-0.35979557,-0.45563754,0.5124101,1.28703,2.276641,0.23999608,0.28139848,0.8662673,-0.2658082,-0.22518843,-0.42782283,-0.37987313,-0.36695713,-0.5860765,-0.38615495,-0.5788564,-0.5123286,1.3864433,-0.15861703,-0.34090418,0.601585,0.047616743,1.0600792,-0.12213937,0.45849505,0.088006645,0.5941475,-0.05053204,0.08342829,0.07943095,1.3318707,0.13140647,-0.6232176,-0.5301434,1.3153913,-0.54059005,-0.36136574,2.3768167,-0.16419919,1.1343614,-0.503708,-1.53393,-0.08233329,0.3205713,1.7625941,-0.1726848,-0.12334494,-0.41917032,-0.7888678,0.19372171,0.42819646,-0.38420385,0.13081881,0.18872216,0.32057133,0.36268002,-0.0064580734,-0.06338876,0.24305904,0.43230787,0.32057133,0.5197551,0.09040519,0.21484794,1.0
TRRAP,1.1584244,0.06998935,1.0996382,1.1202884,2.5304253,2.0370033,1.3450819,0.14758042,3.9964838,2.062928,0.33773565,1.6436169,1.4237207,3.433177,3.7581763,1.1085922,-0.19700603,0.0130945975,-0.13350667,-0.036482938,-0.39954063,-0.1773523,-0.04780707,-0.2995842,-0.31252497,-0.06931443,-0.40829214,-0.39229366,0.022415517,-0.16389868,0.027097197,-0.3362668,-0.6218613,-0.7661032,-0.37074825,-0.7262699,0.25761086,-0.5672342,-0.37577057,-0.59623265,-0.8245771,-0.40052024,-0.04350763,-0.7703158,-0.3328933,-0.70637375,-0.69283634,-0.3580885,-0.88155335,2.1128037,0.6519202,0.73729146,-0.41446754,-0.5673456,-0.18036963,0.65399367,3.0038838,-0.25634554,-1.185911,0.22757924,-0.52122414,-1.1230876,-1.2175306,-0.41446754,-0.04843938,0.6813662,-0.23629744,0.18676046,0.054829825,-0.41446754,-0.47000965,-0.23810984,0.45843428,1.0
TGFA,-0.33055896,-0.17462385,-0.270532,-0.44828185,-0.6200142,-0.4742777,-0.47849283,-0.12334365,-0.4638414,-0.35979557,-0.45563754,-0.23117167,-0.3977495,0.9469118,0.227263,0.28700852,-0.48246998,-0.5350838,-0.5601179,-0.48287246,-0.14387469,-0.55034447,-0.59751654,-0.36763978,-0.56057507,-0.5789073,-0.46620396,-0.40516943,-0.5217387,-0.5546062,-0.5487368,-0.46394366,0.74360365,0.60714334,-0.19349168,0.72724164,-0.5398912,-0.16318426,0.20649809,2.6464942,-0.44810167,0.20714448,1.9693118,1.3434819,0.5270647,0.45235384,2.0880582,-0.57070905,-0.88155335,-0.503708,-1.53393,-0.019285204,0.771079,1.7625941,0.036208272,-0.16923271,0.23284006,0.4425899,-0.32587078,0.61771125,-0.82405245,-0.025415776,-0.017628193,0.77107906,-0.22314955,1.0365938,-1.3918335,0.13046189,-0.08275563,0.77107906,0.5197551,0.65784025,0.8421045,1.0
KRAS,0.4223898,1.1690844,15.340404,-0.44828185,4.5382423,-0.2170867,14.15663,0.69093394,6.5279536,-0.35979557,2.0004194,10.31674,22.529896,0.97549707,8.590521,2.852287,-0.24106915,-0.53700703,-0.5215429,-0.5429625,-0.49315855,-0.55023056,-0.54607904,-0.37962726,-0.45709226,-0.45844495,-0.5851206,-0.4358004,-0.5058011,-0.5781469,-0.4861636,-0.19741061,-0.3737879,-0.339175,0.12704216,-0.7501065,-0.33676112,-0.5777254,-0.43318772,-0.51038635,-0.58965856,-0.75816923,-0.5808109,-0.33549348,4.649269e-05,-0.6056659,-0.52511877,-0.62756014,1.1343614,0.907981,0.6519202,0.73729146,6.603968,1.7625941,4.521956,-0.5056544,2.1073697,1.7738956,-0.8352173,0.25679034,-1.3156804,2.005465,-0.8061435,6.6039686,-1.1555355,0.39958954,-2.1256413,2.7443247,-1.2469403,6.6039686,0.27231395,8.153956,0.5546515,1.0
IGFBP3,-0.33055896,-0.5097135,-0.270532,-0.44828185,-0.2283616,-0.21662185,-0.47849283,-0.12334365,-0.4638414,-0.35979557,0.35765636,-0.4209135,-0.3977495,-0.3678864,-0.5948769,-0.5667236,-0.0017515902,1.5296767,2.3433309,1.7392079,-0.5846578,1.0237199,-0.0004364048,-0.21711758,-0.5688523,1.2118745,-0.05398231,-0.34649798,3.0892394,1.6012112,0.40958405,-0.008758097,2.5983136,0.26036122,-0.46410233,0.22535522,0.706026,0.93202686,1.179499,0.67374194,0.67430604,0.3674376,2.4876957,0.6747047,-0.08423073,1.0482645,1.2850924,-0.29890028,1.1343614,-0.503708,-1.53393,0.6111953,-0.12993637,-0.5673456,0.7255382,-0.22726722,0.06983742,-0.3894761,-1.4244677,0.6801128,-1.1661307,-0.4944659,-1.2652342,-0.12993637,-0.1721664,1.2413093,-0.97853965,0.40391213,0.0019123418,-0.12993637,-0.42052144,0.09040519,0.9049045,1.0
CXCL12,-0.33055896,-0.5097135,-0.270532,-0.44828185,0.17566468,-0.21288215,0.007042988,-0.12334365,-0.4638414,0.87807304,0.3648346,0.7317725,-0.3977495,-0.3678864,0.24145302,-0.5667236,0.41261905,1.0634388,-0.12503801,1.3428105,-0.0023172782,2.7971487,3.340136,-0.027781568,2.8080554,2.545255,1.33286,3.939076,2.081025,1.4462883,4.4784303,0.7048518,0.7240126,2.0044122,2.5936954,0.915424,1.4734209,1.437076,1.1243231,1.665597,3.0796225,1.5052428,3.376132,4.308993,2.5856173,1.2321327,3.3893685,1.8825209,-0.88155335,-0.503708,-1.53393,0.6742434,0.67623526,1.7625941,0.6073337,-0.26403973,-0.17466643,-0.22306289,-1.1982405,0.8638032,-1.833145,-0.017641405,-0.8624051,0.6762353,-0.17234595,1.2074,-1.4508756,0.18676046,0.15360913,0.6762353,-0.42052144,1.1058153,0.37790352,1.0
STAT3,1.1695575,0.8284228,-0.270532,1.8848097,0.5169733,0.57088965,0.4825854,-0.12334365,1.0385423,-0.35979557,1.9875133,-0.06102932,-0.3977495,-0.3678864,4.3660583,0.28369847,-0.592612,-0.56617403,-0.5008078,-0.50095123,-0.5677758,-0.3226743,-0.5957996,-0.2915143,-0.6165374,-0.3488266,-0.44738802,-0.51367915,-0.44880292,-0.25141773,-0.51529765,-0.4598664,-0.48897588,-0.5135988,-0.5385157,-0.48633257,-0.5482086,-0.5886162,-0.42813388,-0.71638036,-0.21462104,-0.46713927,-0.30628794,-0.792574,-0.54803866,-0.20683977,-0.6729273,-0.3702644,1.1343614,-0.47307432,0.6519202,0.73729146,3.7349453,1.7625941,2.8948393,-0.49952063,4.3079047,1.7738956,-0.8713816,0.3449904,-1.5174406,-0.3572048,-0.7652887,3.7349453,-0.55171794,-0.17197582,-0.77189267,-0.58533436,-0.5554851,3.7349453,-0.37103316,4.928536,0.67662114,1.0
FASLG,-0.33055896,-0.17390554,-0.270532,-0.44828185,-0.6200142,0.050608795,0.012732485,-0.12334365,-0.4638414,-0.35979557,-0.45563754,-0.4171083,0.45319688,0.9688236,-0.5948769,0.2895067,2.173695,-0.19853441,-0.39563188,-0.49951744,0.15616553,1.3418608,0.8146354,0.20747368,1.3131449,-0.32792106,-0.39672977,-0.10141255,-0.45839378,0.8287681,0.22590189,-0.09988075,1.8291637,-0.7295879,0.44061932,-0.12263393,-0.7451963,-0.772292,-0.18338357,0.54549176,0.4284274,-0.48837772,0.47788322,-0.2653812,0.82401717,0.25898573,0.23014908,0.13608404,-0.88155335,-0.22800453,0.6519202,-1.4693903,0.34428227,1.7625941,0.5044477,-0.15601467,0.15133874,-0.089932345,-0.9917529,0.79745466,-1.9640859,0.5440976,-1.0060487,0.34428227,0.270216,-0.087743066,0.058912516,0.5647652,0.16419262,0.34428227,-0.32154492,0.6279753,0.9118625,1.0
TFRC,-0.33055896,0.15452795,-0.270532,0.34142187,-0.24510491,0.03996618,0.010590604,-0.12334365,1.084693,0.87239194,-0.45563754,0.13795295,-0.3977495,-0.3678864,-0.5948769,1.9851578,-0.52153766,-0.4140872,-0.4281942,-0.529155,-0.64842886,-0.55621886,-0.53105414,-0.4490894,-0.4749505,-0.5657982,-0.55799735,-0.35141203,-0.4744793,-0.57470703,-0.4574975,-0.38082945,-0.5807818,-0.08434637,0.16368179,-0.030950883,0.95484275,0.5042004,0.71717465,0.44643712,-0.26981577,1.0292495,0.72954077,1.077255,-0.32827255,-0.22586048,0.51937914,0.2957979,1.1343614,0.87534076,0.6519202,0.73729146,-0.34333476,-0.5673456,-0.16321494,-0.7416825,0.8848504,1.4077866,-1.3128692,0.09618684,-0.62971675,-1.4709659,-0.7932604,-0.34333476,0.30951297,0.05694401,0.36255705,0.20284577,0.5381428,-0.34333476,-0.47000965,-0.14851484,1.6028969,1.0
IL7R,-0.33055896,0.16035351,1.1441169,-0.44828185,0.577601,0.30714712,0.49485597,0.6910637,-0.4638414,-0.35979557,-0.45563754,-0.03948666,-0.3977495,0.97249025,-0.5948769,0.28780603,4.5799766,-0.1676684,2.2044656,-0.51654917,0.6370664,1.9440273,2.2555008,6.2333407,0.8292217,1.4175282,2.2317135,-0.38074362,1.2450205,2.3011117,1.1972136,1.8464465,1.2467375,-0.13582025,0.02826414,-0.7282872,0.164341,1.2079272,1.8763419,1.2326057,0.23202899,-0.25656345,0.15296763,-0.80766195,-0.43363255,1.6098709,0.54554564,-0.18434949,-0.88155335,-0.503708,-1.53393,0.42205122,1.0081884,1.7625941,-0.064734176,-0.5809518,0.80334914,-0.089932345,-0.24046287,0.7591216,-0.9828812,-0.2421817,-0.041568045,1.0081884,0.14182006,-0.5890358,0.31194964,-0.17515898,0.07952465,1.0081884,0.17333746,1.1655452,0.55871654,1.0
NFE2L2,-0.33055896,0.16099282,-0.270532,-0.44828185,-0.21874411,2.9046557,1.9212443,-0.12334365,7.2677507,0.8718408,4.4264455,3.3862398,-0.3977495,2.2936783,0.23964629,5.403588,-0.5195904,-0.061372336,-0.50231427,2.1562161,-0.61100376,-0.5215163,-0.6000814,-0.45467538,-0.6184825,-0.5898591,-0.5629867,-0.50252444,-0.52687305,-0.4608185,-0.562394,-0.5184928,-0.07459053,-0.064821,-0.5906092,0.41549057,-0.040407795,0.25453877,-0.14185482,0.008726529,0.43816158,-0.07889054,-0.08169303,-0.40837744,-0.47028783,-0.48605776,-0.81604964,-0.32347277,1.1343614,-0.34966913,0.6519202,0.73729146,1.6483835,1.7625941,3.3897507,-0.6806045,-0.5006716,-0.5226067,-2.0580578,0.538765,-1.3102736,-0.49643466,-1.4142032,1.6483835,-0.3584723,0.55728424,-1.1936212,-0.1349457,-0.6965985,1.6483835,-0.42052144,2.3302805,-1.4265167,1.0
CLIP1,-0.33055896,0.76395637,-0.270532,-0.44828185,0.026938448,0.033922452,0.4464882,-0.12334365,1.057034,-0.35979557,-0.45563754,-0.059547294,-0.12248013,-0.3678864,0.20243695,-0.5667236,-0.42631748,-0.55960435,-0.5377533,1.2775929,-0.6585681,-0.5567,-0.5683557,0.18734616,-0.5453662,-0.61783636,-0.5634672,-0.52168703,-0.36405852,-0.43646932,-0.48683974,-0.50697035,-0.41154805,-0.31004483,-0.077851705,-0.4983429,-0.8277867,0.32540026,-0.47378758,-0.40738824,0.29761183,-0.7834632,-0.67316115,-0.37792328,-0.7848006,-0.63625836,-0.7931749,-0.603899,1.1343614,-0.47307432,0.6519202,0.73729146,-0.36704567,-0.5673456,-0.16876867,-0.3757276,0.31434134,1.4410692,-1.4720387,-0.84026855,-0.22908905,-1.8826636,-1.5118302,-0.3670457,-0.031806268,0.26328945,0.11373722,0.17067516,-0.0686443,-0.3670457,-0.47000965,-0.17837983,1.054886,1.0
WWTR1,-0.33055896,-0.5097135,-0.270532,-0.44828185,-0.22468236,-0.21387893,-0.0064263954,-0.12334365,0.30634612,-0.35979557,-0.45563754,-0.610674,-0.3977495,-0.3678864,-0.5948769,1.1407477,1.9662465,0.83626586,1.3602393,-0.3377928,0.31127,2.2844663,1.2803847,0.3732184,-0.5712188,0.36594278,0.6420816,3.7005012,0.4426284,1.3245531,2.630422,-0.17595522,-0.40118915,0.21448603,1.2312946,0.2567961,-0.4404288,-0.7066997,0.3841754,-0.07204911,0.84179056,-0.7733579,-0.7953299,0.31234378,-0.08886829,-0.2956963,0.046268277,-0.34009185,1.1343614,-0.13401468,0.6519202,0.6111953,0.72365713,1.7625941,0.4663849,-0.6055705,0.8848504,0.77541643,-1.6546652,0.2920232,-1.1775085,0.9148009,-1.7124813,0.7236572,0.29797027,-0.19853774,0.29508048,0.709533,0.24886061,0.7236572,-0.37103316,1.1356802,-0.073301435,1.0
NFKB2,-0.33055896,0.49622348,1.1477574,0.33996028,0.16913661,0.54421836,0.011541551,-0.12334365,0.3120743,-0.35979557,-0.45563754,0.5292071,-0.3977495,-0.3678864,-0.5948769,1.9917071,-0.5145231,-0.57731473,-0.5091982,-0.5351385,-0.6420456,-0.5650562,-0.582227,-0.41233063,-0.58789533,-0.5715001,-0.5773785,-0.50920266,-0.53064996,-0.51074535,-0.56867975,-0.5509568,0.2833711,-0.60120684,-0.75012773,0.38096958,-0.06406626,-0.2960978,-0.7169954,-0.17600028,-0.6350173,-0.0506329,0.28754285,-0.8112761,-0.49570984,-0.6632226,-0.6172489,-0.30034176,1.1343614,-0.42512584,0.6519202,0.73729146,2.4545553,1.7625941,0.7540883,-0.3614193,1.2108556,-0.68901986,-0.977614,0.6299045,-1.289487,0.9784692,-0.72552997,2.4545553,-0.31109503,0.3955524,-1.2231421,0.98298323,-0.42848316,2.4545553,0.42077863,2.8379855,0.24489559,1.0
CBLB,1.1686312,0.45314807,-0.270532,1.912571,-0.6200142,0.25034434,0.47841078,0.397387,0.29959667,-0.35979557,1.1758367,0.5017383,0.69012415,-0.3678864,-0.5948769,1.984873,-0.48624486,-0.5916432,-0.40516606,-0.5177983,-0.6021588,-0.53645843,-0.59468985,-0.43887267,-0.5464278,-0.5639677,-0.56734425,-0.48663378,-0.49934512,-0.49878222,-0.54940796,-0.48542207,0.02296567,-0.4411873,-0.5911247,-0.26170674,-0.37919036,0.8774647,-0.31425834,-0.0125499405,-0.42504308,-0.583102,-0.29909465,-0.7091933,-0.74263847,-0.4082584,-0.67143124,-0.2143307,1.1343614,-0.41180685,0.6519202,0.73729146,0.03604013,-0.5673456,-0.17195855,0.57979316,-0.17466643,-0.15649763,0.038527064,-0.22727598,-0.028950779,0.020415805,-0.14953117,0.036040153,-0.0041777454,0.4822464,-0.109778896,0.38782683,-0.061588638,0.036040153,-0.024615495,0.060540184,0.7756429,1.0
JAK3,0.42022943,0.4962493,-0.270532,-0.44828185,0.54425436,-0.24495128,0.97475535,-0.12334365,-0.4638414,-0.35979557,1.171539,-0.042320546,0.16802113,-0.3678864,0.22567295,0.28539652,1.160977,3.2531183,-0.53245384,2.0660775,-0.33414385,-0.20200868,2.202164,0.13975346,1.024398,0.9101729,-0.5680261,1.5053295,0.09870441,1.9870255,0.54115754,2.24338,1.4860667,-0.7992322,-0.22960609,-0.7796733,0.57057923,0.35785073,0.27834868,1.9429934,-0.70605165,-0.103789724,-0.7268718,-0.2767847,-0.62339586,-0.7614697,-0.11983785,1.2415227,1.1343614,-0.47290024,0.6519202,0.35900313,2.2648678,1.7625941,0.29045227,-0.16466223,2.3518736,-0.3894761,-0.44850752,0.9072192,-1.184039,0.7569978,-0.23660535,2.2648678,-0.06862571,0.40399173,-0.8225001,0.70149034,0.051301993,2.2648678,1.7569611,1.7927103,0.6423991,1.0
CCL2,-0.33055896,-0.5097135,-0.270532,-0.44828185,-0.6200142,-0.2117612,-0.47849283,-0.12334365,-0.4638414,-0.35979557,-0.45563754,-0.22147737,-0.3977495,-0.3678864,-0.5948769,-0.5667236,1.7607646,-0.18097621,0.14929716,-0.120759495,-0.28604403,0.27604544,-0.21234944,-0.12704936,0.19869798,-0.3567229,-0.49792054,-0.42330125,-0.044516694,-0.397925,0.2992627,-0.4980275,-0.41878513,0.3111323,0.41680968,-0.16949813,-0.13680622,1.1443888,0.43021592,0.03655849,1.1402292,-0.7745674,1.1603799,-0.11123694,0.07451367,1.31865,-0.7395133,-0.2421214,-0.88155335,-0.503708,-1.53393,0.6742434,0.059751067,-0.5673456,-0.14855269,-0.6832462,-0.33766904,-0.48932403,-0.6473785,0.76625496,-0.6397971,-0.67039406,-0.004348916,0.059751082,0.09674678,0.33034906,-0.1941246,0.050035343,0.3264729,0.059751082,-0.47000965,0.35919023,0.74228173,1.0
STAT6,0.4176877,1.1596168,-0.270532,0.31135073,-0.6200142,0.039032187,-0.009542184,-0.12334365,0.31501135,-0.35979557,0.35266674,0.29869178,-0.3977495,-0.3678864,0.16117275,0.2833902,-0.59991425,-0.59486717,-0.56698436,-0.5535382,-0.66282326,-0.57277435,-0.60041165,-0.4826095,-0.6327475,-0.62440443,-0.58754885,-0.5427524,-0.53311604,-0.5980372,-0.5872617,-0.5531918,-0.15595289,-0.059074562,-0.7401004,-0.34434664,-0.7488624,-0.67689276,-0.4399964,-0.18758522,-0.25718325,-0.74104774,-0.51300967,-0.34940743,-0.7037312,-0.3863493,-0.5906858,-0.14941444,1.1343614,-0.503708,-1.53393,0.73729146,1.0081884,1.7625941,0.048280675,-0.5379585,0.06983742,-0.58917195,-0.87326497,0.13405664,-1.4369081,-0.3058239,-0.9059963,1.0081884,0.055975154,-0.02010872,-0.09712704,0.04199269,0.09010814,1.0081884,-0.2720567,1.4343303,0.8019566,1.0
JAK1,0.42330992,0.82131416,1.1338079,1.919906,0.16271073,0.8366126,0.4937931,0.14811067,1.0837147,0.88134134,3.6348844,5.9123516,-0.3977495,-0.3678864,-0.5948769,1.1443192,-0.48594555,-0.56948,-0.4731186,-0.3901003,-0.59597784,-0.55143565,-0.59807336,-0.27496722,-0.5017747,-0.5562176,-0.52397496,-0.495021,-0.48085418,-0.52546155,-0.5291347,-0.5138774,-0.5260674,0.008358819,-0.4539199,0.14210653,-0.611085,-0.7361916,-0.12940353,-0.3692289,0.065123074,-0.6789415,-0.7268449,0.24295516,-0.3922242,0.063086085,-0.35097265,-0.33331913,1.1343614,-0.35053942,0.6519202,0.73729146,3.260727,1.7625941,1.0798001,-0.14018872,8.708975,-0.25634554,-0.23224051,0.5623218,-1.3114756,0.7569978,-0.10204556,3.2607267,-0.25497484,0.7724611,-1.7460855,0.70149034,-0.1885906,3.2607267,2.6477494,2.5094705,0.58049715,1.0
CYP1A1,0.42054078,-0.17396799,-0.270532,0.3404831,0.51706713,-0.21586803,0.011615023,0.3988611,-0.4638414,0.87588894,0.35659295,-0.42443725,0.44907647,-0.3678864,-0.5948769,-0.5667236,0.0043890188,-0.38501537,-0.5048178,-0.3264087,0.8083714,-0.35617995,-0.41618946,-0.3316087,-0.60655606,-0.31018528,-0.39185002,-0.5072335,-0.31298006,-0.47514442,-0.034569483,-0.29495215,3.764431,2.2121618,0.6589146,0.5462596,3.8052988,0.76110023,3.1867177,0.87744164,2.855779,0.7860612,4.3905625,-0.70623785,0.48603117,0.98246783,4.33273,-0.6571895,-0.88155335,-0.27643147,0.6519202,-1.5324384,-0.011381694,-0.5673456,0.015492974,-0.57863134,-0.33766904,0.043198198,0.27714583,1.3532134,-1.7762469,1.1575619,0.4998952,-0.011381709,0.7563444,-0.8307722,1.0288881,0.6291064,0.6369221,-0.011381709,0.5692434,-0.35756984,0.9336326,1.0
TOP1,-0.33055896,-0.5097135,1.1373883,-0.44828185,0.5742782,-0.4742777,0.012068561,-0.12334365,0.30928096,4.605646,0.36188275,0.16222209,-0.11280608,-0.3678864,-0.5948769,-0.5667236,-0.5928475,-0.29306996,-0.35322773,-0.1439089,-0.5790678,-0.5589501,-0.44282123,-0.46532848,-0.61873287,-0.5296318,-0.55971193,-0.51827323,-0.34555483,-0.43579698,-0.44712573,-0.48912388,-0.43477103,-0.36419007,-0.14221266,-0.37677646,0.08175077,-0.73620266,-0.3347219,-0.57410413,-0.6967494,-0.4272969,-0.64416724,-0.10515107,-0.3619375,-0.8343144,-0.24802567,-0.45059296,1.1343614,1.1478722,0.6519202,0.73729146,-0.46188942,-0.5673456,-0.17168212,0.22999083,0.72184783,-0.5558893,-1.257558,-0.46200013,-0.3150815,-1.5726845,-1.217882,-0.4618894,0.21769041,-0.22156252,0.6113769,0.3395709,-0.058060806,-0.4618894,-0.47000965,-0.29783985,0.7591821,1.0
MMP14,-0.33055896,-0.5097135,-0.270532,-0.44828185,-0.6200142,0.05024486,-0.47849283,-0.12334365,-0.4638414,0.8826807,0.36473703,-0.610674,-0.11464151,0.9743181,0.24332476,-0.5667236,1.3316395,2.2624264,-0.17104697,3.3592653,2.018208,0.00894058,1.1215212,0.19252971,0.008294015,-0.100845896,0.7433814,0.36517903,-0.048212104,0.32992277,0.6178587,0.49337173,0.64157736,0.29541197,0.18045242,0.65563816,0.2557367,1.0876635,0.09489871,0.2708011,-0.042451467,0.64268225,0.7491967,-0.39887506,0.3594861,0.23177008,-0.6746571,0.71757907,1.1343614,-0.47307432,0.6519202,0.6742434,0.41541502,1.7625941,0.56258607,-0.60121,0.06983742,-0.45604137,-1.511251,0.51623213,-1.3913555,-0.51895964,-1.4646424,0.41541508,0.31385922,0.1556106,-0.33329502,0.40391213,0.35469556,0.41541508,-0.42052144,0.7773003,0.090104215,1.0
GRP,-0.33055896,-0.5097135,-0.270532,-0.44828185,0.17971912,-0.4742777,0.013211748,-0.12334365,-0.4638414,-0.35979557,-0.45563754,-0.610674,0.17155679,-0.3678864,-0.5948769,-0.5667236,0.7151308,2.28177,1.5965829,2.0271127,0.068758674,3.2083943,3.1405761,0.070239596,1.7319843,2.3430245,0.10822225,2.165694,1.6805686,1.938635,3.3489022,0.7565809,0.3337583,-0.5489696,-0.35033518,0.6774476,1.4997569,2.1786175,1.1473674,1.5404133,1.2257775,0.44521537,-0.84492457,2.5349474,2.177633,-0.38819006,1.6765661,-0.6571895,-0.88155335,-0.503708,-1.53393,-1.5954865,-0.41446754,-0.5673456,-0.08743905,0.65399367,-0.33766904,-0.35619348,-0.19300391,1.751981,-0.3464171,1.2754401,-0.5675193,-0.41446754,0.5725301,-0.071303576,0.6198115,0.53259456,0.6298665,-0.41446754,-0.32154492,-0.32770485,-0.2673303,1.0
TIMP1,-0.33055896,-0.5097135,-0.270532,-0.44828185,-0.21723779,-0.21162061,0.013214155,-0.12334365,-0.4638414,-0.35979557,-0.45563754,-0.2229526,-0.3977495,-0.3678864,-0.5948769,0.28970483,0.48287877,-0.09922814,1.7175741,6.896092,4.018555,0.063505046,-0.4152792,0.009720483,0.95373684,1.435061,0.020473389,1.404787,0.54034746,0.16041802,0.046146326,0.27271643,1.2124374,0.1303163,0.61397165,0.6410003,0.83825827,0.08355336,1.0965217,3.5675223,-0.6794346,0.15419407,-0.80669504,-0.3303663,1.5904968,-0.58442795,0.041300125,1.3669528,1.1343614,-0.503708,-1.53393,0.73729146,-0.41446754,-0.5673456,-0.036894523,-0.618015,-0.2561677,-0.089932345,-1.8857611,0.3231504,-0.9581993,-1.7305763,-1.6447222,-0.41446754,-0.0005827456,-0.25706,0.3752089,0.0017794177,-0.11803395,-0.41446754,-0.47000965,-0.23810984,0.9882217,1.0
ATP1A1,-0.33055896,0.4924098,-0.270532,0.34029242,0.9626337,0.30596563,0.4784287,0.14814211,-0.4638414,-0.35979557,4.43737,-0.046409063,-0.11522441,-0.3678864,0.19899912,1.9924341,0.31179276,-0.25786847,-0.42790353,0.23872711,-0.6368284,-0.48343587,-0.43302143,-0.3861008,-0.32697725,-0.5856069,-0.079040155,-0.34223405,-0.50459623,-0.48240414,-0.49784353,0.5154087,1.8945729,-0.53652966,-0.58638716,-0.6007857,-0.09721931,-0.57119817,-0.28558695,0.13313392,-0.763911,-0.5177375,0.07917635,-0.17316261,0.04979699,-0.51238346,0.073873624,1.03407,1.1343614,1.9867069,0.6519202,0.73729146,-0.12993637,-0.5673456,-0.16436562,-0.33118948,0.06983742,-0.02336703,-0.6834019,0.73620576,-0.31702843,0.47664884,-0.95017564,-0.12993637,-0.9308697,2.810214,-1.9400806,0.40391213,-0.83771175,-0.12993637,-0.32154492,0.03067518,1.0305462,1.0
ERBB3,1.173694,2.145071,2.4102597,2.669696,6.3736334,1.7941031,-0.47849283,0.41794363,3.3905876,-0.35979557,-0.45563754,1.0710636,1.263445,-0.3678864,1.0722597,3.694852,-0.16404726,-0.34296015,-0.40944988,-0.44246536,0.45711482,-0.5550532,-0.55747056,-0.19084209,-0.27199575,-0.6110279,-0.41116464,-0.18995477,-0.4175929,-0.5211083,-0.47062716,-0.45466888,0.03982944,0.10752224,0.18536742,0.5918706,-0.2985672,0.5938043,-0.15571854,1.6463679,0.014849966,-0.43457326,0.377238,0.43652853,-0.6258508,-0.2681144,2.0453146,-0.051296227,1.1343614,0.18581633,0.6519202,0.35900313,2.2885787,1.7625941,0.2250682,-0.15214626,-0.33766904,0.47587258,0.10081034,0.28894466,-1.136369,1.4577447,0.11419358,2.2885787,-0.2140701,0.93856305,-2.3196363,1.2081776,-0.12861745,2.2885787,2.4497964,1.4044653,0.35694766,1.0
USP8,-0.33055896,0.13860372,1.1364534,1.1260152,0.112547256,0.043307595,-0.47849283,0.14178576,0.30644202,-0.35979557,-0.45563754,0.11079507,-0.13713272,0.940232,0.23073503,-0.5667236,-0.52748513,-0.5158193,-0.51627743,-0.5471518,-0.64735705,-0.5231784,-0.5477334,-0.43321407,-0.5837844,-0.5625572,-0.5433224,-0.50080466,-0.4938717,-0.5459534,-0.55503917,-0.53906095,-0.4649505,-0.5002172,-0.4394097,-0.38649333,-0.57138455,-0.5417168,-0.43690577,-0.28010458,-0.55968857,-0.53473014,-0.7752812,-0.4152745,-0.5120976,-0.734066,-0.8217072,-0.44087642,-0.88155335,0.4052105,0.6519202,0.73729146,-0.31962383,-0.5673456,-0.17417264,-0.33534637,-0.17466643,-0.25634554,-1.170524,0.42601967,-0.46943504,-0.0062159835,-1.5055981,-0.31962383,0.15325901,0.5061048,-0.00012947805,0.43608275,0.28413892,-0.31962383,-0.42052144,-0.14851484,0.31841037,1.0
PPP6C,-0.33055896,-0.17456032,-0.270532,-0.44828185,-0.2181881,0.04744066,-0.47849283,-0.12334365,-0.4638414,-0.35979557,-0.45563754,-0.42231438,-0.11397087,0.9650103,-0.5948769,0.28418076,-0.5384786,-0.55904335,-0.4411823,-0.3099958,-0.53683496,-0.41800395,-0.55692,-0.25590518,-0.44094148,-0.56060123,-0.45442545,-0.40013823,-0.44816214,-0.5389977,-0.5497016,-0.34265432,-0.43060797,-0.6869842,-0.45601183,-0.74089396,-0.6253707,-0.65112025,-0.43881786,-0.39303395,-0.7724695,-0.6104944,-0.68459624,-0.8313227,-0.3807624,-0.6995959,-0.6162026,-0.17727302,-0.88155335,0.86741525,0.6519202,0.73729146,0.51025873,1.7625941,0.5767611,-0.3803164,-0.011663832,0.3760246,-1.7539531,0.16687283,-1.5527217,-1.0770369,-1.6934195,0.5102588,0.21239895,0.5514865,-0.835152,0.20284577,0.34763992,0.5102588,-0.47000965,0.9266253,-0.31205025,1.0
EPAS1,-0.33055896,0.4970053,-0.270532,0.34096298,0.1849145,0.05007301,-0.47849283,-0.12334365,-0.4638414,-0.35979557,-0.45563754,0.73955834,-0.3977495,-0.3678864,0.24330838,1.1414647,-0.4848471,-0.5454728,-0.5533186,-0.3062527,-0.51654816,-0.5651199,-0.5808372,-0.31302145,-0.4065041,-0.6093627,-0.5586553,-0.20500602,-0.5163411,-0.34559923,-0.3945245,-0.33853218,-0.03989085,1.4105217,0.08444062,0.27370697,-0.8046622,-0.61609495,2.5869997,-0.4364944,-0.4098474,0.023128795,-0.21786773,0.88333535,0.5614483,2.3324246,-0.0031179243,1.249268,1.1343614,-0.42512584,0.6519202,0.73729146,1.3401414,1.7625941,0.14076418,-0.15174599,0.31434134,-0.58917195,-0.41346163,0.7346401,-1.2852863,0.8401979,-0.17101662,1.3401414,-0.17056143,0.5957972,-1.0375817,0.709533,-0.42848316,1.3401414,0.024872743,1.6732503,0.8855221,1.0
CLTCL1,1.1696247,-0.1747543,1.1469827,0.32077456,0.5669231,0.046159714,0.47874257,-0.12334365,1.0790651,-0.35979557,1.9895779,0.5217204,0.98235226,-0.3678864,2.6135798,0.28763673,-0.27624968,-0.5792998,0.35821483,-0.38436413,-0.18112288,0.010655328,-0.111123025,-0.4417149,0.37158665,-0.13055536,0.045866963,0.39898488,-0.37583473,-0.03991863,-0.23393817,-0.29892603,-0.30127317,0.29998013,-0.35105965,-0.6929168,-0.74541557,-0.43848875,-0.78539556,0.63751596,-0.4788632,-0.7176237,0.34512624,-0.7022328,-0.12818392,-0.11070167,-0.35260066,-0.18901071,1.1343614,-0.503708,-1.53393,0.23290698,1.126743,1.7625941,-0.052447453,-0.78266805,0.39584264,-0.056649685,-0.34676322,0.5264596,-1.1382442,-0.3797714,-0.1358198,1.1267431,0.17754409,0.13215032,-0.97010505,-0.07060447,0.16419262,1.1267431,0.27231395,1.2551403,1.0650927,1.0
KLK3,1.1740304,-0.5097135,-0.270532,2.7080703,-0.6200142,0.31115833,0.011863169,-0.12334365,0.3098736,-0.35979557,-0.45563754,-0.22911459,-0.3977495,0.9707187,-0.5948769,0.28665093,2.356467,3.1438386,-0.029869715,3.6337514,0.82540154,2.9525802,2.0797486,2.2029486,3.29355,1.1598424,4.0251813,1.5555651,0.6660367,3.2914665,0.5427678,0.044155866,-0.6946801,3.8285728,1.5331382,0.02316448,1.3108094,-0.772292,-0.82211196,3.199094,-0.8267953,0.7406985,-0.84492457,1.5343313,2.2964046,-0.862458,-0.8222144,3.9670477,-0.88155335,-0.44065955,0.6519202,-1.2171981,-0.43817848,-0.5673456,-0.18040386,-0.51201427,-0.011663832,-0.7888678,-0.73963445,0.94252485,-0.90695435,-0.4944659,-0.71445674,-0.43817845,0.6238885,-0.50283015,0.8138066,0.40391213,0.58753246,-0.43817845,-0.42052144,-0.29783985,0.5836946,1.0
FLT3,1.1764247,0.16154225,-0.270532,0.34127858,0.5706125,-0.21164338,0.49395496,-0.12334365,0.31545082,0.8817627,1.1866131,0.15852386,0.17162634,0.9771867,-0.5948769,0.28895652,1.2631726,0.27187586,1.2577854,1.309399,3.233727,2.9877334,2.647097,0.64290893,1.4708451,2.7122319,1.5150317,-0.014987922,3.0796452,1.2303464,2.222517,0.8973618,-0.66425806,-0.32517815,1.7487539,0.7182026,0.5585645,0.42542952,-0.044192296,0.28768352,1.1842182,0.4173377,1.3963269,0.54313207,1.8601345,0.68371254,0.14367433,-0.053957976,1.1343614,-0.21061781,0.6519202,-1.4063424,1.4349853,1.7625941,-0.045340005,-0.15952995,-0.5006716,-0.7555852,0.095330566,0.55835,-1.2030772,0.35242635,0.11270296,1.4349852,-0.071950875,0.9007053,-1.3960509,0.11437658,0.04424633,1.4349852,1.5095199,0.8967603,0.43110648,1.0
APEX1,-0.33055896,-0.17406558,-0.270532,-0.44828185,-0.6200142,-0.4742777,-0.47849283,-0.12334365,-0.4638414,0.88074094,-0.45563754,-0.41852918,-0.3977495,-0.3678864,0.2403343,-0.5667236,-0.51717097,-0.55036753,-0.52363706,-0.51059914,-0.6128496,-0.4701997,-0.53299844,-0.36856028,-0.6203569,-0.54928166,-0.52571225,-0.48953047,-0.49706995,-0.46304545,-0.56252664,-0.54187626,-0.34303007,-0.6549733,-0.41849253,-0.22309706,-0.63796395,-0.45808893,-0.08371354,-0.59072393,-0.5901644,-0.31437793,-0.12491405,-0.6756306,-0.27235165,-0.3155337,-0.77543527,-0.4526254,-0.88155335,-0.36899576,0.6519202,0.73729146,-0.48560035,-0.5673456,-0.16820228,-0.8300165,0.23284006,0.9085469,-2.1488223,-0.25068694,-0.7030711,-2.157567,-2.449828,-0.48560032,0.5935404,-0.42985517,0.84754485,0.50846666,0.3688069,-0.48560032,-0.47000965,-0.32770485,-0.26297987,1.0
TNFAIP3,-0.33055896,0.15970597,-0.270532,0.33910576,0.4845277,0.036862902,-0.47849283,-0.12334365,-0.4638414,-0.35979557,-0.45563754,-0.42771888,-0.3977495,3.565649,1.0628656,0.28551146,-0.49385732,-0.5758265,-0.39984468,-0.5288278,-0.62668175,-0.55276054,-0.57232,-0.44758645,-0.5706366,-0.5987873,-0.5570271,-0.50894713,-0.4936138,-0.47495586,-0.5814128,-0.48598948,0.5824461,-0.22871552,-0.7779478,0.52180094,-0.42513138,0.30529973,0.34883863,0.3540633,0.7837694,0.22402894,-0.23196544,-0.5818273,-0.37939885,0.1981753,-0.73561513,-0.57532954,1.1343614,-0.503708,-1.53393,0.73729146,0.03604013,-0.5673456,-0.13115759,0.16639036,-0.09316515,1.4743519,-0.36222404,0.72096425,-1.2168493,0.46701083,-0.22667678,0.036040153,0.3196601,0.337625,-0.113996185,0.5165093,0.4111409,0.036040153,-0.074103735,0.09040519,0.64239335,1.0
CD28,0.4211952,-0.5097135,-0.270532,-0.44828185,-0.6200142,-0.4742777,0.008043511,-0.12334365,0.30908236,-0.35979557,-0.45563754,-0.22435108,-0.11453757,0.9752873,1.0501566,-0.5667236,6.0347886,2.0145257,1.5039866,-0.5478704,-0.53084266,5.6780767,1.5438502,0.10351396,2.3093448,3.9962025,0.590432,1.6874309,0.9061935,3.9372842,3.1384501,2.621854,0.60093844,-0.76104426,0.6908589,-0.6092018,-0.017468154,-0.020010045,-0.32125288,-0.64246434,0.50419724,-0.34092513,0.12771763,-0.63545144,0.5228444,-0.22570686,-0.5524914,-0.15445448,-0.88155335,-0.503708,-1.53393,-0.8389099,0.48654786,1.7625941,-0.09906504,0.37341672,0.23284006,0.7088511,-0.13381627,0.3747882,-0.27548695,1.8742499,-0.3904071,0.4865479,0.115345016,0.43763083,-0.32064316,0.7980022,0.20299877,0.4865479,0.024872743,0.59811026,0.78780943,1.0
BCL6,1.1714987,-0.17459905,-0.270532,1.9175718,0.563013,0.046978664,-0.012871569,0.14764419,-0.4638414,-0.35979557,1.1726905,0.69820553,-0.3977495,2.3049002,1.0523307,-0.5667236,-0.5246537,-0.5506321,-0.4890826,-0.4968231,-0.6530402,-0.5539388,-0.5525173,-0.38831812,-0.56009614,-0.5857762,-0.5672043,-0.49399284,-0.5029148,-0.4634991,-0.56438655,-0.498607,0.17177793,0.8788226,0.36047903,-0.46112365,0.28008673,-0.19693828,-0.12921698,0.24752107,-0.27690873,-0.66983205,-0.5964897,0.027386013,-0.51175755,-0.5653267,-0.66204256,-0.05304882,1.1343614,-0.32052666,0.6519202,0.73729146,-0.34333476,-0.5673456,-0.13550547,-0.56501466,-0.011663832,-0.3894761,-0.8922974,0.9769476,-0.5671594,0.66512764,-1.3031992,-0.34333476,0.48771098,-0.27113193,0.63246334,0.50042397,0.35469556,-0.34333476,-0.37103316,-0.20824485,0.6472337,1.0
MMP9,0.4230691,0.49671885,-0.270532,1.9206383,-0.6200142,-0.21317641,0.9925938,-0.12334365,-0.4638414,-0.35979557,0.36536342,0.16422176,0.17182964,-0.3678864,-0.5948769,-0.5667236,-0.39414206,0.21098565,0.5155951,0.15639205,0.54378533,-0.014959007,-0.07326953,2.2061896,0.6691313,0.038325943,1.1796778,-0.07449275,0.3642573,-0.5802567,0.37055612,-0.121054314,1.9434471,2.3486564,0.6865818,3.338765,2.1554801,4.3506985,1.8097126,0.02271105,1.2473794,2.5762286,0.8120647,1.8418704,0.39513353,0.71540177,2.0948474,1.1753854,1.1343614,-0.47064602,0.6519202,-0.46062148,0.6999462,1.7625941,0.608673,-0.5484761,-0.17466643,-0.15649763,-1.2103984,0.23133118,-1.5184067,-0.4057979,-1.0804179,0.6999463,0.13721722,0.5362328,-0.451379,0.37978417,0.29825026,0.6999463,-0.37103316,1.1058153,0.7255137,1.0
REL,-0.33055896,-0.5097135,-0.270532,0.33993948,-0.6200142,0.2671987,-0.025270524,0.14796439,0.3162823,-0.35979557,0.36216456,-0.42209193,-0.3977495,0.9691162,0.23884445,-0.5667236,-0.4930149,-0.5643654,-0.44975436,-0.34729207,-0.54072446,-0.5242285,-0.5688255,-0.44884604,-0.6236413,-0.5247002,-0.34899652,-0.533394,-0.4779592,-0.48436037,-0.5242108,-0.34796524,-0.36746675,-0.62208873,-0.6474494,0.64975935,-0.58640856,-0.29696816,-0.5163848,0.14962012,-0.59373814,-0.23736338,0.055921365,-0.70415896,-0.7472916,-0.5739874,-0.085572846,0.13959794,1.1343614,-0.503708,-1.53393,0.5481474,0.65252435,1.7625941,-0.14411668,-0.822534,1.1293542,4.1036806,-0.14720757,0.81270295,-2.177841,-0.570937,0.11944591,0.6525244,-0.36304379,-0.5558414,0.32881877,-0.09473243,-0.53431815,0.6525244,-0.47000965,1.1058153,1.5679033,1.0
CCR7,0.42278838,-0.17431732,-0.270532,0.33313832,-0.22326481,-0.4742777,-0.47849283,-0.12334365,-0.4638414,-0.35979557,-0.45563754,-0.03306139,0.45631048,-0.3678864,-0.5948769,0.28881267,1.6054592,0.56150407,0.4082706,-0.043871444,-0.28137043,2.724589,0.5322628,0.86688304,0.020858698,0.37589112,0.7704377,-0.22901832,0.88304466,0.41766822,-0.261208,-0.2596784,1.2484665,0.07148836,1.4049505,0.3204642,-0.30708197,-0.08587484,-0.69304717,-0.55717963,-0.25604573,-0.70022863,-0.49587935,-0.6475374,0.93736714,0.023828182,0.34036306,0.0520877,1.1343614,-0.47290024,0.6519202,-0.08233329,0.6051025,1.7625941,-0.11292223,-0.6434335,-0.33766904,-0.68901986,-0.059117533,0.5142289,-0.9231975,-0.2939347,0.26059967,0.60510254,0.3323177,-0.05705344,-0.008564048,0.07416331,0.38997388,0.60510254,1.0146376,0.1501352,0.8181187,1.0
NFATC2,0.4161446,0.8024141,-0.270532,-0.44828185,1.1892921,0.80595213,1.393291,-0.12334365,1.0515921,0.8673686,-0.45563754,0.29108843,0.44045758,2.1692252,0.89650947,0.28046855,-0.35695627,-0.26139876,-0.43153346,-0.45434874,0.49537537,-0.3340479,0.037691675,-0.39578646,-0.5058466,-0.30789736,-0.55891097,-0.47393063,0.28686327,-0.34354612,-0.031182867,-0.27311373,0.3547561,0.43070453,-0.5489855,0.425553,-0.75215113,0.061352883,-0.27530557,0.42782405,0.5901691,0.8115098,-0.3286363,0.47385743,-0.4806856,0.9449029,0.113984294,-0.36246496,1.1343614,-0.503708,-1.53393,0.6742434,1.2927195,1.7625941,0.7254125,-0.49221197,-0.011663832,0.07648086,-1.2600906,0.3961208,-1.4275146,-0.4146558,-1.0394629,1.2927196,-0.071784064,0.6103376,-2.079251,-0.038433854,0.0019123418,1.2927196,-0.42052144,1.8823054,0.46547887,1.0
CD209,-0.33055896,0.15486468,1.1425999,-0.44828185,0.17090726,1.3113395,-0.005640271,-0.12334365,0.3135358,-0.35979557,1.176523,0.5174684,0.7337435,-0.3678864,0.2398598,1.1373588,2.2885437,1.1080225,0.94051415,-0.43555456,-0.21958306,0.37506795,1.7159382,1.8290244,-0.23592249,-0.43056738,1.9331285,-0.07061758,1.014998,1.6284165,-0.41691408,1.6036665,0.21503696,2.4627466,1.5876008,-0.3155254,0.30851796,-0.40310296,-0.711184,-0.74020666,1.3719304,-0.6202495,0.4097584,-0.1637802,2.5167055,-0.18133351,0.48721778,0.07327676,-0.88155335,-0.503708,-1.53393,-0.019285204,-0.3907566,-0.5673456,-0.1747048,-0.3757276,-0.33766904,0.9751122,-1.3586295,-0.42144042,-0.22616968,-1.4273721,-1.6159099,-0.3907566,-0.21351986,1.0560311,-0.21099374,0.291315,0.086580314,-0.3907566,-0.47000965,-0.20824485,0.7033849,1.0
TGFB1,-0.33055896,-0.17381726,-0.270532,-0.44828185,-0.6200142,-0.21232523,-0.47849283,-0.12334365,-0.4638414,-0.35979557,-0.45563754,-0.610674,-0.3977495,-0.3678864,-0.5948769,-0.5667236,-0.59660304,-0.3986844,-0.43866852,-0.15476409,0.19925633,-0.5627786,-0.5472969,-0.20173696,-0.6085073,-0.40151805,-0.20423628,-0.21348843,-0.3347908,-0.57974946,-0.48694268,-0.38332957,0.77461886,-0.029006537,-0.44999704,-0.17750828,-0.7598501,1.3700114,-0.10530406,1.9806763,-0.7549566,0.6117423,-0.7222775,0.39190948,-0.5014655,-0.4307001,-0.70214194,-0.6080258,1.1343614,-0.503708,-1.53393,0.73729146,1.8854929,1.7625941,5.0764,-0.699256,2.6778789,-0.056649685,-1.677429,0.882781,-1.9466239,-0.30057186,-1.6363299,1.8854928,-0.17076115,1.1229473,-1.7039127,0.24305904,0.086580314,1.8854928,-0.42052144,2.6289306,-0.11063722,1.0
PTEN,3.429987,8.198255,1.1496273,10.597755,4.5077467,1.0937256,1.9468793,0.14813828,3.4255452,2.1157296,2.8036778,49.575817,4.054339,7.6518188,7.759817,5.4103546,-0.54914385,-0.58515745,-0.5080386,-0.5359757,-0.6289639,-0.53950447,-0.58535284,-0.42488325,-0.5643053,-0.56849915,-0.5738909,-0.52842915,-0.5012247,-0.49420696,-0.5697835,-0.545512,-0.46457183,-0.10012982,-0.48103026,-0.4830228,-0.5775148,-0.55453706,-0.7719586,-0.4615271,-0.67693406,-0.67828596,-0.80097085,-0.4070283,-0.45769566,-0.582234,-0.6163075,-0.5007309,-0.88155335,-0.3373838,0.6519202,0.73729146,2.57311,1.7625941,1.5080827,-0.39196348,0.8848504,2.9387882,-1.261272,-0.2236724,-0.86552626,-0.51388496,-1.3469365,2.5731099,-0.41102526,0.58781236,-1.2189249,0.27522966,-0.5554851,2.5731099,-0.37103316,3.4651506,-0.43180713,1.0
ELL,-0.33055896,0.49768478,1.1266631,-0.44828185,-0.2346101,-0.4742777,-0.47849283,0.14816537,0.31612578,-0.35979557,-0.45563754,0.15473199,-0.3977495,-0.3678864,0.20979965,-0.5667236,-0.5392986,-0.55778503,-0.5619893,-0.51976365,-0.49622104,-0.5238228,-0.5556771,-0.4564787,-0.6101168,-0.5092842,-0.55474025,-0.5057716,-0.5027857,-0.5432413,-0.52058965,-0.5448819,-0.65661013,-0.79158884,-0.6733537,-0.71896124,-0.56055194,-0.48323303,-0.6114066,-0.73994696,-0.6139689,-0.6451862,-0.72824436,-0.60895395,-0.6862424,-0.7491829,-0.78259975,-0.025105726,1.1343614,1.3246979,0.6519202,0.73729146,1.2927195,1.7625941,1.1340446,0.1219781,1.5368607,0.14304617,-0.34810713,0.94744736,-1.121415,-0.12965144,-0.24232166,1.2927196,0.30388626,0.90494627,-1.3454435,0.46825337,0.33352858,1.2927196,1.2620788,0.86689526,-0.107566334,1.0
CD79A,-0.33055896,-0.5097135,-0.270532,1.1312844,-0.6200142,-0.21669242,0.013215404,-0.12334365,0.31784922,-0.35979557,-0.45563754,-0.22332545,-0.3977495,0.97805077,-0.5948769,-0.5667236,2.2296453,0.4044685,-0.45036742,0.064382546,-0.14659978,2.1197293,0.6728562,0.024590328,0.38302425,0.63469464,1.3529011,-0.1299434,-0.08409121,2.1676168,0.62446845,0.4393075,0.70608956,-0.37987614,2.024432,-0.24076362,1.54055,-0.3509665,1.2120229,-0.29126182,0.7509562,0.52606744,1.1465645,-0.8320576,2.9038677,0.076365985,0.04455774,-0.014666336,-0.88155335,-0.38117313,0.6519202,-0.64976573,0.20201667,1.7625941,-0.16849236,0.5868884,-0.09316515,-0.7888678,0.24030909,0.45814744,-0.13403767,2.2767339,0.16711318,0.20201668,0.38073865,0.3205714,-0.12664804,0.7980022,0.45347485,0.20201668,0.3218022,0.060540184,0.4951089,1.0
KLF4,-0.33055896,0.49661556,1.1469959,0.34098235,-0.22595324,-0.4742777,-0.47849283,0.14815089,0.31170434,-0.35979557,-0.45563754,-0.41806558,-0.3977495,-0.3678864,-0.5948769,0.28751364,-0.45120502,-0.53124243,-0.36323133,-0.47933584,3.5824149,-0.55959535,-0.20809937,-0.22233301,-0.54787475,-0.53535074,0.5565687,-0.5095474,-0.37010545,-0.33204284,-0.4830538,-0.51792324,-0.60457486,2.2731209,2.3750315,-0.15056324,1.6168187,0.8783259,2.2102468,0.6802242,1.7157882,-0.14941269,0.8518896,1.0461746,2.4374144,0.6018651,-0.20108844,-0.5431769,-0.88155335,-0.503708,-1.53393,0.73729146,-0.43817848,-0.5673456,-0.0934367,-0.19401209,-0.5006716,0.043198198,-2.0332549,0.7338137,-1.0086069,-1.1047783,-2.4732788,-0.43817845,0.39277577,0.42398062,0.39207804,0.5245519,0.7215901,-0.43817845,-0.47000965,-0.26797485,-0.42173067,1.0
ACVR2A,0.4211501,0.47223923,1.0909029,1.8998008,4.402443,0.30126503,-0.47849283,0.14790134,-0.4638414,-0.35979557,1.9948281,2.7554448,2.1197007,-0.3678864,1.0777591,1.9924086,-0.44666228,-0.03410262,-0.56624895,0.31233233,-0.46302417,-0.3734912,-0.41443312,-0.10185222,-0.6221514,-0.48550412,-0.26049,-0.49884385,-0.35658833,-0.47979504,-0.5270792,-0.47950414,-0.26588902,0.36808014,-0.2769171,-0.19592765,-0.8188659,0.04994301,-0.5808559,-0.60336566,-0.33835575,-0.32547793,-0.41381463,-0.64435494,-0.047093194,-0.71880656,-0.6310021,-0.4638825,1.1343614,-0.503708,-1.53393,0.6111953,0.17830577,1.7625941,-0.0543139,-0.50175613,0.5588452,0.40930727,-0.9396005,0.6350258,-1.1310645,-0.48351476,-0.6805831,0.17830575,0.47162068,0.24190815,-0.53150743,0.42804012,0.55930984,0.17830575,-0.37103316,0.44878525,0.52227503,1.0
NRAS,-0.33055896,-0.17493671,5.423726,-0.44828185,-0.6200142,-0.4742777,0.010953863,9.380093,0.31648242,-0.35979557,1.1815537,0.9360141,1.8794212,-0.3678864,-0.5948769,1.1416955,0.017525561,0.4398828,-0.33994398,-0.38053417,-0.60539263,-0.18473661,-0.34324008,-0.345155,-0.34769478,-0.4902038,0.23261274,-0.5416371,-0.48210117,0.18395312,-0.5531059,-0.35151058,-0.26876235,-0.63534427,-0.7111491,-0.5638464,-0.0109194545,-0.20236441,-0.7424603,-0.45642155,-0.17685784,-0.022275724,-0.1430816,0.099817954,-0.43349972,-0.58668554,0.030646697,-0.61553115,1.1343614,-0.22800453,0.6519202,0.73729146,6.343148,1.7625941,3.6441886,-0.4963007,2.0258684,1.6740477,-0.80618864,0.20203923,-1.3127767,2.005465,-0.7831979,6.343148,-1.0863649,0.43256256,-2.091903,2.7443247,-1.1693279,6.343148,0.2228257,7.855306,0.57362574,1.0
CSF2,-0.33055896,-0.5097135,-0.270532,-0.44828185,-0.6200142,-0.4742777,-0.47849283,-0.12334365,-0.4638414,-0.35979557,0.36618975,-0.416183,-0.3977495,0.979121,-0.5948769,-0.5667236,5.5406647,1.4684025,4.089358,0.59958774,0.57465076,3.225503,1.8843193,13.492318,2.5271885,0.95971423,3.0215533,0.3816613,3.666757,-0.36206272,2.811652,1.5146402,-0.2722974,0.8028094,1.6002713,-0.819708,2.5588694,3.7290514,-0.40020537,5.901184,0.7728863,2.746753,0.79558015,-0.5395501,1.082631,1.3820351,1.410124,-0.5809453,-0.88155335,-0.46656987,0.6519202,-1.9107268,1.1504539,1.7625941,0.41676617,-0.292548,0.15133874,-0.35619348,-0.28994048,1.2171504,-1.6764766,1.5688595,0.15180753,1.1504539,-0.2787739,1.3983076,-2.0412955,0.91059935,-0.008671155,1.1504539,1.311567,0.65784025,0.58763784,1.0
AXIN2,1.1696925,-0.5097135,-0.270532,-0.44828185,1.3545827,0.8042395,0.0042677657,-0.12334365,-0.4638414,-0.35979557,1.1708702,0.9022685,1.863153,-0.3678864,3.3593893,-0.5667236,-0.41851687,-0.24021672,-0.09499787,-0.11154842,0.13932116,-0.53111017,-0.32133436,-0.28007522,-0.32301348,-0.5163504,-0.38768947,-0.14066301,-0.3555338,-0.52743065,-0.4886805,-0.13720895,0.5382043,0.102205075,1.5153936,-0.1925785,-0.53109634,0.28503507,0.77421653,1.1630857,1.6051527,-0.09941735,-0.4559682,1.138197,1.6224153,0.96447396,2.139162,-0.36055088,1.1343614,-0.42512584,0.6519202,0.5481474,1.2452977,1.7625941,0.0012726322,-0.35803428,0.23284006,0.009915628,-0.5162311,0.46092594,-1.7791667,0.026307233,-0.11528269,1.2452977,-0.39824158,0.68777657,-1.1008409,0.3395709,-0.559013,1.2452977,-0.37103316,1.7927103,0.71408063,1.0
KMT2D,2.6692877,1.8198074,2.4164772,14.444886,5.834786,11.853737,2.8747518,0.14781356,24.935621,13.121284,1.1712358,9.281523,2.349866,7.551754,9.092434,3.6838422,0.44676656,1.0948026,0.39848062,1.2838819,0.27854618,2.188755,0.42245787,0.1877666,-0.16005939,2.2945795,0.28019264,-0.27909374,0.14134625,0.7221199,-0.34559193,1.0147982,-0.5466767,-0.61763996,-0.43567786,-0.37022114,-0.44597384,-0.7201492,-0.6522816,-0.36379683,-0.56441784,-0.43345737,0.42754823,-0.64206165,-0.67371505,-0.6176633,-0.75035447,-0.48750812,-0.88155335,0.14956535,0.6519202,0.73729146,0.3917041,1.7625941,-0.13755493,0.10360531,1.9443673,4.7360506,-0.39750436,0.26004103,-0.48982513,1.121772,-0.57670367,0.39170414,0.3792942,-0.3426895,0.4595546,0.5888932,0.28413892,0.39170414,-0.12359198,0.56824523,0.2571801,1.0
MPL,-0.33055896,-0.5097135,-0.270532,-0.44828185,0.18495274,0.050333146,0.009277958,-0.12334365,-0.4638414,-0.35979557,-0.45563754,-0.22515123,-0.3977495,-0.3678864,0.24245808,-0.5667236,-0.06750275,-0.31499922,-0.5489769,-0.34063315,-0.3326151,0.44414574,-0.3560799,-0.2745908,-0.03827454,-0.53111327,-0.5022268,0.17234711,-0.40271485,0.73397577,0.16685094,-0.27651054,0.15338035,1.7572488,0.85684115,0.99928993,0.75205106,0.89581096,1.2249675,1.6893586,1.9566464,0.48130953,0.3529677,1.4573685,1.0399214,1.268895,1.0827184,-0.01191176,-0.88155335,1.0144993,0.6519202,-1.9107268,0.9133447,1.7625941,-0.15768008,-0.46341428,-0.5006716,0.07648086,0.25164494,0.12154705,-0.78719056,0.050327666,0.27068147,0.9133446,0.06485782,0.13257247,-0.8984112,-0.16711633,0.09363598,0.9133446,1.9054258,0.000810178,0.9392322,1.0
ITK,0.4223432,-0.17552264,1.1526347,-0.44828185,0.18463391,0.037996355,1.472462,-0.12334365,-0.4638414,0.8772962,-0.45563754,-0.22308315,0.44970962,-0.3678864,-0.5948769,0.28783295,3.089542,3.2839367,2.8708696,3.0844064,2.5852442,4.342902,3.2320015,0.5731439,3.473774,2.5188873,4.3701954,2.4333253,2.2206,3.9658608,1.5554745,0.46022615,1.5724175,-0.6541562,0.5291868,-0.7037566,-0.531786,-0.5257239,-0.106840044,0.44242513,0.9506768,-0.22568293,0.12546882,-0.17011403,0.3234234,0.6749747,-0.072275616,-0.01589452,1.1343614,-0.3199057,0.6519202,-0.7758618,0.3917041,1.7625941,-0.17668301,0.9230724,-0.17466643,-0.48932403,0.42200613,0.07038531,0.3420817,0.62545735,0.44591147,0.39170414,0.30418256,0.3792101,-0.09712704,0.43608275,0.48875317,0.39170414,0.66821986,0.09040519,0.18255037,1.0
TCF3,0.4143681,-0.5097135,-0.270532,0.33893117,0.51867193,-0.21446763,-0.47849283,0.14793102,-0.4638414,0.86647093,-0.45563754,-0.07124585,0.12257033,-0.3678864,0.12488233,-0.5667236,-0.52361315,-0.55757785,-0.5557336,-0.530657,-0.6106475,-0.5543602,-0.5927382,-0.46878296,-0.62888664,-0.559773,-0.57014024,-0.5371553,-0.49811012,-0.508353,-0.55996436,-0.48926398,-0.17982087,-0.027806286,0.20747977,0.04963889,0.5113084,0.40369853,0.35636804,-0.42519712,0.17828138,0.5402437,0.7019376,0.013591828,0.19280998,0.31207383,-0.24038953,-0.28301153,1.1343614,0.020024192,0.6519202,0.73729146,-0.27220196,-0.5673456,0.10377525,-0.44455925,1.047853,0.6090031,-1.7757306,0.3522833,-0.725909,-0.09776284,-1.9835371,-0.27220196,9.435643e-07,0.8474509,-0.29955673,0.4602107,0.16066478,-0.27220196,-0.42052144,-0.088784836,-0.4854049,1.0
DNMT3A,3.419925,1.1510853,-0.270532,0.310525,0.09474211,0.30419493,1.3506472,0.69086015,1.8100309,-0.35979557,-0.45563754,0.30784616,0.16498438,-0.3678864,0.9954991,2.8267937,-0.42486125,-0.5916849,-0.10156154,-0.37853408,-0.23352885,-0.40284216,-0.38633096,-0.46072763,-0.23746248,-0.5742059,-0.2220562,-0.2003296,-0.3166345,-0.39680627,-0.5679194,-0.41188174,-0.59515333,-0.0872819,-0.45259792,-0.22528237,-0.3394856,-0.4099336,0.35344657,-0.5722188,-0.36808532,-0.7148423,0.8144722,0.15961714,-0.41014934,-0.07630372,-0.56331784,-0.5179692,1.1343614,-0.35053942,0.6519202,0.73729146,-0.27220196,-0.5673456,-0.18132417,-0.8300165,0.23284006,0.27617672,0.17907403,0.55986166,-0.9379463,-0.25034094,0.35166,-0.27220196,0.7943049,-0.94837064,1.0879301,0.3958695,0.6863118,-0.27220196,0.07436098,-0.38743487,-0.51663506,1.0
CYLD,0.41812694,-0.17441301,1.0294307,-0.44828185,0.13084824,1.3519295,0.0062933764,0.40658003,-0.4638414,0.84901714,-0.45563754,0.107463084,-0.116804786,-0.3678864,1.6383854,0.2793485,-0.51720905,-0.44537356,-0.4105052,-0.24696596,-0.5771957,-0.55958176,-0.54638773,0.0153865535,-0.35674506,-0.6070046,-0.48491707,-0.4383591,-0.45241332,-0.5821317,-0.40042034,-0.42412832,-0.38096005,-0.58304274,0.13969074,0.10049271,-0.40202305,-0.71794903,-0.23332526,0.027067373,0.11160871,-0.48287773,-0.70023656,-0.33367884,-0.131002,-0.28425634,-0.6502086,-0.59321237,-0.88155335,-0.503708,-1.53393,0.73729146,0.059751067,-0.5673456,0.17190084,0.12888242,-0.33766904,1.4410692,-0.636385,1.008991,-1.4519916,0.46701083,-0.54023606,0.059751082,0.44099158,0.5879801,-0.98697424,0.5165093,0.5451985,0.059751082,-0.17308022,0.1800002,0.8456263,1.0
KDM6A,-0.33055896,1.1621112,-0.270532,7.3623214,0.5118628,1.8125801,-0.0017174035,0.14779529,16.324835,3.2636757,0.35912883,1.2047845,0.40847903,0.8622272,2.3427064,6.1954093,-0.5274944,-0.5687501,-0.5451466,-0.51240003,-0.650891,-0.5524475,-0.59951127,-0.4561176,-0.5283505,-0.54162896,-0.5600908,-0.49115396,-0.50003403,-0.5011126,-0.52193534,-0.5247014,-0.6682186,-0.4660846,-0.121707454,-0.46690655,-0.5453275,-0.58951724,-0.79342103,0.0831394,-0.80042064,-0.45106137,-0.8018095,-0.4842338,-0.3880465,-0.7586342,-0.7226325,-0.40268457,1.1343614,-0.37761104,0.6519202,0.73729146,0.17830577,1.7625941,-0.15374498,0.55141234,-0.2561677,-0.35619348,-0.23325221,0.6243996,-0.55796695,1.6416276,-0.38913077,0.17830575,0.41514152,-0.28719074,0.39629534,0.66127706,0.2065266,0.17830575,-0.12359198,0.29946023,0.22549804,1.0
ERBB2,1.1649173,4.7843385,2.502801,1.1259562,2.4995618,0.301828,1.9267144,-0.12334365,3.238481,-0.35979557,0.35289744,1.0681412,0.99762934,-0.3678864,3.3885245,2.819963,0.061988838,0.7502556,0.24174479,0.6802983,-0.16124156,-0.072448514,0.71639466,0.23824894,1.3077203,-0.18111657,-0.057977382,1.0478623,-0.12813443,0.5982309,0.72686756,0.9058586,0.6702842,-0.2737961,-0.6465334,-0.6753402,-0.52070856,0.56365144,-0.1436612,-0.1042229,-0.1953364,-0.101070635,-0.7867713,0.24994256,-0.04892486,-0.466315,-0.165375,-0.3235989,1.1343614,-0.10546964,0.6519202,0.73729146,2.881352,1.7625941,1.1157368,-0.23543766,2.2703722,1.5076345,-0.25132784,0.6957444,-1.828361,1.4577447,-0.10554041,2.881352,-0.33190864,0.80734444,-2.3744612,1.2081776,-0.28736988,2.881352,2.2023551,2.3004155,0.61014146,1.0
EGR1,0.42322513,-0.5097135,-0.270532,0.3413692,-0.2220257,0.050377596,0.013215582,-0.12334365,1.097995,-0.35979557,-0.45563754,-0.22634591,-0.113223046,-0.3678864,1.0655855,-0.5667236,-0.51905704,-0.57945675,-0.53994715,-0.48624587,-0.6325818,-0.5275992,-0.5839811,-0.3927239,-0.5612892,-0.62014574,-0.56442267,-0.48050365,-0.52271444,-0.5268181,-0.56214345,-0.4879155,0.2551228,3.0364115,0.19909993,-0.23065707,0.8743865,1.4131453,1.4435185,2.414207,2.8717582,-0.068395466,2.8074858,1.8090292,-0.61452204,1.0763992,1.2921922,1.282314,1.1343614,-0.43043548,0.6519202,0.73729146,0.5813916,1.7625941,0.054851823,-0.53964216,-0.33766904,-0.5558893,-1.1432416,0.0733864,-1.0601631,-0.6699307,-1.1375046,0.58139163,0.23228085,0.2688251,-0.392337,0.22697373,0.34411207,0.58139163,-0.47000965,1.0162202,1.1007732,1.0
GATA3,-0.33055896,25.650257,-0.270532,-0.44828185,1.7617097,0.83352685,-0.47849283,-0.12334365,2.6443834,-0.35979557,-0.45563754,-0.22588931,0.16315702,0.96620053,1.0554274,0.28719956,0.73610765,-0.33470187,0.8337803,1.0121677,0.07647242,0.91290265,3.175977,-0.3082309,-0.28946963,0.48325828,1.2147506,-0.19631733,2.376662,1.0352337,-0.420616,-0.45761698,3.1506128,0.8590811,-0.7506676,3.2582116,0.299231,0.36228356,0.40778124,-0.50167555,1.137025,0.77341527,0.69165057,-0.53919226,-0.000427202,-0.01029703,1.0381867,4.6939516,1.1343614,-0.41022235,0.6519202,-0.33452544,0.22572765,1.7625941,-0.076080695,0.14567205,0.39584264,-0.58917195,-1.0395606,0.4881963,-1.1134255,0.6928691,-0.78883207,0.2257276,0.31043258,0.07130061,-0.109778896,0.53259456,0.2911946,0.2257276,-0.42052144,0.53838027,0.53372616,1.0
COL3A1,1.1745149,0.82467717,1.1490015,1.1109824,0.57509166,1.3470465,1.4457502,0.4195485,1.0849926,-0.35979557,0.36330506,1.1022527,0.1704132,0.94268453,0.23446086,-0.5667236,1.8912538,3.1250541,-0.028563472,6.1564097,0.6906731,-0.40663284,1.2115707,1.7357318,-0.03199917,-0.59324765,2.939601,2.5613728,-0.051738955,0.69931966,2.1794236,5.097002,0.797541,0.75838906,0.20475891,-0.6325758,1.718068,3.5834193,1.9902263,0.18751469,-0.010187262,0.703815,-0.7000719,1.0591195,0.19354129,1.0125256,1.1984315,0.4650584,-0.88155335,-0.31673667,0.6519202,0.6111953,-0.058803562,-0.5673456,0.053189304,-0.5877291,1.1293542,-0.48932403,-0.85072726,1.2111012,-1.4392544,-0.32009095,-1.0933338,-0.058803573,0.45247158,0.14144617,0.11795451,0.37978417,0.6016438,-0.058803573,-0.074103735,-0.029054826,0.31769592,1.0
CTNNA2,1.168303,1.4904586,-0.270532,0.33937123,2.4905205,2.0239856,1.8597816,-0.12334365,2.5877705,0.86724645,2.7392507,0.49068743,1.5382456,-0.3678864,1.899779,1.1266748,4.788973,4.7541146,4.084101,1.2270517,2.3521314,4.7244062,5.573684,8.432131,5.815232,5.665736,3.005719,0.96004844,3.3027651,5.640834,3.2689202,0.4049653,2.3391154,0.92770773,1.5241692,-0.5891736,3.2343976,-0.772292,0.74857086,1.4469881,-0.8267953,2.3360128,-0.026512198,0.17682627,1.5610259,1.150726,-0.8222144,1.2344421,1.1343614,-0.503708,-1.53393,-1.4693903,0.107172936,1.7625941,-0.12866093,-0.31683835,0.06983742,-0.056649685,-0.80288196,0.8529003,-0.818269,-0.3593253,-0.6003887,0.10717295,0.47606644,-0.109237924,-0.12664804,0.29935762,0.47816968,0.10717295,-0.12359198,0.20986521,0.86776274,1.0
SGK1,-0.33055896,-0.17440021,-0.270532,0.3382785,-0.21954705,0.04738887,0.44405597,0.1480819,-0.4638414,-0.35979557,-0.45563754,0.51384944,-0.3977495,0.9741543,0.23820274,1.1297446,0.94928485,1.7719489,1.7761506,1.2034279,1.7641325,-0.27425045,1.8335453,0.19866107,-0.21945775,0.5910047,0.724901,-0.2757213,1.9100107,-0.42143723,1.1508309,1.0983086,-0.66838497,0.9878763,1.355462,1.9130038,0.99890304,-0.49472696,0.9072954,0.5798744,1.3186395,0.53301275,0.3678161,0.26374117,1.6635544,-0.7364824,-0.32276395,-0.32774064,1.1343614,-0.503708,-1.53393,0.73729146,0.22572765,1.7625941,0.17612542,-0.47467312,-0.5006716,1.0749602,-1.3429778,0.5686079,-0.8256337,-0.38904834,-1.6806084,0.2257276,-0.036766984,1.8827535,-1.471962,0.3958695,0.22063793,0.2257276,-0.42052144,0.53838027,0.14281535,1.0
XRCC3,-0.33055896,-0.5097135,-0.270532,-0.44828185,-0.6200142,-0.4742777,-0.47849283,0.1481081,-0.4638414,-0.35979557,-0.45563754,-0.42180136,0.70036477,-0.3678864,-0.5948769,-0.5667236,0.31357518,-0.09201565,-0.49475935,-0.052916706,-0.5194638,-0.4273858,-0.46060097,-0.04769934,-0.6028291,-0.49990892,-0.46185327,-0.2546145,-0.52154815,-0.54986626,-0.5271739,-0.468951,0.12047523,-0.37062505,-0.10431993,-0.08879242,0.5211429,0.6577199,0.27652398,-0.592614,0.51666254,-0.1845252,1.5630987,0.42422658,-0.0653702,0.63307256,0.52171695,0.31096485,-0.88155335,0.96897984,0.6519202,0.73729146,-0.2959129,-0.5673456,-0.18228884,1.1358151,0.31434134,0.7088511,0.913011,-0.50886875,0.85959435,0.41382256,0.77858776,-0.2959129,0.8021572,-0.87444496,1.0584091,0.4441254,0.6792561,-0.2959129,0.024872743,-0.38743487,0.7654342,1.0
ACKR3,-0.33055896,-0.5097135,-0.270532,0.33702117,-0.6200142,-0.4742777,0.5035221,-0.12334365,-0.4638414,-0.35979557,1.1867965,-0.22388196,0.7371475,-0.3678864,-0.5948769,-0.5667236,-0.27835733,0.13397762,-0.56693363,-0.34679112,0.9816453,0.15016119,-0.5529698,-0.39385906,-0.46712908,0.33575884,0.08958356,-0.17549492,0.18858425,-0.1411556,0.3236127,-0.19373141,1.3546414,1.2166243,0.29614654,0.8950617,0.36623803,0.65515274,0.18764935,0.9152402,1.0609002,0.41790435,-0.6289853,-0.2179205,0.009912724,0.5633902,-0.6524753,-0.11353927,1.1343614,-0.503708,-1.53393,0.73729146,-0.48560035,-0.5673456,-0.18233676,1.289998,-0.33766904,-0.68901986,-0.23507115,-0.9070329,0.56652385,-0.854785,-0.40373152,-0.48560032,-0.06478065,0.16038984,0.3499052,0.17067516,-0.4919842,-0.48560032,-0.47000965,-0.32770485,-0.3748502,1.0
KMT2C,2.6640985,16.456577,4.919922,11.336906,5.6883755,3.595662,3.7827237,1.4436569,16.26053,4.4919395,1.1656586,3.4997394,4.0172706,4.8900523,11.8287525,12.942937,2.0675812,1.2081109,0.23871809,2.0806859,0.69895643,3.1494663,2.7184594,-0.44275084,1.6474192,2.7240398,2.2155724,2.701566,-0.077987306,2.8013744,2.3562734,0.09008445,-0.646278,-0.3986207,-0.78812,-0.76582736,-0.82658917,-0.31864354,-0.69868785,-0.4608458,-0.2313165,-0.03445813,-0.58833116,-0.3362892,-0.71104836,-0.47254536,-0.4386188,-0.49010357,-0.88155335,-0.17902726,0.6519202,0.73729146,0.2968604,1.7625941,-0.14724144,0.3057056,1.5368607,-0.12321496,-0.30255085,0.39026058,-0.52085054,1.5261042,-0.5150814,0.2968604,0.4091171,-0.34016266,0.4384682,0.62106377,0.2806111,0.2968604,-0.12359198,0.44878525,0.20454507,1.0
RAC1,-0.33055896,-0.1741165,-0.270532,0.34130934,-0.6200142,2.408929,-0.47849283,-0.12334365,0.31397772,0.8812618,-0.45563754,-0.2258294,0.17156254,-0.3678864,1.0835537,-0.5667236,-0.2326352,-0.284429,-0.49501935,-0.4980622,-0.41708994,-0.30025,-0.24334934,-0.28989458,-0.5705971,-0.37969604,-0.39992508,-0.19275972,-0.37418762,-0.14461464,-0.3728762,-0.2530391,-0.41855884,-0.67717946,-0.53039134,-0.7337731,-0.4574679,-0.58363366,-0.6316676,-0.43755215,-0.42668834,0.5206801,-0.34907597,-0.7937811,-0.8038133,-0.6024496,-0.5215556,0.025936663,1.1343614,-0.18662211,0.6519202,0.73729146,8.714241,1.7625941,12.908636,-0.6570119,3.3298893,1.540917,-1.3064318,0.4184196,-1.9439796,-0.1842771,-1.2814182,8.714241,-1.7987559,-0.078809366,-2.3997648,-0.37622532,-1.8890058,8.714241,0.3218022,10.782077,0.032918043,1.0
LMO1,-0.33055896,-0.5097135,-0.270532,-0.44828185,-0.21727338,-0.2119196,-0.47849283,-0.12334365,-0.4638414,-0.35979557,-0.45563754,-0.610674,-0.11295579,-0.3678864,-0.5948769,-0.5667236,2.3367498,1.0755448,3.4019635,0.036617395,0.726419,0.074651286,1.6279361,-0.31852973,0.20215662,1.6423525,0.1730703,-0.27220333,3.6699457,1.0022652,0.8429203,1.9604985,2.0025332,0.68010306,-0.8073839,2.5917134,2.7767775,0.7357977,-0.6480995,0.26285356,3.2624426,-0.52285296,-0.84492457,1.0290391,-0.8262427,0.8895679,-0.61978924,3.6537447,1.1343614,-0.35413095,0.6519202,-1.5954865,-0.48560035,-0.5673456,-0.18233685,2.3500051,-0.2561677,-0.056649685,0.3961254,-1.1014876,0.9692809,-0.4198722,0.29219747,-0.48560032,0.36242762,-0.77656543,0.76319915,-0.06256182,0.3123616,-0.48560032,-0.32154492,-0.41729987,0.7045721,1.0
MYO5A,0.4056764,0.8124869,1.1077217,0.22080587,0.39869642,1.2287992,1.7034256,0.12156007,0.29473308,0.81469756,1.1169487,0.41142175,2.2522035,-0.3678864,0.94039327,0.25989783,-0.5586269,-0.4403906,-0.41663486,0.1648996,0.7245226,-0.2698575,-0.5932281,-0.39930838,-0.5716036,-0.1193047,-0.26411694,-0.53114027,0.14094354,-0.47908893,-0.28893933,-0.51223713,-0.6908939,-0.71871364,0.6457291,-0.7505729,-0.7269068,0.8968142,-0.40534005,-0.74041826,-0.7711185,-0.22120953,0.16747946,-0.3152568,0.32973215,-0.71589804,-0.71700996,-0.09670749,1.1343614,-0.503708,-1.53393,0.6742434,-0.24849103,-0.5673456,-0.16858374,-0.13693479,-0.33766904,1.540917,-0.14612673,1.4975266,-0.8841339,0.09589397,0.5284442,-0.24849103,0.60126203,-0.039170343,0.38364348,0.45216808,0.70747876,-0.24849103,-0.12359198,-0.23810984,0.53000736,1.0
MSN,1.1760602,0.49705347,-0.270532,0.34115684,1.3825332,-0.4742777,-0.47849283,-0.12334365,-0.4638414,-0.35979557,-0.45563754,-0.032076485,0.4508215,0.97377044,1.0828017,-0.5667236,0.35704297,-0.4302165,0.0036007972,0.98591965,1.3636482,-0.5450572,-0.43604213,-0.19033152,0.30623302,-0.5994285,0.48603296,-0.19915445,-0.18923424,-0.01845683,0.11305171,-0.04894532,-0.3517361,0.09187857,-0.042986184,0.43451816,-0.81832916,0.76346886,0.29846054,0.68892384,0.17491132,0.1234477,-0.45185575,-0.05406211,-0.30389857,0.20553565,-0.35575634,-0.5885997,1.1343614,-0.503708,-1.53393,0.73729146,-0.31962383,-0.5673456,-0.048289604,-0.618015,-0.33766904,2.739092,-2.0281758,0.46885434,-0.85426646,-0.96745807,-2.4276974,-0.31962383,0.4354966,-0.33116922,0.5185966,0.3958695,0.42172438,-0.31962383,-0.47000965,-0.11864983,-0.43786994,1.0
GRIN2A,2.6532674,2.1012156,-0.270532,4.274774,1.6657974,1.5763289,4.7303877,0.14780624,1.0695744,-0.35979557,1.1641239,1.5430673,2.132635,0.9281836,-0.5948769,1.9756804,0.26035592,1.587205,3.28412,2.0607677,1.4854883,1.5223686,1.7303805,-0.36624587,0.6528929,1.2657034,-0.2064358,1.8147495,3.8748767,0.49608833,1.8947396,0.6117915,-0.35624233,1.3250636,3.8716497,3.2154422,1.2168067,1.3941282,1.2551302,-0.037294652,3.7533476,2.5679545,0.29253104,3.5569913,3.56333,0.4757428,2.2498984,2.4933002,1.1343614,-0.503708,-1.53393,-1.7846305,0.3205713,1.7625941,-0.10570563,-0.17109303,-0.09316515,0.9085469,-0.5941253,0.3917375,-0.46391985,0.35438442,-0.7072611,0.32057133,-0.1269912,1.9808512,-1.9063424,0.3556562,0.26297194,0.32057133,-0.17308022,0.50851524,0.812054,1.0
DEK,-0.33055896,-0.5097135,-0.270532,-0.44828185,0.18417163,-0.4742777,-0.47849283,-0.12334365,0.31719193,0.87760836,0.36388722,-0.2260344,-0.3977495,-0.3678864,0.24281494,-0.5667236,-0.51984704,-0.5928528,-0.55194414,-0.4452034,-0.61331105,-0.54102063,-0.5167283,-0.319989,-0.538039,-0.58881253,-0.54058075,-0.46832532,-0.477446,-0.5018803,-0.559374,-0.50252885,-0.46403694,-0.6420734,-0.1045824,-0.13406284,-0.00096913887,-0.030510793,-0.62045527,0.037020005,-0.5694884,-0.07033428,-0.09920241,-0.7846309,-0.062007513,-0.23512019,-0.26580676,-0.49305686,-0.88155335,-0.44244057,0.6519202,0.73729146,-0.46188942,-0.5673456,-0.18088442,0.7599944,0.06983742,1.2746559,-0.2682013,0.15141322,-0.07897807,-0.49774563,-0.07482997,-0.4618894,-0.1272278,-0.18412757,0.3203842,-0.27971348,-0.23798023,-0.4618894,-0.37103316,-0.35756984,-0.2864377,1.0
STRN,-0.33055896,-0.5097135,-0.270532,-0.44828185,-0.21751481,0.30325705,0.987593,-0.12334365,-0.4638414,-0.35979557,-0.45563754,0.33944106,-0.3977495,0.9611875,-0.5948769,0.28514957,-0.49365,-0.5705718,-0.5369542,-0.5186538,-0.5863542,-0.54492396,-0.5248198,-0.1959391,-0.60814846,-0.48973912,-0.50108266,-0.52659416,-0.44495195,-0.49120477,-0.55536956,-0.47617647,-0.22338967,-0.45683312,-0.78955543,-0.534498,-0.4111458,0.010562066,-0.6087515,-0.48719513,-0.62666315,-0.36055854,-0.79794556,-0.82617116,-0.7574645,-0.6538533,-0.49008867,-0.4261661,1.1343614,0.39348537,0.6519202,0.73729146,-0.2247801,-0.5673456,-0.17201963,-0.026274651,-0.41917032,1.5076345,-0.95089215,0.14141098,-0.9002237,-1.0667329,-0.74889797,-0.2247801,-0.3946082,1.3283077,-1.4803966,0.23501639,-0.2556194,-0.2247801,-0.47000965,0.000810178,0.6557614,1.0
ACVR1B,0.4191502,0.49483252,1.1030284,0.3404231,0.16392599,0.5692737,1.4700059,-0.12334365,-0.4638414,2.1097643,-0.45563754,1.8664598,1.580784,0.97027254,1.0035423,0.28358537,-0.52359337,-0.5775334,-0.4681603,-0.5499028,-0.016703239,-0.54231834,-0.59207827,-0.44097328,-0.6126529,-0.5931799,-0.49635652,-0.5249045,-0.52528274,-0.5270498,-0.5783259,-0.5459855,0.2568292,-0.74780595,-0.74765885,-0.5386377,-0.62016714,-0.6102261,-0.24182427,-0.26247203,-0.74728125,-0.584262,-0.5778934,-0.3047135,-0.012903706,-0.68601364,-0.1210497,0.05358027,1.1343614,-0.503708,-1.53393,0.73729146,-0.24849103,-0.5673456,-0.1732355,0.06691279,-0.011663832,1.4743519,0.011376361,1.9693649,-0.8851637,1.1213949,1.0191106,-0.24849103,0.7100844,-0.3983685,0.71680903,0.57280785,0.72864574,-0.24849103,-0.074103735,-0.26797485,0.42024326,1.0
HEY1,0.42268255,-0.17394023,1.1472049,-0.44828185,-0.6200142,-0.22781943,-0.47849283,-0.12334365,0.31260407,-0.35979557,-0.45563754,0.7294817,-0.12048749,-0.3678864,0.236426,0.28600374,0.44735998,-0.5829817,-0.39337927,-0.5259773,-0.12955998,-0.111013316,0.29330796,-0.24808863,-0.61510533,-0.22846358,-0.11189947,0.15899087,-0.5065421,-0.2752721,-0.47797903,-0.34739268,0.71821445,0.38809875,-0.41247338,0.07493881,-0.2606313,0.38011646,0.85597426,-0.101142116,-0.50373065,0.024519792,0.94116646,-0.73792046,-0.04142775,-0.5865561,-0.42386317,0.49693796,1.1343614,-0.47307432,0.6519202,0.4850993,-0.2247801,-0.5673456,-0.17510287,0.35812357,-0.2561677,-0.68901986,-0.44848207,0.65601826,-0.60174537,0.053668056,-0.40637597,-0.2247801,0.4042814,-0.15777993,0.5734213,0.41999745,0.38644606,-0.2247801,-0.22256845,-0.14851484,0.48734513,1.0
CAV1,0.4183017,-0.17707872,-0.270532,-0.44828185,0.181852,-0.4742777,0.00854346,-0.12334365,-0.4638414,0.8637358,-0.45563754,0.70377415,-0.11438031,-0.3678864,0.94126457,0.28554174,0.7882642,0.5695091,-0.4524734,2.6714194,-0.3085438,-0.39307132,0.015796058,0.35238338,-0.5523693,-0.26299012,-0.4813325,-0.3278596,-0.25239775,-0.38721427,-0.36715707,-0.438377,1.4259859,3.2108479,2.1952932,2.2602599,0.5154417,1.241798,4.2923384,0.32827663,1.6026229,-0.7625163,-0.19685586,2.3923972,0.97263926,2.5479612,1.5696526,-0.47509292,1.1343614,-0.44209245,0.6519202,0.6742434,0.2968604,1.7625941,0.038915552,-0.49687132,0.64034647,1.1082429,-1.4127303,-0.03131905,-0.9243855,-0.93694246,-1.3800603,0.2968604,-0.20776707,1.9836589,-2.0286436,0.27522966,0.11480297,0.2968604,-0.47000965,0.65784025,0.78336483,1.0
ACVR1,-0.33055896,-0.5097135,-0.270532,-0.44828185,0.18355013,0.048132874,0.47088337,-0.12334365,0.2815647,-0.35979557,-0.45563754,1.3201363,0.16844761,-0.3678864,0.23942065,-0.5667236,0.14802207,-0.23747292,-0.5607857,-0.292801,-0.44643474,-0.38328537,-0.2503772,-0.10889545,-0.52805626,-0.4085422,-0.395176,-0.37563396,-0.3250431,-0.22997151,-0.26778892,-0.39701864,-0.6299079,-0.18610243,-0.77754164,-0.5465797,-0.32296908,0.43956906,-0.5628353,0.08963108,0.0677768,-0.07239003,-0.6819335,-0.061581273,-0.653829,-0.7750019,-0.25194362,-0.59043163,1.1343614,-0.503708,-1.53393,0.73729146,0.083462,-0.5673456,-0.07011728,-0.13240482,-0.41917032,0.24289405,-0.7384312,0.3645748,-0.56266886,-0.17913784,-0.80424166,0.083462015,0.10407944,0.90889555,-0.43872714,0.40391213,0.4464192,0.083462015,-0.2720567,0.2695952,0.78644425,1.0
TERT,0.42172536,0.49717078,-0.270532,-0.44828185,0.15015748,0.31207788,-0.0025901971,0.41937876,-0.4638414,-0.35979557,0.36175925,-0.2266328,-0.3977495,-0.3678864,0.23065105,2.846936,2.5610034,2.2364533,0.67114794,1.4183412,-0.42818946,0.53630114,2.036537,0.13310272,1.5457358,0.5774801,0.6527981,1.7790504,0.50984395,1.6438512,2.0029595,2.321074,0.54941624,-0.26458505,-0.56001025,0.23436129,1.0617404,0.6313673,1.5570719,-0.74307054,2.2351987,-0.022865402,2.610296,1.815818,-0.16890705,1.4946543,1.3376844,-0.6571895,-0.88155335,0.4392779,0.6519202,-1.9737748,-0.17735824,-0.5673456,-0.102510825,-0.56501466,0.15133874,0.24289405,-1.6282892,-0.1249078,-0.7285111,-1.0236346,-1.5274233,-0.17735824,0.3971529,0.15207312,-0.00012947805,0.4119548,0.52403146,-0.17735824,-0.47000965,0.060540184,0.6990354,1.0
IRF4,0.4225154,-0.5097135,-0.270532,1.9195877,-0.21719085,0.04985337,0.49565238,-0.12334365,-0.4638414,0.8748753,1.1818963,-0.032841664,0.17127176,-0.3678864,-0.5948769,0.2877281,1.5931728,4.906525,5.2940063,2.4882753,5.872857,3.6660357,3.7919474,0.33763433,4.4623213,3.3652651,3.1417437,4.7966213,4.997344,1.79142,3.9876328,1.089403,0.6467556,0.59521466,1.4864879,0.11628053,0.26052362,-0.7645461,-0.39726433,-0.07956517,0.6902612,-0.27256614,2.1989996,-0.6521744,2.6592236,-0.585438,-0.80103993,-0.5185355,1.1343614,-0.503708,-1.53393,-0.58671767,-0.34333476,-0.5673456,-0.089114286,-0.56501466,-0.5006716,-0.02336703,-0.8353744,0.84830445,-0.3047005,0.66512764,-1.3210061,-0.34333476,0.02081659,0.70429695,-0.054954186,0.50042397,0.16419262,-0.34333476,-0.37103316,-0.20824485,1.1849637,1.0
MYB,0.41437286,1.8135062,-0.270532,0.3379692,-0.6200142,-0.213128,0.008766596,0.1475914,-0.4638414,2.0714996,-0.45563754,0.45208773,-0.3977495,-0.3678864,0.07413737,-0.5667236,-0.5594045,-0.52316046,-0.54491246,-0.52946544,-0.44269016,-0.5141288,-0.3806414,-0.41332456,-0.5787933,-0.48694867,-0.5550126,-0.49896783,-0.5032166,-0.53353983,-0.49702805,-0.5142144,0.75733334,0.15095596,0.20935084,0.18842894,1.7289059,1.2795341,-0.23792899,-0.63223577,0.39573878,1.8205273,-0.32930744,1.1208849,-0.64310694,-0.8056114,1.418865,0.5118505,1.1343614,0.26213503,0.6519202,-0.71281374,-0.011381694,-0.5673456,-0.13051592,-0.415231,-0.09316515,-0.056649685,-1.1971337,-0.25557065,-0.57427156,-1.2037171,-1.2079465,-0.011381709,0.3799869,0.43734425,-0.18569003,0.38782683,0.5381428,-0.011381709,-0.47000965,0.2695952,1.0313215,1.0
NF1,1.8932154,5.7619786,-0.270532,0.33791503,4.3628917,1.2548903,5.1863613,0.1474584,0.9932982,4.5003347,3.608009,2.7941842,0.7154446,0.9479232,4.1366553,1.1251044,-0.50413454,-0.5571053,-0.5093849,-0.55138105,-0.5417933,-0.5672505,-0.52881414,-0.44775644,-0.5994007,-0.5721583,-0.53084236,-0.5196226,-0.52783227,-0.43903065,-0.56698275,-0.5027971,-0.5523767,-0.45897314,-0.6178432,-0.12485411,0.23102179,-0.39573684,-0.49413732,-0.41720808,-0.74853987,-0.5119318,-0.45687348,-0.5004781,-0.6216681,-0.5524551,-0.68835425,-0.58003473,-0.88155335,-0.47307432,0.6519202,0.73729146,0.96076643,1.7625941,-0.0498122,-0.6612356,-0.17466643,-0.35619348,-0.54140383,0.6487528,-1.4378412,0.4692035,-0.08726318,0.9607665,-0.47127056,0.46545067,-2.197335,0.60497844,-0.5837078,0.9607665,-0.42052144,1.4641953,1.0052723,1.0
MAX,0.41947183,-0.1745582,1.1261632,-0.44828185,-0.22248293,-0.21362905,0.008994814,-0.12334365,-0.4638414,2.1056626,0.35822687,0.717816,0.7177607,-0.3678864,-0.5948769,-0.5667236,-0.5445508,-0.50003725,-0.47059548,-0.5144769,-0.62188935,-0.5166555,-0.54237413,-0.41998297,-0.5572263,-0.5457019,-0.5577251,-0.47453213,-0.5252824,-0.5649117,-0.5315323,-0.5457022,-0.44168,-0.7654595,-0.323351,-0.31499255,-0.13653496,-0.6702134,-0.6538841,-0.619326,-0.33548665,-0.5998256,-0.67119473,-0.18136786,-0.32585844,-0.7717306,-0.63496315,-0.63277614,-0.88155335,4.0969205,0.6519202,0.73729146,0.5813916,1.7625941,0.12664272,-0.4635246,0.15133874,0.5757205,-1.5551726,0.54496145,-1.3224477,-0.57838386,-1.5871701,0.58139163,0.1845701,0.1276437,-0.105561614,0.23501639,0.15360913,0.58139163,-0.47000965,1.0162202,-0.014236386,1.0
ESR2,0.41392407,-0.17624676,1.1209713,-0.44828185,0.88085246,0.04422745,-0.47849283,-0.12334365,-0.4638414,-0.35979557,1.165827,-0.063442774,0.43121198,-0.3678864,-0.5948769,0.2782911,-0.5013716,-0.58102393,-0.5410093,-0.48059648,-0.47882098,-0.51364183,-0.5280381,-0.3642064,-0.5712715,-0.6130531,0.32028744,-0.45069948,-0.5267936,-0.53666407,-0.57180643,-0.47658357,0.39892304,1.6745212,1.1374599,-0.5924834,-0.69801635,-0.69757754,-0.5037405,0.69883543,0.1554888,-0.7964286,-0.62558866,-0.7509372,1.0877112,-0.6303876,-0.33049503,-0.16168122,1.1343614,-0.503708,-1.53393,-1.2171981,1.0318992,1.7625941,0.9875673,-0.538047,-0.09316515,1.1748081,-1.1293256,1.40164,-1.5721099,-0.39153263,-1.5517786,1.0318993,-0.27098078,1.7546787,-1.9569498,0.017864726,0.24180494,1.0318993,0.96514934,0.71757025,0.28586546,1.0
SALL4,1.174905,0.16082245,-0.270532,0.34067076,1.3462683,-0.4742777,0.9712117,-0.12334365,1.0718287,2.1183062,0.36209488,1.4821354,1.5737007,-0.3678864,-0.5948769,1.1388637,0.7049083,0.63912255,-0.22567645,1.872783,2.7413805,0.93073106,1.6662648,0.9801415,2.7838264,0.10664036,0.30957147,0.92576206,0.1045977,0.1969403,0.6874051,5.005467,-0.56039023,1.4418945,3.771014,-0.0990731,3.5569894,1.8110571,2.1570072,1.7678952,1.7353199,2.906138,-0.62739766,-0.17398202,3.6093166,1.833315,0.954638,0.30452847,1.1343614,-0.47272417,0.6519202,-1.7215827,-0.34333476,-0.5673456,0.019907052,-0.47668073,-0.17466643,0.043198198,-1.5667223,0.10036083,-0.8754448,-1.4709659,-1.5274233,-0.34333476,0.34141737,0.51004016,-0.016998619,0.50846666,0.4816975,-0.34333476,-0.47000965,-0.14851484,0.015801767,1.0
ELN,-0.33055896,0.15478942,-0.270532,0.3345227,-0.6200142,0.21070734,-0.47849283,-0.12334365,1.0169946,-0.35979557,0.35161185,0.083354175,0.11537371,-0.3678864,-0.5948769,0.2662092,-0.067711,2.1084416,1.3750801,0.67754805,-0.090583004,0.90203226,0.22926565,0.0041230875,-0.4798981,2.066806,-0.22489987,0.8516326,1.830093,1.655768,1.43202,0.23379788,-0.4489258,-0.012921914,-0.511778,-0.4280147,-0.1340197,0.6270121,0.6335431,-0.07107548,2.5742376,1.0621839,-0.12269915,1.1040765,-0.42944002,1.2579212,1.1420273,1.5869192,-0.88155335,-0.42512584,0.6519202,0.6111953,-0.5093113,-0.5673456,-0.1823339,-0.8300165,0.06983742,-0.089932345,1.2445683,-1.1305814,1.4721683,0.35997146,1.0912673,-0.50931126,0.9110285,-0.96746016,1.1638412,0.50042397,0.8062581,-0.50931126,-0.37103316,-0.41729987,-2.0434675,1.0
FSTL3,-0.33055896,-0.5097135,-0.270532,-0.44828185,-0.6200142,-0.21277194,-0.47849283,-0.12334365,-0.4638414,-0.35979557,-0.45563754,-0.610674,-0.3977495,-0.3678864,-0.5948769,-0.5667236,-0.40657428,-0.11644113,0.0048081228,-0.18828951,-0.5730851,-0.029259324,-0.31121594,0.83937913,0.6209619,-0.2221412,0.40225035,0.44455788,-0.40947586,0.24598508,0.03753148,-0.4967341,0.801627,-0.76182896,-0.21291551,-0.015375853,0.5997311,1.6798627,0.8133849,1.1878917,-0.43355146,-0.613774,-0.5967981,0.44597575,0.4795181,1.0339208,-0.330959,-0.17196518,1.1343614,-0.503708,-1.53393,0.73729146,-0.5093113,-0.5673456,-0.18233669,-0.8300165,-0.41917032,0.47587258,0.31815067,-1.1305814,0.93748736,-0.5031847,0.20683102,-0.50931126,0.21769041,-0.96746016,0.74633,-0.29579878,0.10774731,-0.50931126,-0.37103316,-0.41729987,-2.203592,1.0
BTK,-0.33055896,0.4953452,-0.270532,-0.44828185,-0.21845956,1.6112756,0.9852316,-0.12334365,-0.4638414,-0.35979557,-0.45563754,0.3468981,0.1663839,0.9402817,1.9128444,-0.5667236,-0.40449986,1.2316974,0.74628454,-0.2681836,3.245067,-0.3782916,-0.32051855,0.38448527,1.1542783,0.98948556,0.5006663,0.5981081,-0.38607845,0.40996528,-0.5083344,0.3617443,1.6900142,-0.67397577,1.1294132,-0.10728566,-0.47915894,-0.36162513,0.9743225,0.24458863,0.4438711,-0.15642509,0.09834929,-0.6292387,1.2559878,1.2932202,-0.6919,1.3298706,1.1343614,-0.46707174,0.6519202,0.23290698,0.9133447,1.7625941,-0.023697268,0.24120188,1.047853,-0.6224546,-0.1655576,0.5246653,-0.55927926,0.27433088,-0.28222367,0.9133446,0.16188899,0.4688374,-0.34594688,0.40391213,0.25591627,0.9133446,0.86617285,0.6279753,0.8300807,1.0
PTPRC,1.9233778,0.48925886,1.1371404,5.070466,1.3767883,0.8248626,3.3828237,-0.12334365,0.30400085,-0.35979557,3.6046326,0.33640203,1.2778012,6.2939596,3.4997132,0.28600818,1.4454662,1.0502728,1.2440388,0.20365183,0.19969203,0.85225946,0.393159,0.3940022,-0.036372546,-0.018482912,3.624493,0.5535593,0.51882255,-0.03259039,-0.12468522,1.888447,1.3396512,-0.74082273,0.9511967,-0.03125405,0.050174676,-0.32868233,0.5993008,-0.51581365,0.67970854,-0.70187736,0.5334979,-0.5827676,0.6979901,1.0796149,-0.15298349,-0.25451976,-0.88155335,-0.103206925,0.6519202,0.6742434,-0.27220196,-0.5673456,-0.18186107,0.615448,-0.41917032,-0.58917195,-0.004838001,-0.1524821,0.16856258,-0.25435618,-0.074023254,-0.27220196,0.3192399,0.2546089,0.19808294,0.36369887,0.49580884,-0.27220196,-0.22256845,-0.20824485,0.9756746,1.0
MMP1,1.1774416,-0.17564332,-0.270532,-0.44828185,-0.6200142,-0.4742777,0.9968777,-0.12334365,-0.4638414,-0.35979557,-0.45563754,-0.41687274,0.17258847,-0.3678864,0.2446832,0.2886281,1.204654,0.5961819,3.78568,-0.24488536,1.9347796,0.8721856,2.172987,1.2471282,1.8545508,0.7746349,3.3115757,0.42462042,2.9441345,1.0463351,1.3152206,0.39791676,-0.038585026,4.5143833,3.8548672,0.5410946,2.6242464,7.8796678,4.2032847,2.6249754,2.886227,3.351772,1.38636,3.368473,3.414424,3.6313906,2.1361554,1.2293681,1.1343614,-0.503708,-1.53393,-1.2171981,0.51025873,1.7625941,1.1286664,-0.4188621,-0.41917032,-0.6557372,-1.4626541,0.7291469,-1.3065519,-0.24070445,-1.3928714,0.5102588,0.28103235,0.32079455,-0.3122086,0.42804012,0.38997388,0.5102588,-0.32154492,0.8370303,0.9580589,1.0
TPR,1.925608,2.477435,1.1376168,3.4946237,2.1016505,0.3030997,1.9455974,-0.12334365,4.151819,-0.35979557,1.171645,2.6056972,0.71966404,3.6048565,1.7632287,-0.5667236,-0.5278893,-0.5876135,-0.5110784,-0.4412036,-0.6394169,-0.5271219,-0.5491953,-0.42429128,-0.57954323,-0.5892463,-0.57738525,-0.48376042,-0.51759595,-0.48266557,-0.57498914,-0.46361822,-0.38443688,-0.59440327,-0.40866154,-0.70969546,0.10872648,-0.49763608,-0.38307244,-0.6340948,-0.51231563,-0.38657176,0.36924738,-0.5879792,-0.39574993,-0.67559075,-0.5752683,-0.48828867,-0.88155335,1.2313861,0.6519202,0.73729146,1.861782,1.7625941,0.039066616,-0.6633292,0.06983742,0.47587258,-0.06976722,0.68482035,-1.3635397,1.5695966,0.23599692,1.861782,0.016788473,-0.37669092,-0.13929988,1.1116657,-0.05453297,1.861782,2.7467258,0.6877053,0.45861694,1.0
PBX1,-0.33055896,-0.5097135,1.1262141,0.33783597,0.91400504,-0.4742777,0.0086079715,-0.12334365,-0.4638414,0.8603809,-0.45563754,-0.610674,-0.14460942,-0.3678864,0.2368081,0.27671292,-0.36019552,-0.5793755,-0.52742106,-0.36970592,-0.5463544,-0.52722126,-0.44535124,-0.17573671,-0.5156476,-0.2812167,-0.36803934,-0.53278744,-0.42204952,-0.32799268,-0.45574662,-0.37461656,0.7263203,-0.2909305,0.5477542,0.8821976,0.59559715,1.2064103,0.29191822,-0.15621921,0.78780866,0.18859246,0.89689106,1.0804079,0.59910506,-0.43778166,1.0304787,0.6836114,1.1343614,-0.503708,-1.53393,0.6742434,-0.31962383,-0.5673456,-0.16407485,-0.40601352,0.5588452,-0.35619348,-1.378209,1.314212,-0.75763255,-0.3418878,-2.2450957,-0.31962383,-0.7214676,4.0394654,-1.944298,0.4119548,0.48875317,-0.31962383,-0.37103316,-0.17837983,0.39512822,1.0
GNAQ,-0.33055896,-0.5097135,-0.270532,-0.44828185,0.16267766,-0.4742777,0.011595272,-0.12334365,-0.4638414,0.8783737,-0.45563754,0.15341818,-0.114757046,-0.3678864,-0.5948769,-0.5667236,0.11060118,-0.09833627,0.069754824,-0.28372803,1.034181,0.08604711,0.67151475,-0.46519583,-0.18042512,0.34329262,-0.3030215,-0.047858894,0.10587868,0.04550934,0.07565983,-0.39804915,-0.6927354,-0.012201705,0.14175262,-0.36702865,-0.6617904,-0.36373556,0.8984968,-0.64959306,0.105072394,0.12713864,-0.7208331,-0.02089936,0.16542067,0.6586426,-0.099688806,-0.59130573,1.1343614,-0.31005913,0.6519202,0.73729146,3.59268,1.7625941,2.541593,-0.5693487,0.96635175,0.043198198,-1.1495795,0.20716195,-0.87880737,0.91497314,-1.2314945,3.5926797,-0.4307058,0.43333024,-2.4377203,1.1277511,-0.39320484,3.5926797,-0.22256845,4.659751,0.5444162,1.0
AMER1,-0.33055896,1.1611478,2.510284,-0.44828185,1.7087615,0.82629746,6.267581,0.14017273,1.8483306,0.87482864,2.7836723,0.8897093,5.267009,-0.3678864,1.0550113,0.28563914,-0.26395693,0.0974931,0.38194147,-0.44580865,4.463978,-0.42342505,0.005215071,0.11050259,1.0499632,1.2084432,0.30909893,-0.084866434,-0.41430408,-0.15176204,-0.019906476,0.21487513,-0.19310488,-0.59839815,-0.022094201,-0.20055573,-0.60439616,-0.3850873,-0.72551435,-0.35038453,-0.3549794,-0.62469566,-0.33834174,-0.75045294,-0.060848907,-0.065621115,-0.5604339,0.13026045,-0.88155335,-0.38117313,0.6519202,0.35900313,0.86592275,1.7625941,-0.17235513,-0.3215723,0.15133874,2.0734394,-0.2069791,0.35302648,-0.56934047,0.6193542,-0.04395069,0.8659228,-0.17508443,-0.06566768,0.3541225,0.6371491,-0.48845634,0.8659228,-0.2720567,1.2551403,1.5488834,1.0
STIL,0.419596,0.14617534,-0.270532,1.1278037,-0.25510645,0.04488904,1.4201903,-0.12334365,-0.4638414,-0.35979557,0.35385606,0.31740782,-0.3977495,-0.3678864,0.22225851,0.28085077,-0.5677192,-0.5179013,-0.49899054,-0.47098112,-0.6623019,-0.4996196,-0.40260497,-0.22888982,-0.471595,-0.6149455,-0.33133864,-0.43811083,-0.512239,-0.58709675,-0.55703646,-0.36609203,-0.15804145,1.0001667,0.30036873,1.194056,2.4282742,0.786955,1.7535714,-0.60965437,1.7971708,1.641402,2.0792718,2.0417407,0.43293017,1.6567535,2.093655,0.06497655,-0.88155335,1.345471,0.6519202,-0.46062148,-0.5093113,-0.5673456,-0.18233685,2.3500051,0.06983742,-0.2896282,0.25116703,0.8760372,0.25460175,0.47440502,0.1428828,-0.50931126,0.7079295,-0.48152158,0.9150214,0.50846666,0.6016438,-0.50931126,-0.42052144,-0.38743487,-0.90975195,1.0
CD79B,-0.33055896,0.16200629,-0.270532,-0.44828185,-0.6200142,-0.4742777,-0.47849283,0.14819819,-0.4638414,-0.35979557,-0.45563754,-0.22354522,-0.11674562,-0.3678864,-0.5948769,-0.5667236,1.1469826,-0.0015826948,-0.29019985,-0.3283951,0.08273569,1.0282669,0.007231717,1.0427686,-0.58242285,-0.13422044,1.4177887,0.09953383,-0.48809126,0.59421617,0.37709916,-0.32503226,0.0964196,0.31777066,1.7382928,0.34826434,0.3667021,-0.65553194,-0.4168609,0.7315463,1.2757025,-0.21218294,-0.35846004,1.5976155,2.06935,-0.536938,1.8348287,0.73629785,-0.88155335,-0.34878892,0.6519202,0.4850993,0.20201667,1.7625941,-0.16849236,0.5868884,-0.09316515,-0.056649685,0.24030909,0.45814744,-0.13403767,2.2767339,0.16711318,0.20201668,0.38073865,0.3205714,-0.12664804,0.7980022,0.45347485,0.20201668,0.3218022,0.060540184,0.4951089,1.0
FGFR3,0.4213839,-0.5097135,-0.270532,1.0805856,-0.25294214,1.0125743,-0.47849283,-0.12334365,21.054884,-0.35979557,0.35360053,-0.24783391,0.15073688,0.968653,-0.5948769,1.1344906,-0.4120085,-0.3742816,-0.396096,-0.5078393,-0.14811799,-0.15391488,-0.33885157,-0.44873127,-0.027196394,-0.34413075,-0.48099574,-0.24723922,-0.4101987,-0.27386296,-0.35661426,-0.50974107,-0.002877751,1.2122034,-0.5659165,-0.71316457,-0.22973935,-0.033545315,0.3424211,0.13941886,-0.51218605,0.99780875,-0.5484324,-0.38337693,0.2502517,0.14873254,1.7344986,0.406489,1.1343614,-0.44244057,0.6519202,0.16985905,2.0751805,1.7625941,0.06468827,-0.17005126,0.15133874,-0.48932403,0.054556526,0.20147212,-0.5424746,0.31755596,0.06374978,2.0751803,-0.21715227,0.72306645,-1.471962,0.3556562,-0.14625661,2.0751803,2.0538905,1.3746003,0.42282706,1.0
ADH1B,-0.33055896,-0.5097135,-0.270532,0.3401992,-0.22362748,-0.4742777,0.47499067,0.14769463,0.30385894,-0.35979557,1.1713016,-0.41803584,-0.12215255,-0.3678864,0.22094919,0.28646713,-0.59991425,-0.59486717,-0.56698436,-0.5535382,-0.66282326,-0.57277435,-0.60041165,-0.4826095,-0.6327475,-0.62440443,-0.58754885,-0.5427524,-0.53311604,-0.5980372,-0.5872617,-0.5531918,2.928072,6.497099,5.5765104,2.0702474,4.6661987,7.538304,4.594045,6.306274,7.8905816,5.217246,2.3506913,7.4715786,6.5115724,4.948835,6.5573106,3.5444186,-0.88155335,-0.503708,-1.53393,0.5481474,-0.1536473,-0.5673456,0.2531691,-0.8300165,-0.41917032,-0.02336703,0.5317276,-0.57643425,0.34911606,-0.23239058,0.4843012,-0.1536473,0.75489354,-0.93565816,1.0668437,0.37174153,0.64397776,-0.1536473,0.3218022,-0.38743487,0.8811099,1.0
MYH11,0.4174408,0.15446223,2.3513072,1.9122301,1.686669,1.3346497,0.95673394,0.1478742,1.0717803,-0.35979557,1.1743312,1.2254741,0.72970396,0.9563174,3.2317238,-0.5667236,-0.0603718,0.4905676,1.1519434,-0.39515838,2.6656787,0.6165745,0.9288095,-0.20484872,0.14818722,1.1849482,-0.0046258955,0.21403079,2.105255,0.14747466,1.1922024,0.6444342,-0.63569176,3.94408,5.604186,2.5480154,4.46284,2.153007,2.0269256,1.8105614,6.451543,2.8425634,-0.65808123,6.8335986,3.9649494,1.9673059,5.3182287,2.66523,1.1343614,-0.503708,-1.53393,0.6742434,0.27314943,1.7625941,-0.1062658,0.5381946,-0.011663832,0.7088511,0.23223706,1.6976302,-0.4912741,1.9100733,0.25255054,0.27314946,0.62208766,0.3238056,-0.43450984,0.7980022,0.6792561,0.27314946,0.42077863,0.09040519,0.32203683,1.0
KMT2A,1.1580918,1.7282455,-0.270532,1.862648,2.6556115,3.0903277,1.4053178,2.5544415,5.4671597,5.7077,1.9726344,1.3859923,1.5353316,0.9557212,0.90143657,1.9672527,-0.52269995,-0.5835007,-0.48287138,-0.5449511,-0.6622175,-0.53207356,-0.5981176,-0.45330393,-0.5700525,-0.6224542,-0.5513272,-0.49880958,-0.46852338,-0.49605277,-0.5456249,-0.54562145,-0.6886523,0.23768295,-0.6293306,-0.30488795,-0.26190934,-0.49556452,-0.69546646,0.043909676,0.27489594,-0.7461105,-0.6631814,-0.064552225,-0.7635222,-0.50633705,-0.115365304,-0.20606233,-0.88155335,0.36771196,0.6519202,0.73729146,-0.27220196,-0.5673456,-0.17940079,0.13362652,0.96635175,2.8389401,-0.2755593,0.26132226,-0.26110193,0.17687777,-0.18788902,-0.27220196,0.4511376,-0.11573604,0.3541225,0.42804012,0.49933666,-0.27220196,-0.2720567,-0.17837983,0.2343863,1.0
FGFR4,1.923581,-0.1752151,1.1084746,0.34081635,0.55378383,0.77661663,-0.00034443778,-0.12334365,0.31681228,-0.35979557,0.36254463,-0.23499955,-0.12203982,-0.3678864,-0.5948769,2.8418705,0.14509024,-0.23623006,-0.45998815,-0.42542496,-0.45089686,-0.24815403,-0.33135968,-0.12710588,-0.063829765,-0.33576804,-0.40724963,0.49413016,-0.30603078,-0.3142807,-0.06325973,0.22324875,-0.67495245,-0.045901965,1.033398,-0.7849447,1.8965406,0.5929455,3.1126907,0.43661785,0.057270043,0.21904558,0.24178357,0.3791954,0.28063917,2.4440694,-0.13575193,-0.47019064,1.1343614,-0.503708,-1.53393,-0.08233329,2.0040474,1.7625941,0.053897846,-0.19379194,-0.2561677,0.10976351,0.04089681,0.26067904,-0.5492864,0.3890339,0.07088098,2.0040474,-0.20115274,0.7661698,-1.471962,0.37978417,-0.12156179,2.0040474,1.954914,1.3447353,0.43739855,1.0
GNAS,0.4183401,1.1433617,-0.270532,-0.44828185,1.6447978,0.5582033,0.9742634,0.41935757,0.9800818,6.9156976,1.1652436,0.48000756,1.2366437,-0.3678864,1.8441492,-0.5667236,-0.33132744,0.038723156,-0.5364434,0.30113083,-0.09437765,-0.3229647,-0.36396167,-0.32460004,0.083608516,-0.6092586,1.5315832,0.056019943,0.037386842,-0.5917805,-0.16174997,-0.1272198,-0.5698144,-0.643355,-0.51194155,-0.7816383,-0.73423105,-0.75933516,-0.66726893,-0.6039813,-0.7004271,-0.54793984,-0.38956964,-0.52761346,-0.7376462,-0.736912,-0.61228263,-0.62724537,1.1343614,-0.47290024,0.6519202,0.73729146,3.4978359,1.7625941,0.9252338,-0.60007477,0.39584264,1.2746559,-0.96961683,0.31942672,-1.0483273,0.08961376,-0.9740629,3.497836,-0.3190333,0.047713898,-1.3876163,0.4441254,-0.31559256,3.497836,-0.2720567,4.5701556,0.42401528,1.0
ARHGAP5,1.1647205,0.81593496,1.1340593,0.33806366,1.9219531,0.458756,0.8664357,0.13303265,-0.4638414,2.0718336,1.1499033,1.1724297,-0.3977495,0.9337061,1.0078057,0.27568245,-0.53629273,-0.55433416,-0.44787762,-0.52112883,-0.6141832,-0.54281217,-0.41302478,-0.4141109,-0.6050582,-0.5056164,-0.5303324,-0.49144286,-0.48640049,-0.5416301,-0.45936015,-0.5236134,0.091606595,0.099830754,-0.47850746,-0.19792856,-0.5711222,-0.48622894,-0.6519743,-0.22545011,0.008461703,-0.7026487,-0.7431123,-0.6128728,-0.6567717,-0.8328623,-0.70721954,-0.0012440392,1.1343614,-0.42512584,0.6519202,0.73729146,-0.17735824,-0.5673456,-0.033622835,-0.3000128,0.06983742,-0.5226067,-1.335315,0.12806424,-0.47431526,-0.7271475,-1.518207,-0.17735824,0.21024927,0.86835164,-0.43029258,0.4119548,0.3370564,-0.17735824,-0.47000965,0.060540184,0.4745707,1.0
THBS1,1.1741492,1.1660305,-0.270532,0.34095007,0.18196136,-0.4742777,-0.47849283,0.14814495,0.31701046,-0.35979557,2.0044584,0.72965425,0.15084845,0.9488831,0.2420135,3.7017965,-0.48231363,-0.5858872,-0.49451613,1.4378045,-0.5394145,-0.5273599,-0.5099562,-0.015075258,-0.5093876,0.074691065,-0.45952106,-0.5180888,-0.29593337,-0.4341803,-0.43158308,-0.38232815,-0.59157175,-0.3409527,0.08697184,-0.4182984,-0.54117507,-0.30822963,-0.046411574,0.38289297,0.9971444,0.23783517,1.5211114,1.6340475,-0.10444971,0.7805369,1.5289694,0.70664173,1.1343614,-0.503708,-1.53393,0.73729146,0.22572765,1.7625941,1.0229968,-0.67944723,0.64034647,2.3397007,-1.0362675,1.134835,-1.7627983,-0.43066055,-0.40106666,0.2257276,0.28708786,-0.13512398,-0.11821347,0.2511017,0.23474927,0.2257276,-0.42052144,0.53838027,0.14575875,1.0
DNM2,-0.33055896,1.1485257,1.1450324,1.1281543,0.12536407,1.3214142,0.008558752,-0.12334365,1.0824634,-0.35979557,0.35834095,0.4911076,0.4142091,-0.3678864,-0.5948769,0.2844138,-0.5600397,-0.5593444,-0.47980335,-0.5052852,-0.64816886,-0.5371353,-0.58377975,-0.40864506,-0.5336855,-0.54888827,-0.575478,-0.4965415,-0.48325172,-0.4978059,-0.5573245,-0.5166077,-0.5882271,-0.6556308,-0.53438973,-0.6565647,-0.7821924,-0.73960185,-0.34454733,-0.7025664,-0.4640901,-0.5166715,-0.05767115,-0.4200144,0.07243528,-0.35033303,-0.32184717,-0.5670111,1.1343614,4.00347,0.6519202,0.73729146,0.36799315,1.7625941,0.73883605,-0.4309044,0.80334914,-0.056649685,-1.3063425,0.5216363,-1.197497,-0.4146558,-1.2930444,0.3679932,0.21194403,0.5289768,-0.27003574,0.27522966,0.45347485,0.3679932,-0.17308022,0.56824523,-0.34137398,1.0
CD44,0.4196117,-0.5097135,-0.270532,-0.44828185,-0.6200142,-0.21435323,-0.47849283,-0.12334365,-0.4638414,-0.35979557,-0.45563754,-0.06380543,-0.116738014,-0.3678864,1.0581417,-0.5667236,0.45473304,-0.4370088,-0.4903664,2.407929,-0.52034324,-0.52761096,-0.23743954,-0.37722683,-0.5189904,-0.60055506,-0.10056904,-0.43727022,-0.46895662,-0.40999314,-0.50188667,-0.4866077,0.3560119,-0.79991776,0.30978167,-0.31593117,-0.5408304,-0.017010648,0.32246992,0.91129917,-0.23656635,1.1517872,-0.4767841,0.22201961,0.75877744,-0.8446987,-0.7765055,0.28979397,-0.88155335,-0.503708,-1.53393,0.73729146,0.6051025,1.7625941,-0.0073322128,-0.75970984,-0.09316515,1.4410692,-1.1078168,0.6804225,-1.1318882,-0.95293623,-0.6397597,0.60510254,0.26528504,-0.03153084,-0.2784703,0.066120654,0.2911946,0.60510254,-0.47000965,1.0460852,0.15563448,1.0
NOS2,-0.33055896,0.82882404,-0.270532,2.7078235,0.18251196,-0.21801761,0.00068506354,0.41395238,0.31136706,-0.35979557,1.183415,0.14781876,0.73103184,-0.3678864,1.0171012,1.1358671,1.8928065,0.7771168,1.1278564,0.3827843,3.2759447,1.8405044,1.1675351,1.0093186,3.5428176,1.9953389,-0.23859784,1.526859,0.24219124,1.9461539,1.3975185,0.7201911,-0.3286935,-0.3360049,-0.70933753,0.4607526,0.7871874,-0.66235054,1.302914,0.5498529,-0.62877494,0.923445,0.58717114,0.82384163,-0.035316814,-0.081863865,-0.09733306,1.2433407,-0.88155335,-0.503708,-1.53393,-1.3432943,0.51025873,1.7625941,0.023256576,-0.0012835497,-0.41917032,-0.7888678,-0.70775014,0.14898182,-0.80218935,-0.27392122,-0.4741805,0.5102588,-0.20749468,0.5753342,-0.8267174,0.33152825,-0.13920094,0.5102588,-0.37103316,0.86689526,0.79608405,1.0
RAD51B,-0.33055896,-0.1741792,-0.270532,0.3408059,-0.6200142,0.025369862,-0.47849283,-0.12334365,0.29006436,-0.35979557,-0.45563754,-0.22595856,-0.3977495,-0.3678864,-0.5948769,0.2861767,-0.45652655,-0.5229866,-0.5414746,-0.50087684,-0.4720817,-0.46297455,-0.49742705,-0.23355505,-0.5868456,-0.5462711,-0.37170908,-0.4851571,-0.44263133,-0.40309685,-0.583646,-0.34948945,-0.33728722,-0.13018972,-0.20654471,0.6434558,-0.7325036,-0.5242342,-0.7503562,-0.61839193,-0.62248677,0.04319753,-0.4254842,-0.2722839,-0.3707,-0.6460036,-0.17404468,-0.51291555,-0.88155335,0.23990369,0.6519202,-0.20842928,-0.2959129,-0.5673456,-0.18228884,1.1358151,0.06983742,-0.12321496,0.913011,-0.50886875,0.85959435,0.41382256,0.77858776,-0.2959129,0.8021572,-0.87444496,1.0584091,0.4441254,0.6792561,-0.2959129,0.024872743,-0.38743487,0.7654342,1.0
NFKBIE,-0.33055896,-0.5097135,-0.270532,1.1306558,-0.6200142,-0.4742777,0.009845673,-0.12334365,0.31756872,-0.35979557,-0.45563754,-0.41595775,-0.11290468,-0.3678864,-0.5948769,-0.5667236,0.039993227,-0.36096618,-0.51190156,0.19352373,0.33748472,0.043808904,0.11340061,-0.30903858,0.14005332,-0.24082518,-0.29050335,-0.18825229,-0.04669125,0.14720765,-0.37053722,-0.4789671,0.38006377,-0.0041836565,-0.42237782,-0.779867,0.27183282,0.090858996,-0.1107273,0.20812866,-0.09801231,0.47456083,-0.2732242,-0.05825193,-0.49968252,-0.7510184,0.002815706,-0.014742982,1.1343614,-0.4363519,0.6519202,0.6742434,0.6999462,1.7625941,-0.17432475,-0.56463003,-0.09316515,-0.7555852,-0.02057278,0.47135538,-0.81019634,-0.4689962,0.22980337,0.6999463,-0.39874235,-0.6268379,-0.11821347,-0.617505,-0.5060955,0.6999463,1.7569611,-0.17837983,1.2055418,1.0
CIITA,-0.33055896,-0.17484345,-0.270532,0.33947316,0.11392134,0.94160587,-0.47849283,-0.12334365,-0.4638414,-0.35979557,-0.45563754,0.45531538,0.16391166,2.2559028,0.14311084,1.1342791,4.2572455,1.7492832,2.9091017,2.6678889,-0.17855382,1.7369529,2.2594662,0.012609258,1.9520987,2.563427,1.6769662,2.5124369,2.9981036,3.5319226,2.1623452,2.018788,0.1961651,-0.227428,-0.2658878,-0.638356,-0.36636397,-0.5678495,-0.0065147975,-0.14428793,-0.7836076,-0.5974646,-0.30567753,-0.77193606,-0.3521731,1.1122754,-0.39333594,-0.54118,-0.88155335,-0.47307432,0.6519202,0.4850993,-0.058803562,-0.5673456,-0.16009657,0.926567,0.06983742,-0.02336703,0.41814527,1.5655177,-0.9776423,0.948487,0.3804555,-0.058803573,0.6499012,0.7104918,-0.8899767,0.5486799,0.70747876,-0.058803573,0.27231395,-0.23810984,0.43041012,1.0
NF2,1.1597542,0.45857498,-0.270532,0.33875015,-0.6200142,0.80580586,-0.47849283,-0.12334365,2.573969,-0.35979557,2.7204084,0.08268032,-0.15392698,2.2762563,-0.5948769,2.8156073,-0.5290558,-0.59208405,-0.52976435,-0.5148225,-0.5993373,-0.53964406,-0.537964,-0.4296151,-0.59353554,-0.57509536,-0.5649317,-0.49679506,-0.47175848,-0.50301397,-0.54841304,-0.5488603,-0.3569521,-0.54854774,-0.6371483,-0.72270435,-0.6019106,-0.65378124,-0.5898723,-0.56741875,-0.8119117,-0.6752094,0.057422895,-0.76800007,-0.74341977,-0.7135327,-0.77477044,-0.3431259,-0.88155335,-0.4112847,0.6519202,0.73729146,-0.27220196,-0.5673456,0.16699663,-0.68547,-0.33766904,2.6059616,-1.9740958,0.4407525,-1.3506331,-1.6540595,-1.722848,-0.27220196,-0.04960665,2.5080283,-1.9780363,0.43608275,0.67220044,-0.27220196,-0.47000965,-0.05891983,-0.9659478,1.0
CEP89,-0.33055896,0.82075244,-0.270532,-0.44828185,-0.21827315,0.04390846,-0.47849283,0.14815332,-0.4638414,-0.35979557,-0.45563754,-0.038045112,-0.11358375,-0.3678864,-0.5948769,-0.5667236,-0.4002944,-0.53596896,-0.54151905,-0.40591678,-0.6377526,-0.46844313,-0.53496397,-0.44377205,-0.40376225,-0.5499107,-0.51122785,-0.48559383,-0.46421483,-0.5894664,-0.4509488,-0.36935738,-0.40938354,-0.53013575,-0.5249654,-0.6974105,-0.22992228,-0.20066106,-0.6860461,-0.4143166,-0.34674314,-0.21653344,0.31293336,-0.6693683,-0.322258,-0.6426856,-0.53403246,-0.2594861,-0.88155335,-0.503708,-1.53393,0.6742434,-0.5093113,-0.5673456,-0.18233281,-0.8300165,-0.41917032,0.8752642,0.31636834,-1.1283295,0.9357358,-0.5036782,0.20512946,-0.50931126,0.19317845,-0.92696524,0.7210263,-0.30384144,0.08305248,-0.50931126,-0.37103316,-0.41729987,-1.3936502,1.0
SPP1,-0.33055896,-0.5097135,1.130451,-0.44828185,-0.22010006,-0.21193914,-0.47849283,-0.12334365,0.31204942,-0.35979557,-0.45563754,-0.610674,-0.113331914,0.96919465,-0.5948769,-0.5667236,1.4649832,-0.42059806,1.6826397,2.1699157,0.04889151,3.835255,-0.17996393,0.0043969457,2.4993126,2.0799737,3.3888052,3.9282722,1.0032266,4.439834,1.5381843,4.1186366,0.04511224,1.4140061,1.3302052,0.39066455,3.289638,3.4896297,4.600038,1.2975016,3.06938,3.4518225,2.0503988,2.63453,2.5322356,3.3450353,0.9056088,0.61970395,-0.88155335,-0.503708,-1.53393,0.5481474,0.20201667,1.7625941,-0.018252093,-0.34916636,0.72184783,-0.6224546,-0.67175466,1.2785522,-1.5394622,-0.5383321,-0.005902713,0.20201668,0.30676508,-0.47783646,0.31194964,0.09829127,0.27355543,0.20201668,-0.37103316,0.47865024,0.68904835,1.0
TPM3,0.42078036,0.8115217,-0.270532,-0.44828185,-0.6200142,-0.4742777,-0.011494278,0.14807221,-0.4638414,-0.35979557,-0.45563754,-0.42369685,-0.11660386,0.9478006,0.23620933,-0.5667236,1.5374645,-0.50606716,2.1777124,0.73020196,0.9732169,1.9716171,-0.37852404,-0.010372209,2.162681,0.79091215,1.0953014,-0.0004708594,2.1794314,1.2270638,-0.06428237,0.49731705,-0.2760202,0.45556286,-0.57665247,-0.73523015,-0.24961092,-0.5395988,-0.6673779,-0.40977827,-0.021164387,-0.13092485,0.26947975,0.15201172,-0.5044427,-0.7905229,0.08351935,-0.2303514,1.1343614,0.35480204,0.6519202,0.73729146,-0.1536473,-0.5673456,-0.18131329,0.8535245,0.06983742,4.702768,0.06882229,-0.059561055,0.19374597,-0.15439934,0.25255054,-0.1536473,0.75860125,-0.8686145,1.012019,0.43608275,0.6580891,-0.1536473,0.024872743,-0.20824485,1.0480316,1.0
SMO,-0.33055896,0.49696407,-0.270532,0.3411418,0.9826858,0.050223615,0.012759056,-0.12334365,-0.4638414,-0.35979557,0.36530098,-0.610674,-0.113707505,2.311497,0.23723166,-0.5667236,-0.28126806,0.7914015,0.5635208,-0.40809077,2.727358,0.4156314,1.730906,-0.41573417,1.3923764,2.229061,-0.56408304,-0.36815643,2.276687,-0.14350249,0.46252128,-0.17480928,-0.39712968,-0.31506518,-0.5333651,-0.7869755,0.13744566,-0.44776037,-0.2665957,-0.2612428,-0.20342836,-0.6532155,0.4425882,-0.012217596,-0.822141,1.0363951,0.6430725,-0.06922456,-0.88155335,-0.47290024,0.6519202,0.6111953,0.41541502,1.7625941,0.7039595,-0.47323352,0.06983742,-0.58917195,-1.6326909,0.22153187,-0.7592911,-0.42152616,-1.8295444,0.41541508,-0.4408014,2.2211711,-1.9864708,0.22697373,0.10774731,0.41541508,-0.32154492,0.71757025,-0.038730204,1.0
HNF1A,-0.33055896,1.1548345,-0.270532,0.33964854,0.17804399,-0.21540225,-0.016963806,-0.12334365,1.0803455,-0.35979557,3.6245384,0.31122833,-0.3977495,-0.3678864,-0.5948769,1.1347985,0.94499433,1.4046814,0.42572692,0.29495874,0.31904948,0.36496013,0.1532145,0.23025686,-0.3728999,2.0427604,0.9217799,1.7314706,0.1109637,0.521831,-0.22911829,1.1747329,-0.14619416,-0.621078,0.75597596,-0.78668284,1.4357072,-0.61846185,-0.09719376,0.50029784,-0.19067882,1.1953181,-0.2501827,-0.78720635,-0.5564887,-0.7709762,-0.55997384,-0.56654996,1.1343614,-0.28431392,0.6519202,-1.4063424,-0.41446754,-0.5673456,0.08399993,0.017989386,0.06983742,-0.7555852,-0.99827814,1.8975836,-0.97555906,0.35997146,-1.4977187,-0.41446754,0.40328088,0.99032104,-0.2489493,0.50846666,0.73217356,-0.41446754,-0.37103316,-0.29783985,-0.30139256,1.0
PTPN6,-0.33055896,-0.5097135,-0.270532,-0.44828185,-0.6200142,0.55224186,-0.47849283,-0.12334365,-0.4638414,-0.35979557,0.36494255,-0.033691626,-0.3977495,-0.3678864,-0.5948769,-0.5667236,0.0045543103,2.3016994,0.56290007,0.55871665,-0.3965108,0.107153535,2.8642743,-0.05132057,2.1906135,-0.2975116,0.020865474,3.1342826,0.0031535123,2.5424473,2.7778673,3.4452028,0.09290035,-0.12342705,-0.23457865,-0.74957204,-0.09183834,-0.2771588,-0.07014059,-0.27233365,-0.20105878,-0.25478745,-0.77442414,0.42670518,-0.4249604,0.03566605,0.5223318,0.16176152,1.1343614,-0.37906048,0.6519202,0.6742434,1.6246727,1.7625941,0.94154924,-0.31571287,0.15133874,-0.02336703,-0.8982108,0.68274724,-2.044061,-0.05477564,-0.80959654,1.6246727,-0.037781976,0.55553216,-1.6448708,0.10633393,0.1394978,1.6246727,-0.024615495,2.0614955,0.34668285,1.0
MAP3K1,-0.33055896,28.003918,-0.270532,1.1302774,-0.22789657,0.30912924,-0.47849283,-0.12334365,-0.4638414,3.3601975,0.363878,3.2178104,0.17155035,0.95191085,0.2031999,-0.5667236,-0.5192288,-0.56043494,-0.5150954,-0.45972437,-0.63397396,-0.500148,-0.57818407,-0.40849102,-0.51276475,-0.584161,-0.5774532,-0.45506048,-0.48215103,-0.48994392,-0.56914526,-0.42232567,-0.35126004,-0.7153189,-0.78464437,0.19666857,0.17765117,-0.06391796,-0.8179221,0.46427673,-0.7747877,-0.7954352,-0.5413656,-0.4630291,-0.795816,-0.60414994,-0.7068317,-0.023607153,-0.88155335,-0.47123995,0.6519202,0.6742434,1.3638524,1.7625941,0.45478553,-0.21266039,-0.41917032,0.5091552,-0.6562613,0.13642217,-1.22674,-0.28745937,-0.5123008,1.3638524,-0.014546297,0.18106388,-0.35016415,0.13046189,0.016023671,1.3638524,-0.17308022,1.8225753,0.88853115,1.0
MYOD1,-0.33055896,-0.5097135,-0.270532,-0.44828185,0.18286672,0.050907873,0.008300797,-0.12334365,1.0987104,-0.35979557,-0.45563754,-0.41672462,-0.11281276,0.9729214,-0.5948769,-0.5667236,2.377084,2.401678,2.872112,1.5972831,0.18830873,3.0289214,3.5869446,0.11424073,2.0158513,2.3088415,1.6182499,1.2202089,2.934745,1.895761,3.3970847,1.4865506,-0.6946801,-0.8002939,-0.8073839,-0.819708,-0.8313355,2.1117642,-0.82211196,-0.74307054,-0.8267953,-0.80251473,-0.84492457,0.43427458,-0.8262427,0.35630694,-0.8222144,-0.6571895,1.1343614,-0.503708,-1.53393,-1.9107268,-0.43817848,-0.5673456,-0.18201339,-0.19401209,-0.17466643,-0.72230256,-0.5893385,0.3596209,-0.06301392,0.1311043,-0.95586365,-0.43817845,0.6953233,-0.55418694,0.834893,0.49238133,0.61575514,-0.43817845,-0.42052144,-0.29783985,0.70541877,1.0
NUMA1,-0.33055896,1.1456903,5.2039495,1.901688,1.8566152,1.8160414,0.9403678,0.14786796,0.30080163,0.85524976,0.29078013,1.5692579,2.1524408,-0.3678864,0.21623684,2.8126707,-0.5258036,-0.58407605,-0.5590369,-0.48250395,-0.6556667,-0.5479833,-0.5884186,-0.4113261,-0.59380233,-0.5644413,-0.55587876,-0.46728876,-0.52103686,-0.49000314,-0.57078934,-0.48655143,-0.68084735,-0.6597183,-0.677252,-0.21320428,-0.7544755,-0.4251412,-0.7500361,-0.43757188,-0.47863588,-0.47634423,-0.34289443,-0.08379738,-0.6927161,-0.39535433,-0.027228026,-0.22960594,-0.88155335,0.96346724,0.6519202,0.73729146,-0.46188942,-0.5673456,-0.17301168,-0.3000128,-0.17466643,-0.32291082,-1.405233,-0.6637579,-0.3011368,-1.8597527,-1.3643088,-0.4618894,-0.036183402,0.311069,0.17277922,0.3395709,-0.20270193,-0.4618894,-0.47000965,-0.29783985,1.4023914,1.0
GATA2,-0.33055896,-0.17480499,-0.270532,-0.44828185,0.17605439,-0.21283409,-0.009186281,-0.12334365,-0.4638414,0.8731135,0.3592269,0.14470495,-0.3977495,-0.3678864,0.24259757,-0.5667236,-0.3219158,-0.4333822,4.3871484,0.2183945,2.0491211,1.4509155,3.9485626,0.062453892,2.2300403,1.9334666,1.1664771,-0.115424365,5.1650968,4.360112,0.7391855,2.273586,0.803008,-0.5737276,-0.26978305,-0.42314753,0.13296345,0.47145095,1.5252398,-0.55659956,-0.54758,-0.08712003,-0.26394087,1.0130019,0.31730837,1.5456434,1.2598039,2.3171213,1.1343614,-0.18095987,0.6519202,0.5481474,-0.48560035,-0.5673456,-0.18233685,2.3500051,-0.17466643,-0.32291082,0.3961254,-1.1014876,0.9692809,-0.4198722,0.29219747,-0.48560032,0.36242762,-0.77656543,0.76319915,-0.06256182,0.3123616,-0.48560032,-0.32154492,-0.41729987,0.7045721,1.0
CDH17,-0.33055896,0.4760805,-0.270532,0.34054428,0.15816754,-0.4742777,0.97132653,0.14629138,-0.4638414,-0.35979557,-0.45563754,0.15607814,-0.3977495,0.9737433,0.22678003,0.28714678,0.42643017,-0.49973267,-0.17416358,-0.01412375,0.07761153,1.0861412,0.6430533,-0.27776736,1.2868215,0.5901793,2.316573,0.70585114,-0.36157253,0.11097994,-0.4393785,1.6954718,0.8951145,1.1706463,-0.35580346,2.4105504,4.420721,0.6135984,0.2839158,0.3558414,2.061625,0.82697266,0.47109476,1.231347,0.1392833,-0.82381797,0.25578177,0.95840454,-0.88155335,-0.503708,-1.53393,-1.1541501,-0.5093113,-0.5673456,-0.14494565,-0.8300165,-0.41917032,-0.056649685,-0.9884019,1.1172584,-0.5382582,-0.55549717,-1.0405139,-0.50931126,-0.25854185,1.7861916,-0.25738388,0.5245519,-0.37203786,-0.50931126,-0.42052144,-0.38743487,0.10073149,1.0
MEN1,0.41959342,1.8291018,-0.270532,1.1260424,-0.24578136,-0.21273495,-0.05499495,0.41857564,-0.4638414,-0.35979557,-0.45563754,-0.4357206,-0.3977495,-0.3678864,0.17190793,-0.5667236,-0.53718156,-0.43585864,-0.3580075,-0.45455527,-0.5627207,-0.38044482,-0.5885484,-0.3711945,-0.2633226,-0.58609766,-0.4610802,-0.39403808,-0.42978024,-0.5040281,-0.5004179,-0.5404094,-0.6083887,-0.20280631,-0.16149627,-0.11206645,-0.3215171,-0.30307722,-0.16923721,-0.48981622,0.31933048,-0.33600178,-0.15460014,-0.45045477,-0.39620572,-0.28108275,-0.56681466,-0.44571593,-0.88155335,0.17793608,0.6519202,0.73729146,-0.27220196,-0.5673456,0.23824246,-0.44455925,0.15133874,0.24289405,-1.7259629,1.0819323,-1.3956655,-0.86065334,-1.5526395,-0.27220196,0.17100099,0.78028476,-0.43872714,0.4441254,0.24180494,-0.27220196,-0.47000965,-0.05891983,0.37853518,1.0
GPC3,0.4221481,0.1609228,-0.270532,-0.44828185,-0.6200142,-0.21529748,0.009798416,-0.12334365,-0.4638414,-0.35979557,-0.45563754,-0.03605194,-0.3977495,-0.3678864,-0.5948769,-0.5667236,0.8006437,-0.2329807,0.24603337,0.13447003,2.2857847,0.9323743,0.7007009,0.2839518,-0.15444759,-0.043827694,-0.018261636,-0.29401487,0.7671451,0.044542044,-0.11039877,-0.2722399,3.6585455,3.6630268,0.846599,-0.40582666,-0.56706136,0.9454674,2.9149628,5.309569,1.4199185,1.2149923,6.972905,0.6320919,0.6633541,0.619629,0.5296098,3.2200768,1.1343614,-0.503708,-1.53393,0.42205122,0.6999462,1.7625941,0.5661227,-0.79078543,-0.33766904,-0.72230256,-2.0773165,0.54692113,-1.6588789,-1.7861978,-2.427665,0.6999463,0.2783426,-0.24800333,-0.06338876,0.090248615,0.24886061,0.6999463,-0.47000965,1.1655452,-1.4084785,1.0
BAP1,7.193791,1.1385658,-0.270532,-0.44828185,0.94419086,-0.2128577,-0.47849283,-0.12334365,0.3144389,-0.35979557,1.9991168,0.15956241,0.45265138,3.657596,4.4197764,2.8467731,-0.5086168,-0.572133,-0.33181992,-0.43425167,-0.657472,-0.45685375,-0.5695703,-0.010119574,-0.3484263,-0.5506486,-0.31344166,-0.34546167,-0.4365146,-0.5561411,-0.51458544,-0.44101855,-0.2831153,-0.7202888,-0.80421966,-0.5279331,-0.80847347,-0.74558663,-0.67698467,-0.5467484,-0.7884642,-0.577326,-0.051027413,-0.81203896,-0.73618793,-0.82763386,-0.7708031,-0.6135359,-0.88155335,0.6559466,0.6519202,0.73729146,-0.43817848,-0.5673456,-0.18233685,2.3500051,-0.2561677,0.27617672,-0.3128362,-0.7574926,0.33394614,-0.9853694,-0.30503103,-0.43817845,-2.290933,2.4666493,-1.4044855,0.17067516,-2.848576,-0.43817845,-0.47000965,-0.26797485,-0.6371663,1.0
TP63,1.1681385,-0.219016,1.1314057,1.124439,0.9166759,1.0804684,0.37908673,-0.12334365,1.8412701,2.0582001,0.35474047,1.0196315,0.16474152,0.9239811,1.0169834,1.1294585,0.7015557,-0.0058295694,3.5846937,-0.43386906,0.5414895,-0.5696724,0.30191314,-0.1917444,2.0726578,1.81001,2.4658926,1.0755084,2.4489772,-0.13396728,-0.5433168,0.99502695,0.16529396,3.617761,0.8851807,3.823437,-0.3773645,0.39111403,-0.35104752,0.53213626,0.8041648,4.723614,-0.5693626,-0.60875666,0.36847,3.775218,4.294026,1.801057,1.1343614,-0.503708,-1.53393,-1.0911021,0.059751067,-0.5673456,0.023547929,-0.54626065,0.06983742,-0.35619348,-1.520834,-0.2116403,-0.76007384,-1.0836521,-1.4960897,0.059751082,0.0811238,0.48444057,-0.08869247,0.36369887,0.17124829,0.059751082,-0.47000965,0.35919023,0.5066751,1.0
MUC1,-0.33055896,-0.5097135,-0.270532,-0.44828185,-0.21810995,-0.4742777,-0.47849283,-0.12334365,-0.4638414,-0.35979557,-0.45563754,-0.4344756,-0.3977495,-0.3678864,-0.5948769,-0.5667236,0.08602657,1.8643112,-0.3327191,-0.3090037,-0.5693721,0.11306149,1.4814795,-0.18949844,1.3639033,-0.41784424,0.122733794,1.660861,-0.19939266,0.3879188,1.0732613,-0.44517416,1.2047353,1.5714184,0.090091005,0.2702807,0.29785016,1.0762862,-0.8220393,1.9540128,0.147221,1.3466816,-0.72820747,0.97966146,0.20559211,1.7577958,1.142089,1.1966535,-0.88155335,-0.38117313,0.6519202,0.5481474,0.3205713,1.7625941,-0.16836126,-0.8300165,-0.5006716,-0.5226067,0.2651023,-0.708885,0.578625,-0.40704277,0.30534315,0.32057133,0.5756217,-0.91926426,0.94032514,0.13046189,0.4816975,0.32057133,0.7671963,-0.05891983,1.0374205,1.0
BMP6,0.4227419,-0.17403746,-0.270532,0.34133264,0.9782492,0.04962977,0.010477498,0.14823458,-0.4638414,-0.35979557,-0.45563754,-0.22347458,-0.3977495,-0.3678864,0.22826745,0.28892812,-0.11889614,0.34692714,0.17943954,-0.52255285,2.8246307,0.109233476,0.8130867,-0.43232346,-0.39471576,1.1126115,1.3061165,-0.4754156,1.6225642,-0.36998087,0.4844359,-0.51107246,0.6166473,2.246475,1.3272885,0.34459743,0.6771354,-0.6882135,1.8716153,-0.44939765,0.20194548,0.39523944,1.1774935,1.3918039,2.1309495,1.1707339,1.0060313,0.16773179,1.1343614,-0.47290024,0.6519202,0.23290698,-0.20106916,-0.5673456,-0.16767566,-0.19401209,-0.33766904,-0.7555852,0.09414543,0.35812837,-0.17345043,0.35997146,0.21247335,-0.20106916,0.71680045,-0.8091432,0.9740634,0.3958695,0.6016438,-0.20106916,-0.024615495,-0.23810984,0.2492974,1.0
VDR,-0.33055896,-0.5097135,1.0684222,-0.44828185,-0.6200142,0.045229055,0.0047844336,-0.12334365,-0.4638414,-0.35979557,0.35648802,-0.43049014,-0.3977495,0.9412396,-0.5948769,-0.5667236,1.3420773,2.5733526,-0.5595171,1.3316052,2.5749764,1.4826418,4.576032,0.49243098,1.7268728,3.7483156,1.2319959,2.8110182,-0.11638491,3.0906858,3.0166314,1.2593689,0.9662911,-0.563999,-0.63488925,-0.24081884,-0.79766107,-0.3171426,-0.26541945,0.1407648,-0.66625285,1.1264374,-0.1738817,1.0634942,0.6102458,-0.5686056,1.8076237,1.4023633,1.1343614,-0.503708,-1.53393,0.29595506,-0.10622543,-0.5673456,0.13536625,-0.7742266,0.5588452,1.2080907,-1.7006607,1.2338079,-1.181885,-0.2664018,-2.0597289,-0.10622544,0.56675535,-0.056588035,0.33303607,0.40391213,0.6369221,-0.10622544,-0.32154492,0.060540184,-0.3307857,1.0
FNBP1,-0.33055896,0.14234719,-0.270532,-0.44828185,-0.22699015,0.0054500345,-0.47849283,-0.12334365,-0.4638414,-0.35979557,0.34419164,0.13040252,-0.11719671,-0.3678864,0.9709949,-0.5667236,-0.41717318,-0.4544517,-0.47685987,-0.5265558,2.8441758,-0.4206319,-0.3179785,-0.37165722,-0.5275914,1.702782,-0.57893455,-0.540631,0.7867502,-0.38355422,-0.45180336,-0.19678615,-0.34507143,-0.63446003,1.512365,0.20845008,0.12960923,-0.2692137,0.0039131343,-0.05849882,1.1485032,0.07530758,-0.56597686,0.3823852,1.0411534,0.28096387,0.6011867,-0.281124,1.1343614,-0.4039135,0.6519202,0.73729146,-0.5093113,-0.5673456,-0.18152024,-0.8300165,-0.011663832,1.2080907,0.4509588,2.0624247,-0.010979154,1.2754401,0.33362082,-0.50931126,0.8514995,-0.7811837,1.0794955,0.5245519,0.7462849,-0.50931126,-0.42052144,-0.38743487,-0.37200385,1.0
ETS1,0.41820878,0.49295688,-0.270532,0.34054384,-0.24686551,0.54859716,0.96366996,0.1478814,0.26076764,-0.35979557,-0.45563754,0.12690765,-0.11718538,-0.3678864,0.19407353,1.9804962,-0.16941236,0.54817206,2.3679695,-0.37068757,1.2846415,-0.3371196,-0.45198047,0.059435144,0.99453014,0.16920127,1.1239353,0.19312032,1.4215088,1.2401415,0.18302289,0.45075646,0.47220764,0.4189701,0.012991098,-0.2690182,-0.050995246,0.4963166,0.9205919,-0.41150156,-0.018125502,-0.73496073,-0.17105532,0.58097744,-0.0010528947,1.0603977,0.11428614,0.38846108,1.1343614,-0.47307432,0.6519202,0.73729146,0.15459481,1.7625941,-0.11948543,-0.36946157,-0.41917032,1.1082429,-0.8994916,-0.059166484,-0.7016604,-0.8442945,-0.91302514,0.15459481,0.20368357,0.28627247,-0.3670333,0.29935762,0.29825026,0.15459481,-0.47000965,0.47865024,0.7157949,1.0
PDGFRA,1.1756649,0.48061168,-0.270532,0.340057,0.5684622,0.56446403,2.4340827,-0.12334365,1.8657346,-0.35979557,0.3612601,0.1515241,-0.1145994,0.96671313,-0.5948769,0.2884012,0.44247445,1.0098001,-0.037853412,1.9131277,-0.13632597,0.4914982,1.308091,-0.044120815,-0.5174398,0.67458975,-0.5388982,-0.51469976,1.0183458,2.0815542,1.0495967,-0.35664418,2.3087778,1.213016,0.53313464,0.5622428,-0.0780085,-0.5633809,0.0058199577,1.8099742,1.6805414,0.62812746,2.504425,2.652508,0.46686068,0.039277345,1.635864,2.7161503,1.1343614,-0.4112847,0.6519202,0.6742434,2.9999065,1.7625941,0.16982587,-0.4876839,-0.09316515,1.2080907,-0.4278369,-0.22196928,-0.9741524,-0.10208432,-0.4609105,2.9999065,-0.3924938,-0.08381314,-1.1177101,-0.3279694,-0.44965017,2.9999065,-0.17308022,3.8832607,0.5762914,1.0
PTK6,-0.33055896,-0.5097135,-0.270532,-0.44828185,-0.6200142,-0.4742777,-0.47849283,-0.12334365,-0.4638414,-0.35979557,-0.45563754,-0.22492898,0.1710919,-0.3678864,-0.5948769,-0.5667236,2.7477922,2.3893313,1.1314567,0.04047891,-0.5700849,0.9350527,1.7079066,0.3445335,2.4215689,0.6154848,0.07957887,2.004924,0.38885134,1.1599107,2.78859,3.1230993,-0.67506063,1.3003042,0.99501425,1.0344973,0.13068171,1.025697,0.5288775,0.15113284,0.22457512,0.39364383,0.34876743,1.8062483,0.6889143,-0.27875975,3.2799044,0.61667114,-0.88155335,-0.25724578,0.6519202,-0.64976573,-0.3907566,-0.5673456,0.3504937,-0.52715725,0.8848504,1.540917,-0.8627797,2.9532664,-1.3138862,0.22919026,0.9572618,-0.3907566,0.63489383,-0.020830493,0.48064104,0.50042397,0.8062581,-0.3907566,-0.2720567,-0.32770485,-0.7344928,1.0
PML,0.41659307,0.15590596,0.9738454,-0.44828185,0.8226421,0.53587323,-0.02853593,-0.12334365,-0.4638414,-0.35979557,0.35873452,0.10744121,-0.11767911,-0.3678864,1.0310848,1.1183767,-0.53437144,-0.50930744,-0.5275985,-0.45629567,-0.5933215,-0.44402322,-0.5360711,-0.37449977,-0.49624017,-0.6143313,-0.5110865,-0.41408965,-0.5154173,-0.5421805,-0.5820653,-0.3562848,0.43175274,-0.36090788,-0.041600715,-0.8067564,-0.6732884,0.2652819,-0.62990797,0.07623569,-0.51745015,0.11282717,-0.048710614,-0.46709615,-0.19570303,-0.7806786,-0.7631061,0.02063701,-0.88155335,-0.3465437,0.6519202,0.73729146,0.93705547,1.7625941,0.30367434,-0.48156554,0.64034647,-0.72230256,-1.4786258,0.25629935,-1.2898095,-0.5920597,-1.1145682,0.9370556,0.10407944,-0.17795916,-0.18569003,0.33152825,-0.19564626,0.9370556,-0.47000965,1.4641953,-0.0395493,1.0
MLLT3,-0.33055896,-0.18206182,-0.270532,1.1291964,0.5535928,-0.4742777,-0.00077617564,-0.12334365,0.31695768,-0.35979557,0.35883036,1.4525536,-0.3977495,-0.3678864,-0.5948769,-0.5667236,-0.41901726,-0.58801144,0.015883274,-0.24309522,-0.25409007,-0.5158403,-0.59800637,-0.20955646,-0.15879843,-0.36878842,-0.39319122,-0.44048712,-0.31248993,-0.4928591,-0.3506279,-0.480702,-0.4768003,-0.36842588,-0.71157104,-0.41876724,-0.35189056,-0.50533086,-0.6481127,0.8774025,-0.06620415,-0.24236502,-0.74830693,-0.6910446,-0.58986217,-0.43459162,-0.190101,-0.28022358,1.1343614,-0.47307432,0.6519202,0.6111953,-0.46188942,-0.5673456,-0.18233491,-0.8300165,0.06983742,-0.48932403,0.36919296,-1.1305814,0.9669464,-0.45562786,0.25556028,-0.4618894,0.55385435,-0.96746016,0.94875973,0.090248615,0.4464192,-0.4618894,-0.2720567,-0.41729987,1.1790456,1.0
TFF1,-0.33055896,-0.5097135,-0.270532,-0.44828185,-0.6200142,-0.4742777,-0.47849283,-0.12334365,-0.4638414,-0.35979557,-0.45563754,-0.610674,-0.3977495,-0.3678864,0.24510199,-0.5667236,1.6902864,4.7880893,0.68583184,1.257888,-0.46214944,-0.46468106,2.012094,-0.021240879,2.3632762,1.3162454,3.9045253,0.2849772,0.17652412,-0.55492437,1.4512112,-0.12797256,-0.6946801,1.7219751,1.2781545,-0.4768253,4.676833,3.90737,2.457105,-0.74307054,-0.54615384,-0.80251473,0.2850246,2.494121,-0.56393754,0.0052640187,1.5970601,-0.6571895,-0.88155335,-0.503708,-1.53393,-1.2171981,-0.31962383,-0.5673456,-0.1734608,-0.54734784,-0.33766904,-0.68901986,-1.0491971,-0.2198539,-0.46435517,-1.1498686,-1.0531548,-0.31962383,-0.0022167973,0.43069994,-0.2784703,0.0017794177,0.2171101,-0.31962383,-0.47000965,-0.11864983,0.62917465,1.0
AKAP9,1.9013307,3.140239,0.9862037,5.7733297,2.7911556,1.5793713,2.268233,1.6831236,2.5679028,3.2186167,1.142636,2.5449495,0.9413315,-0.3678864,0.6909721,-0.5667236,-0.50884765,-0.58881015,-0.5352614,-0.4988565,-0.649279,-0.55333877,-0.5571147,-0.37234795,-0.53329086,-0.59653854,-0.5721509,-0.47908008,-0.5281735,-0.50139546,-0.55204505,-0.53393006,0.025410896,-0.78694445,-0.025764868,-0.16028321,-0.3552413,0.04143082,-0.18747896,-0.53169125,-0.7915587,-0.08748744,-0.2495677,-0.78047085,0.7185841,-0.24097683,-0.8040166,-0.3516744,-0.88155335,-0.503708,-1.53393,0.73729146,-0.2959129,-0.5673456,-0.15391646,0.5576294,0.96635175,-0.7555852,-0.98789126,0.8308419,-0.8151426,-0.24139208,-1.3018447,-0.2959129,-0.12802361,0.77132344,-0.17725545,0.37174153,0.058357656,-0.2959129,-0.42052144,-0.11864983,1.2205967,1.0
VIM,-0.33055896,-0.17390898,-0.270532,-0.44828185,0.1858255,0.050196007,-0.47849283,-0.12334365,0.31778842,-0.35979557,-0.45563754,-0.029215915,-0.11272668,-0.3678864,-0.5948769,0.2897315,-0.2259884,2.3617046,1.9592276,2.8259046,3.6671758,0.14339063,0.1691347,-0.39617595,3.3315585,1.2593187,2.218523,-0.50213814,2.6262553,-0.04380662,1.125461,-0.2642751,1.8274881,0.89325345,0.36152157,0.46120507,-0.2076091,0.102475226,0.8941223,-0.6595913,1.1748441,-0.6496707,-0.24027449,0.9897115,0.14962251,1.1473501,1.1986609,0.7904957,1.1343614,-0.503708,-1.53393,0.73729146,-0.1536473,-0.5673456,0.03256317,-0.03501102,-0.17466643,0.2096114,-1.8718151,-0.485961,-0.8090284,-1.9017745,-1.8798952,-0.1536473,0.24735188,0.55006593,-0.16882089,0.33152825,0.42525223,-0.1536473,-0.47000965,0.09040519,-0.59674823,1.0
MUC4,5.640603,5.8083878,0.97078866,-0.44828185,1.9139204,0.98883903,-0.0048899013,0.41465682,1.7336538,-0.35979557,6.768726,4.5663185,1.7574768,4.6818,16.19693,7.0318246,0.09714292,-0.40406948,0.15497114,0.122012444,-0.13594557,0.49262878,-0.23680538,-0.19958213,1.107218,0.21879125,2.4988875,0.38513777,-0.026539069,1.5616211,-0.027983993,-0.19920795,-0.54197025,1.1487395,2.0995834,1.8775798,0.1860182,2.7914317,1.3312837,-0.6028625,0.6003955,2.603257,-0.5367147,0.27588305,2.293178,-0.6435426,3.3947396,1.5327923,-0.88155335,-0.47307432,0.6519202,-1.8476787,0.3205713,1.7625941,-0.16836126,-0.8300165,0.06983742,-0.18978028,0.2651023,-0.708885,0.578625,-0.40704277,0.30534315,0.32057133,0.5756217,-0.91926426,0.94032514,0.13046189,0.4816975,0.32057133,0.7671963,-0.05891983,1.0374205,1.0
ALK,-0.33055896,0.46891063,-0.270532,0.3408217,2.1235776,1.0881683,3.9038613,0.1481161,0.3129677,-0.35979557,1.9892693,0.8935026,0.45179668,0.96787494,0.16836779,0.2860697,-0.17937566,1.4356296,2.1333475,-0.30513397,1.060734,-0.11301466,0.13654561,-0.13081941,-0.51226133,1.0358835,0.037628256,-0.28519744,3.0194125,-0.56995505,1.2702254,-0.21363759,-0.6555164,1.5830834,2.6864173,1.3757875,1.492619,0.7156371,0.11228976,1.6024516,1.6090264,0.21127136,-0.84492457,-0.83297426,2.1021047,-0.66432506,0.21421449,-0.60134214,1.1343614,-0.503708,-1.53393,-1.8476787,-0.12993637,-0.5673456,-0.14108697,0.8535245,-0.5006716,-0.7555852,-0.51306677,-0.30208346,-0.22049679,-0.8142166,-0.532405,-0.12993637,-0.35308796,0.64198256,-0.18147273,0.43608275,-0.6472088,-0.12993637,-0.47000965,0.1202702,0.9365228,1.0
EPHX1,-0.33055896,0.16138583,-0.270532,0.3338854,0.1794797,-0.4742777,0.4999818,-0.12334365,-0.4638414,-0.35979557,1.1839482,-0.41788307,0.17139487,-0.3678864,-0.5948769,1.1436138,-0.40413234,-0.5325099,-0.48741788,-0.4402717,-0.22367218,-0.46178713,-0.58867294,-0.12191433,-0.27459183,-0.6230641,-0.38210183,-0.48092425,-0.47224134,-0.52135664,-0.56307346,-0.4953539,-0.4090245,-0.1717341,0.47103748,-0.19307046,0.9021467,0.978988,-0.15436138,0.05025205,0.69615954,-0.39465758,-0.2198937,-0.7642603,0.5502093,0.08895337,-0.056732222,-0.16130565,-0.88155335,-0.19563024,0.6519202,0.73729146,0.059751067,-0.5673456,-0.17229219,0.4713463,-0.33766904,-0.7555852,1.6069316,-0.14251319,1.4939792,1.6627537,1.1273457,0.059751082,0.900254,-0.7734365,1.1258857,0.6532344,0.7427571,0.059751082,0.8166846,-0.41729987,-0.990923,1.0
NME1,-0.33055896,-0.5097135,-0.270532,-0.44828185,-0.6200142,-0.4742777,-0.47849283,-0.12334365,-0.4638414,-0.35979557,-0.45563754,-0.41724893,-0.3977495,-0.3678864,-0.5948769,-0.5667236,-0.560879,-0.5136708,-0.44606474,-0.45501962,-0.56889725,-0.46153775,-0.51501524,-0.3337086,-0.45342574,-0.60345495,-0.55608535,-0.48460057,-0.5269602,-0.5180113,-0.5797441,-0.49143314,-0.26767048,0.6177487,0.58286315,0.7901771,0.5535678,-0.212646,1.9065268,-0.24374534,1.0057124,1.0598692,0.52781177,0.66421956,1.0247507,1.0392504,0.17443101,0.48694482,-0.88155335,-0.44209245,0.6519202,0.5481474,-0.41446754,-0.5673456,-0.17947185,0.65399367,-0.33766904,-0.35619348,-0.67794824,0.19549488,-0.05460113,-0.0062159835,-1.054788,-0.41446754,0.016925793,1.1025778,-0.42607528,0.48433867,0.2911946,-0.41446754,-0.42052144,-0.26797485,0.3267925,1.0
CYP19A1,0.42203936,-0.5097135,1.106204,0.3408621,-0.2387557,-0.4742777,0.440044,0.1480908,-0.4638414,-0.35979557,-0.45563754,-0.041580513,0.13973396,-0.3678864,0.23901592,-0.5667236,-0.14925803,3.6103783,0.25132474,0.46796718,-0.49293366,1.1582289,0.14030443,1.1132302,3.3471577,-0.30722505,0.7908835,0.7295815,0.22506866,-0.039694052,2.8631945,1.3883827,-0.6521712,-0.08426542,-0.7702296,2.8571792,0.55323166,-0.36082447,-0.73792535,1.0922899,0.8689456,0.655664,0.6839115,-0.6493226,-0.58080065,-0.8228872,-0.55594605,-0.624076,-0.88155335,-0.503708,-1.53393,-1.5954865,-0.48560035,-0.5673456,-0.1823365,-0.8300165,-0.33766904,-0.58917195,0.27033982,-1.130098,0.9096743,-0.54753655,0.16135035,-0.48560032,-4.0123725,-0.5889684,-1.9400806,-5.0087943,-4.048039,-0.48560032,-0.32154492,-0.41729987,-1.1965324,1.0
TPM4,0.4213255,-0.17424442,-0.270532,-0.44828185,-0.6200142,-0.22222745,-0.47849283,-0.12334365,-0.4638414,-0.35979557,1.9985654,0.5111531,-0.3977495,-0.3678864,-0.5948769,-0.5667236,0.6354777,-0.5777911,0.21606107,0.3817987,-0.49336195,-0.2937127,-0.37649128,2.5765128,0.16849083,-0.08041889,-0.06512001,0.68852204,1.1811838,0.68102753,-0.5439693,-0.40594995,-0.52502733,-0.74440086,-0.34053433,-0.26924703,-0.644521,-0.7217225,-0.059029985,-0.27103153,-0.026009675,-0.03918891,-0.22078077,-0.1726821,-0.061445262,-0.69184315,-0.27700406,0.052206695,1.1343614,-0.503708,-1.53393,0.73729146,-0.1536473,-0.5673456,-0.18131329,0.8535245,-0.011663832,1.0083948,0.06882229,-0.059561055,0.19374597,-0.15439934,0.25255054,-0.1536473,0.75860125,-0.8686145,1.012019,0.43608275,0.6580891,-0.1536473,0.024872743,-0.20824485,1.0480316,1.0
TNC,0.4132108,1.1476239,-0.270532,1.0718642,2.0490637,0.29684398,3.6162608,0.4185071,1.8000989,-0.35979557,1.9686588,0.9831314,1.4706256,2.1933157,3.4753947,1.1292965,-0.5206658,-0.1957871,0.11734902,-0.27229813,-0.4222231,-0.524271,-0.5146287,-0.16858138,-0.4773112,-0.16203967,-0.02522514,-0.53970367,0.5003536,-0.3043724,-0.44765693,-0.44223246,0.18550251,-0.26617655,0.09060522,0.36239472,-0.8285728,1.836783,0.11790033,2.9389174,0.6000666,0.19407423,-0.68100065,0.4304389,-0.6621021,0.32121038,-0.17057231,-0.41473338,1.1343614,-0.44244057,0.6519202,0.42205122,0.059751067,-0.5673456,-0.11541156,-0.39949042,0.31434134,-0.45604137,-0.19774748,1.028179,-1.4897643,-0.34423515,0.31006342,0.059751082,0.25647852,-0.25879383,0.109519936,-0.0143058915,0.2700276,0.059751082,0.27231395,-0.088784836,0.7211756,1.0
PGR,0.41897938,-0.1794928,-0.270532,1.1283095,0.9431499,-0.26732928,0.0103770085,-0.12334365,1.0182877,-0.35979557,1.1627725,0.51426905,-0.13359289,-0.3678864,0.23693071,-0.5667236,-0.49257636,-0.4499858,0.11251008,-0.37037495,-0.5046088,-0.51176417,-0.55723536,-0.4621853,0.29919744,-0.58249074,0.32579756,-0.45740473,-0.29243627,0.27930313,-0.14093967,-0.3346201,0.6679796,0.17535624,3.1318583,1.955695,1.0706931,1.2855238,2.0394166,0.094432294,3.1704714,0.62286305,1.9168199,2.5119882,1.5955364,2.133957,4.666684,3.004145,1.1343614,-0.503708,-1.53393,-0.52366954,0.6051025,1.7625941,0.16529119,-0.58935153,-0.17466643,-0.72230256,-1.4255166,0.20169938,-1.0029825,-1.2943262,-1.4857959,0.60510254,-0.27326328,1.7851866,-1.9949054,0.08220596,0.17830394,0.60510254,-0.47000965,1.0460852,0.76316243,1.0
THRAP3,0.42208794,0.482254,-0.270532,1.1305814,-0.21882674,0.028994171,0.98600745,-0.12334365,0.31005177,-0.35979557,0.36354974,0.15207885,0.44805178,-0.3678864,0.23687206,0.28788185,-0.48653466,-0.55956554,-0.46146625,-0.5498877,-0.63413453,-0.5083433,-0.5184003,-0.30328727,-0.4668785,-0.58861375,-0.56375396,-0.43657696,-0.50136286,-0.44687983,-0.573244,-0.53296316,-0.51526815,-0.6085682,-0.6006119,-0.6318508,-0.56967556,-0.6825977,-0.66568387,-0.47731838,-0.37233678,-0.78094846,-0.8066798,-0.71349835,-0.76117766,-0.69077057,-0.7250762,-0.33937395,-0.88155335,-0.26092434,0.6519202,0.73729146,-0.43817848,-0.5673456,-0.18196063,-0.51201427,0.31434134,0.67556846,-0.37526172,-0.40587226,0.15089455,-0.6303991,-0.4237831,-0.43817845,0.17426924,-0.473659,0.5143793,0.017864726,0.10774731,-0.43817845,-0.47000965,-0.26797485,-0.10280494,1.0
PTGS2,1.9299037,0.16146204,-0.270532,1.9200567,-0.6200142,0.049978413,-0.47849283,-0.12334365,1.0911882,-0.35979557,0.3641733,-0.610674,-0.3977495,-0.3678864,-0.5948769,-0.5667236,0.6228892,2.8488932,-0.51128143,1.0832788,0.5839658,-0.5600589,-0.3572494,-0.2963864,-0.60812765,-0.5822009,2.144875,-0.47446153,0.44105208,-0.41227126,-0.20620792,0.09858683,0.809219,2.8221028,1.0203422,2.1381311,-0.29526678,0.44844118,0.41145664,-0.53577334,1.844919,0.7008956,2.6023297,-0.03876735,-0.21210253,0.7949812,0.6807903,2.056605,1.1343614,-0.503708,-1.53393,0.29595506,-0.058803562,-0.5673456,0.10654427,-0.36058465,-0.5006716,-0.18978028,-1.1035289,-0.1448908,-0.63415027,-0.96091896,-1.3007735,-0.058803573,0.058279347,0.9989859,-0.37968513,0.37978417,0.47464183,-0.058803573,-0.47000965,0.20986521,0.88829523,1.0
KIAA1549,0.4192223,0.8186194,-0.270532,1.1268648,1.274698,1.0867206,0.9551614,0.41702214,0.30420357,3.3240314,1.1778561,1.247718,0.6908431,-0.3678864,0.23639026,2.8318634,-0.0865781,0.15016082,-0.5106602,-0.27815694,0.30689824,0.066240236,-0.552642,-0.3777395,-0.6075675,0.12515754,0.78464186,-0.52235764,-0.40352935,-0.57150024,0.07942596,-0.051165625,-0.43039218,-0.580438,1.4961402,-0.07785779,1.1072845,-0.38652664,-0.05100008,-0.066467665,-0.634901,-0.549075,0.5345235,-0.53844166,1.8076398,-0.2886628,0.33831894,-0.30792996,1.1343614,-0.46707174,0.6519202,-0.20842928,-0.36704567,-0.5673456,-0.18217243,1.668572,-0.33766904,0.8419816,-0.20045118,0.19437298,0.17979482,0.15325272,-0.31685638,-0.3670457,-0.08083018,0.9442402,-0.16460359,0.3958695,0.22769362,-0.3670457,-0.32154492,-0.26797485,0.38090113,1.0
TSHR,-0.33055896,0.15188642,-0.270532,1.1280459,0.18276386,-0.4742777,0.92103726,0.14807718,0.3038278,-0.35979557,-0.45563754,0.12531264,-0.11590446,-0.3678864,-0.5948769,0.28111106,0.08124777,0.73031837,0.25704607,0.07018283,-0.3253218,0.1944685,0.018059595,-0.12938574,-0.37659362,0.99411035,-0.41318458,0.41271454,0.96089685,0.2050509,1.1874794,0.72456324,0.9235032,0.927698,1.2798475,0.16801639,-0.2885761,-0.01008729,0.6614745,-0.07520991,0.57344055,0.16491766,0.67842627,0.35224888,1.2580217,0.19075467,-0.5920954,0.55336624,1.1343614,-0.503708,-1.53393,-1.8476787,-0.20106916,-0.5673456,-0.16882738,0.47227818,-0.2561677,-0.72230256,-0.2941395,0.96408045,-1.0271087,0.17687777,-0.45037854,-0.20106916,0.17753752,1.4381143,-1.383399,0.37174153,0.46053052,-0.20106916,-0.17308022,-0.14851484,0.3147487,1.0
CUX1,1.867983,0.9885238,-0.270532,1.4655794,1.294188,0.85647553,-0.004257408,0.41643235,0.8517584,-0.35979557,1.8804364,1.9484744,0.13147295,0.9079397,0.0699616,1.9295857,-0.5193056,-0.5169118,-0.48758125,-0.5082801,-0.62903833,-0.57122165,-0.57963574,-0.4034178,-0.5461218,-0.6177293,-0.5607612,-0.49526337,-0.47781578,-0.44936246,-0.5858133,-0.4258358,-0.4352229,-0.75919056,-0.41296196,-0.7836199,-0.74687487,-0.7107114,-0.42742166,-0.4218557,-0.30908716,-0.617898,-0.82868433,0.1437875,-0.6054706,-0.4935104,0.24837826,-0.28609702,1.1343614,-0.47290024,0.6519202,0.73729146,-0.48560035,-0.5673456,0.36284128,-0.8300165,-0.2561677,-0.58917195,-2.209257,0.28323478,-1.1631128,-2.3346152,-1.6805305,-0.48560032,0.3484208,-0.164685,0.62402874,0.40391213,0.09363598,-0.48560032,-0.47000965,-0.32770485,-1.0464349,1.0
LCN2,-0.33055896,0.49776638,-0.270532,-0.44828185,-0.6200142,-0.4742777,0.012993516,-0.12334365,0.3127256,-0.35979557,-0.45563754,-0.41594017,-0.3977495,-0.3678864,-0.5948769,-0.5667236,-0.55688673,-0.32910612,1.7956183,2.1005998,0.4437239,0.73673874,1.1844295,0.6968361,2.2759485,0.8870803,0.17194752,2.3112833,0.99877536,1.8443929,1.6805286,2.619209,2.7888052,1.0152069,1.9692822,1.4504433,-0.8172433,1.9812647,1.3820688,4.8863077,1.2210574,4.1036663,2.4704142,2.230469,0.8029307,-0.6568326,1.9676841,3.976074,-0.88155335,-0.47307432,0.6519202,0.043762878,-0.5330222,-0.5673456,-0.18233685,-0.8300165,-0.41917032,-0.7888678,6.1573896,-1.1305814,4.307597,4.9373145,5.7814593,-0.53302217,0.953049,-0.96746016,1.189145,0.5486799,0.84859204,-0.53302217,-0.42052144,-0.41729987,1.8836783,1.0
ATF1,-0.33055896,-0.5097135,-0.270532,-0.44828185,-0.6200142,0.051009625,-0.47849283,-0.12334365,-0.4638414,0.8825443,-0.45563754,-0.41669044,-0.112764455,-0.3678864,1.0819942,-0.5667236,-0.513738,-0.5444523,-0.56400186,-0.41940832,-0.54017144,-0.525383,-0.4907894,-0.3812515,-0.5469398,-0.5053992,-0.5645308,-0.48816782,-0.4567515,-0.5414852,-0.5392297,-0.3641096,-0.63920784,-0.42205244,-0.6449355,-0.34926617,-0.6479164,-0.54877603,-0.66405976,-0.5311258,-0.69710445,-0.31688216,-0.5512811,-0.60330576,-0.76757437,-0.8603304,-0.6706487,-0.35091183,1.1343614,-0.036279652,0.6519202,0.73729146,-0.1536473,-0.5673456,-0.1653985,-0.7364864,0.06983742,-0.6557372,-0.8545343,0.6768144,-0.8338838,-0.2664018,-0.68215156,-0.1536473,-0.38130763,3.0627851,-1.9864708,0.36369887,0.36175123,-0.1536473,-0.37103316,0.03067518,1.1664919,1.0
WIF1,-0.33055896,-0.17370425,-0.270532,-0.44828185,-0.21713096,-0.2132152,-0.47849283,-0.12334365,-0.4638414,-0.35979557,0.36151546,-0.610674,-0.112636074,0.9766142,-0.5948769,-0.5667236,1.6640933,1.6146605,2.0227234,1.052281,0.69614977,2.3391304,1.5034356,0.85220695,0.2629692,1.3067268,0.9887696,0.62298155,2.1130588,1.720134,1.9138337,1.3088492,3.1202621,6.0426025,-0.5752432,4.4286633,5.247236,5.701101,5.91785,-0.13901928,4.79466,-0.80251473,-0.84492457,0.32189703,0.34210312,4.802045,2.9374468,2.1458051,-0.88155335,-0.28389037,0.6519202,-1.0911021,-0.03509263,-0.5673456,-0.18201886,0.14739282,-0.5006716,-0.68901986,0.4540662,-0.40236706,0.3546757,0.33304593,0.39582494,-0.03509264,0.4710867,-0.65368795,0.6915053,0.3234856,0.36175123,-0.03509264,0.47026688,-0.32770485,0.4378923,1.0
CCR4,-0.33055896,-0.5097135,1.1424127,-0.44828185,-0.6200142,-0.22027828,0.011396122,-0.12334365,-0.4638414,-0.35979557,-0.45563754,-0.22411455,-0.11295079,-0.3678864,-0.5948769,-0.5667236,2.8465893,0.16079837,0.22638923,-0.15540667,-0.60402465,0.02205268,1.0304589,2.255685,-0.111390606,-0.053458195,1.0926135,0.32398793,0.2577292,1.9506254,-0.33487144,-0.090455316,0.7117298,0.86100084,-0.07891791,-0.776648,0.5320761,-0.5618635,-0.6424209,-0.51827055,0.5664885,-0.16136822,0.2580496,-0.5210752,0.043543965,0.51226044,-0.033054277,-0.06516785,1.1343614,-0.2515141,0.6519202,-1.2802463,0.6051025,1.7625941,-0.11292223,-0.6434335,-0.33766904,0.47587258,-0.059117533,0.5142289,-0.9231975,-0.2939347,0.26059967,0.60510254,0.3323177,-0.05705344,-0.008564048,0.07416331,0.38997388,0.60510254,1.0146376,0.1501352,0.8181187,1.0
CEBPA,-0.33055896,-0.5097135,-0.270532,-0.44828185,-0.6200142,-0.4742777,-0.47849283,-0.12334365,-0.4638414,-0.35979557,-0.45563754,-0.22440906,-0.3977495,-0.3678864,0.23968264,-0.5667236,-0.41740847,-0.56093013,-0.56291693,-0.54048973,-0.6320897,-0.57152104,-0.57533675,-0.47247815,-0.6246667,-0.5621012,-0.5774179,-0.5307515,-0.5068714,-0.51674086,-0.5569146,-0.42303506,0.04848852,1.1428756,-0.65630203,0.5272814,-0.4592411,-0.60698694,1.4577332,0.48018894,-0.089644015,-0.14896318,0.7314412,0.039851256,1.1371014,-0.20206992,0.3990796,0.46332806,1.1343614,1.3036817,0.6519202,-0.019285204,1.0081884,1.7625941,0.34447646,-0.6313578,-0.2561677,-0.5558893,-1.0924599,1.2684666,-1.2030772,-0.30057186,-0.4330452,1.0081884,0.2573764,0.15396006,-0.34172958,0.24305904,0.3793904,1.0081884,-0.42052144,1.5239253,0.6169977,1.0
GRM3,1.1756533,1.5025396,1.1528817,1.1301314,0.98422265,2.1400452,0.0077924663,-0.12334365,-0.4638414,4.594978,-0.45563754,1.1192365,1.0187631,2.3017967,0.23617022,0.28876814,1.0938711,1.4089952,1.551096,0.73754203,0.9341801,2.4748175,1.2467607,-0.4279228,-0.32676786,2.2170105,-0.34174427,1.6090556,2.6158216,0.53488445,3.381271,0.30145937,1.1419737,1.0027941,-0.02741344,0.5806898,1.0445536,1.4666685,1.7816209,1.2845452,0.11637378,-0.1122779,2.2023478,0.944744,0.9971318,1.2313025,-0.8222144,2.3191383,1.1343614,-0.503708,-1.53393,-1.8476787,0.5813916,1.7625941,-0.13317262,0.17078824,-0.33766904,-0.5226067,-0.13952394,0.374948,-0.35673293,0.38248295,0.0034150977,0.58139163,-0.19346839,1.050683,-1.3454435,0.19480312,-0.0121989865,0.58139163,0.37129042,0.50851524,0.73886746,1.0
CRP,-0.33055896,-0.5097135,-0.270532,-0.44828185,-0.6200142,-0.2117926,1.4599996,0.14813103,-0.4638414,-0.35979557,-0.45563754,-0.41783053,-0.11295476,-0.3678864,-0.5948769,-0.5667236,0.16629638,4.841247,2.5866215,2.3772297,1.5481942,4.2636313,2.3784323,2.0893302,5.9001865,3.4267511,0.6769327,2.3707278,1.4191356,5.763267,1.6679332,-0.35529402,-0.05295964,1.8895284,-0.8073839,0.20742479,0.14535835,0.62762654,0.9900203,-0.74307054,-0.8267953,1.2296902,1.8142089,-0.83297426,-0.8262427,0.85265535,-0.8222144,0.13851088,-0.88155335,-0.37761104,0.6519202,-1.7846305,-0.48560035,-0.5673456,-0.1607788,-0.8300165,-0.33766904,-0.58917195,-0.23689474,2.011267,-0.8093628,0.1311043,0.85675764,-0.48560032,0.8083117,-0.7002076,1.0035844,0.47629604,0.78509104,-0.48560032,-0.37103316,-0.38743487,-0.87301743,1.0
ETV6,-0.33055896,0.82804,-0.270532,-0.44828185,0.96521664,0.3094451,0.011213779,-0.12334365,1.0913987,-0.35979557,-0.45563754,0.3543006,-0.3977495,-0.3678864,0.24343702,-0.5667236,-0.5002198,-0.59103185,-0.4690062,-0.52929854,-0.6521706,-0.5611557,-0.57364655,-0.4110065,-0.58503944,-0.5424123,-0.5568149,-0.50243485,-0.5059064,-0.4655654,-0.5532207,-0.5519032,-0.1524585,-0.117809,-0.7915187,-0.13333069,-0.10190962,-0.7160166,-0.30227083,-0.48734778,-0.75903773,-0.20557268,-0.7328441,-0.48313743,-0.7216046,-0.75835913,-0.22792834,0.19655149,1.1343614,-0.25724578,0.6519202,0.73729146,-0.48560035,-0.5673456,-0.18233685,2.3500051,-0.41917032,0.24289405,0.30032682,-1.1267209,0.925518,-0.51774585,0.19050187,-0.48560032,-1.1736547,-0.67941785,-0.1941246,-1.7515192,-1.2469403,-0.48560032,-0.32154492,-0.41729987,-0.72058153,1.0
MITF,0.416911,0.13845178,-0.270532,0.339859,0.17118578,0.47709733,-0.47849283,0.14770727,-0.4638414,-0.35979557,0.344872,0.2586009,0.6809989,-0.3678864,0.0838271,1.1251984,-0.32139444,-0.5900798,-0.54567224,-0.5200174,-0.24654439,-0.55862415,-0.58493274,-0.33890694,-0.2672576,-0.36443117,-0.5725319,-0.5387466,-0.4203809,-0.4105775,-0.33193073,-0.52350044,0.106532454,0.84136635,1.1941612,0.63912594,0.10446941,1.2558153,0.9607945,-0.6222149,1.4582124,1.900583,-0.36835918,2.2229211,0.09702253,1.2992644,2.1952755,-0.4754999,1.1343614,-0.503708,-1.53393,0.5481474,0.107172936,1.7625941,0.32111883,-0.23271078,-0.5006716,0.2096114,-1.4733006,0.27714068,-1.0502586,-0.3593253,-1.5628517,0.10717295,0.16116285,0.56004393,-0.3585987,0.33152825,0.19947094,0.10717295,-0.37103316,0.35919023,0.35541698,1.0
FBXO11,-0.33055896,0.49236962,-0.270532,-0.44828185,0.56073713,0.30738786,0.4905013,0.14468157,-0.4638414,0.8815339,-0.45563754,0.33969814,0.44301996,0.97727627,0.99003726,1.9950361,-0.52219105,-0.58363175,-0.52785134,-0.29328078,-0.37924364,-0.39620417,-0.5401983,-0.45770273,-0.56323606,-0.6030221,-0.43523684,-0.50240004,-0.52866775,-0.48668465,-0.5739606,-0.36344102,-0.5585966,-0.34955826,-0.68136656,-0.71029603,-0.30115664,-0.5676545,-0.5571603,-0.5175938,-0.56067806,-0.7129305,-0.48289225,-0.35773188,-0.8119924,-0.83741575,-0.24803951,-0.54426974,-0.88155335,0.054000784,0.6519202,0.73729146,1.81436,1.7625941,-0.10852095,1.9092991,0.15133874,-0.3894761,2.1312494,1.4774147,-1.303808,2.165664,2.3911204,1.81436,1.1887139,0.90720683,-0.7929791,1.3288174,1.3213216,1.81436,3.785979,0.000810178,0.34601596,1.0
LMNA,-0.33055896,0.1469936,-0.270532,1.0674318,-0.22112934,0.04715345,0.96179956,0.14667612,0.31149942,-0.35979557,-0.45563754,0.3325159,-0.11520392,0.96531385,0.14685243,1.1304152,-0.3177725,-0.45802477,-0.19952443,-0.36627945,-0.64478856,-0.24898791,-0.516909,0.3815453,-0.61750627,-0.2565182,-0.25092387,-0.508721,-0.1060243,-0.44542232,-0.1472123,-0.55286527,-0.21374549,-0.5252458,-0.51728874,-0.04115131,-0.7132138,-0.7095101,-0.5357996,0.21611726,-0.27885178,-0.6088916,0.70467484,-0.22182636,-0.77051044,-0.4674664,-0.7009301,-0.4097597,1.1343614,-0.063156806,0.6519202,0.73729146,-0.36704567,-0.5673456,-0.15831213,-0.3757276,0.15133874,-0.5558893,-1.5959255,0.08933225,-0.88123757,-1.4809165,-1.4897364,-0.3670457,0.33412218,0.31302196,0.15591007,0.36369887,0.55930984,-0.3670457,-0.47000965,-0.17837983,1.2842965,1.0
BCR,0.42052507,0.15238898,1.1046208,0.3403704,-0.6200142,0.3077747,0.48992655,-0.12334365,0.2786115,0.86698467,-0.45563754,0.53362316,0.4341002,-0.3678864,2.6200545,0.28577358,-0.09876983,-0.45177376,-0.4930226,-0.33489394,0.043031093,-0.14452116,-0.18248703,0.33382326,-0.5748073,-0.04721255,-0.45272362,-0.44146737,-0.19443269,0.03777405,-0.3234702,0.324486,0.0695644,-0.63812906,-0.6407973,-0.6249823,-0.36971712,-0.7235712,-0.7046941,-0.39717305,-0.7660557,-0.77009493,-0.073325865,-0.21373105,-0.5736071,-0.7471723,-0.2944886,0.07060285,1.1343614,-0.06407272,0.6519202,0.6742434,-0.24849103,-0.5673456,-0.18031581,-0.17770429,0.06983742,-0.45604137,-0.3005558,-0.097805455,0.10984598,-0.3648461,-0.15415917,-0.24849103,-0.1012344,0.508334,-0.43029258,0.15458985,0.023079336,-0.24849103,-0.32154492,-0.11864983,0.8029051,1.0
ABL2,1.156294,-0.23505387,-0.270532,-0.44828185,0.14910476,0.80837965,-0.47849283,0.6865223,-0.4638414,0.8155407,-0.45563754,0.47323132,-0.118693925,0.9333041,0.06440226,1.1196275,-0.5904873,-0.4000948,-0.3302625,-0.18175629,-0.6011987,-0.31770036,-0.5779104,-0.41697338,-0.34027296,-0.4750425,-0.48773086,-0.35683605,-0.18313855,-0.19002019,-0.33371246,0.10510949,-0.0072685615,-0.6415626,-0.19013174,-0.5569188,0.46572688,0.87223965,-0.6083648,-0.66695696,-0.22890578,-0.40740964,0.30789003,-0.69645184,-0.33327606,-0.7345651,-0.7012039,-0.50568557,1.1343614,-0.47307432,0.6519202,0.6742434,-0.3907566,-0.5673456,-0.17768994,0.078561224,-0.33766904,2.6059616,-0.6833829,0.2914809,-0.19668415,0.22919026,-0.96145314,-0.3907566,0.023595793,0.9542968,-0.45559627,0.48433867,0.16419262,-0.3907566,-0.42052144,-0.23810984,0.66571325,1.0
MAF,0.42275846,-0.1744894,-0.270532,-0.44828185,-0.6200142,-0.21415968,-0.47849283,-0.12334365,-0.4638414,-0.35979557,0.36343917,1.4709398,1.27861,-0.3678864,-0.5948769,-0.5667236,-0.5483315,-0.4040058,-0.5522768,-0.55073565,0.020304019,-0.54140395,-0.02014803,-0.41153395,-0.5093399,0.04401925,-0.5458379,-0.37944064,0.16321978,-0.3655136,-0.26696515,-0.53706604,0.025807265,0.76310503,0.80362344,0.80368364,1.2355816,-0.6563669,-0.099146955,-0.39113155,0.79117495,-0.6747484,0.1483918,2.2196186,1.0666443,-0.85872555,0.39968252,0.10995793,1.1343614,-0.38117313,0.6519202,0.6742434,-0.27220196,-0.5673456,-0.17162171,-0.15546636,-0.5006716,0.67556846,-1.2069587,-0.14886053,-0.42361265,-0.9216846,-1.4417577,-0.27220196,0.51591915,-0.47178966,0.6915053,0.47629604,0.34058425,-0.27220196,-0.47000965,-0.05891983,0.62534654,1.0
MMP7,-0.33055896,-0.17366165,-0.270532,-0.44828185,-0.6200142,-0.21149743,0.50449353,0.14822902,-0.4638414,-0.35979557,-0.45563754,-0.22149414,-0.3977495,-0.3678864,-0.5948769,-0.5667236,0.3107471,0.1720494,0.658855,0.5643346,-0.63919353,0.24869229,0.34003976,5.636729,1.4381883,-0.27390683,2.095221,0.72769237,0.37005877,0.4342112,-0.26237556,0.5172595,1.0980164,1.2428637,5.608141,-0.7494928,3.8270533,0.97139764,0.48673522,2.6501575,0.3589089,1.9660835,1.2505143,-0.25223094,7.25253,-0.34403184,0.3769047,1.0723329,1.1343614,-0.44174036,0.6519202,-0.71281374,0.34428227,1.7625941,0.17857681,-0.4409953,-0.41917032,-0.6224546,-1.3124578,0.8915949,-1.3585972,-0.24070445,-1.4480939,0.34428227,0.39922628,-0.06779333,-0.25738388,0.42804012,0.38291824,0.34428227,-0.2720567,0.59811026,0.8291484,1.0
HIP1,-0.33055896,-0.17761211,1.0682166,-0.44828185,0.12102517,0.5573615,1.4392872,-0.12334365,1.8385768,-0.35979557,0.3550097,-0.22996467,0.16712202,3.6027243,1.040465,-0.5667236,-0.33086848,-0.30333975,-0.5601257,-0.36564672,-0.48723015,-0.21345581,-0.36848176,-0.22198269,-0.5781082,-0.28407142,-0.4071493,-0.41802457,-0.34907737,-0.30197683,-0.29774952,-0.023323385,-0.26824382,-0.76863235,-0.4680073,-0.81604636,0.06768225,0.5269922,0.16010787,0.504516,-0.2314708,-0.4525618,-0.059553277,-0.80843186,-0.016491845,0.42664614,-0.094718345,-0.08494326,1.1343614,-0.25863823,0.6519202,0.6111953,-0.5093113,-0.5673456,-0.18233685,2.3500051,0.15133874,1.6407651,-0.47454146,-0.71727324,0.34729323,-1.0275357,-0.5499396,-0.50931126,0.32274163,-0.49771956,0.68728805,0.058078,0.21358228,-0.50931126,-0.47000965,-0.35756984,0.20063606,1.0
ZMYM2,1.910101,1.8112563,3.850927,-0.44828185,-0.28408208,0.2975062,-0.47849283,-0.12334365,0.29579794,0.86605376,-0.45563754,2.912338,0.39704117,0.8827656,0.10996197,-0.5667236,-0.5013156,-0.57174987,-0.5346555,-0.20503144,-0.5353911,-0.5363876,-0.46130946,-0.13185182,-0.44430837,-0.49708682,-0.49876177,-0.36859956,-0.336512,-0.5815591,-0.40257308,-0.4706999,-0.5850814,-0.74779385,0.03306587,-0.21498549,0.13585126,-0.6047932,-0.348016,-0.26732376,-0.5398209,-0.774017,-0.763385,-0.5292674,-0.09648812,-0.5594684,-0.59790677,-0.60747796,1.1343614,-0.503708,-1.53393,0.73729146,-0.5093113,-0.5673456,-0.18233657,-0.8300165,0.31434134,0.2096114,0.31197566,-1.1204329,0.9306653,-0.5036782,0.20093583,-0.50931126,0.11614088,-0.7487878,0.628246,-0.30384144,0.005440174,-0.50931126,-0.37103316,-0.41729987,-0.5789812,1.0
SRD5A2,-0.33055896,0.16223678,-0.270532,-0.44828185,0.17138034,0.30994335,0.010484676,-0.12334365,1.085532,-0.35979557,-0.45563754,-0.2268483,-0.3977495,-0.3678864,0.24353573,-0.5667236,1.7863846,1.9363706,1.1986989,1.4489844,0.40829456,2.0679193,1.9748887,0.14154884,0.9419274,1.5008391,1.1099797,0.39062473,1.0255816,1.019743,1.7237374,1.2383503,-0.6946801,-0.8002939,-0.8073839,-0.819708,-0.8313355,-0.772292,-0.82211196,-0.74307054,-0.8267953,-0.80251473,-0.84492457,-0.83297426,-0.8262427,-0.862458,-0.8222144,-0.6571895,1.1343614,-0.503708,-1.53393,-1.5954865,-0.5330222,-0.5673456,-0.18233685,-0.8300165,-0.33766904,-0.35619348,0.36543196,-1.1305814,0.9647758,-0.45913205,0.2519697,-0.53302217,0.5608578,-0.96746016,0.952977,0.09829127,0.45347485,-0.53302217,-0.42052144,-0.41729987,-1.6402436,1.0
PTPN13,0.4178163,1.4546629,-0.270532,0.33491376,1.2613168,0.7967594,1.2593766,0.41689673,3.2833297,0.82208496,1.9534596,0.6226897,0.43125516,-0.3678864,-0.5948769,-0.5667236,-0.3050545,-0.47484875,-0.24337043,-0.5042144,1.4398478,-0.47803336,-0.4864476,-0.2584778,-0.3551467,1.3033779,0.7862175,-0.51274574,-0.47478846,-0.43964553,-0.5275652,-0.45594737,0.9873259,-0.08558288,-0.18380013,-0.30595234,0.35284758,0.026137387,1.2269821,0.08383305,-0.1574397,-0.5648473,2.0346484,0.38388658,0.47236824,-0.013327769,-0.52232516,0.20992246,-0.88155335,-0.503708,-1.53393,0.35900313,-0.2247801,-0.5673456,-0.18047394,0.91724825,-0.5006716,-0.6224546,-0.048519187,0.29771113,-0.1424897,0.28688785,0.021909097,-0.2247801,-0.027429136,0.8198281,-0.18147273,0.4441254,0.075996816,-0.2247801,-0.2720567,-0.11864983,0.46063566,1.0
PCM1,1.9106486,0.15623757,-0.270532,-0.44828185,-0.6200142,-0.21846165,-0.47849283,0.9023154,-0.4638414,3.2978594,-0.45563754,1.1876013,0.15741812,-0.3678864,-0.5948769,-0.5667236,-0.54125255,-0.5104803,-0.46916264,-0.45959255,-0.62937504,-0.46274263,-0.4694377,-0.36638778,-0.52320296,-0.60249645,-0.5408216,-0.4790249,-0.46510956,-0.5355663,-0.5746362,-0.50623274,-0.58675313,-0.31145498,-0.5517629,-0.24827635,-0.0918299,0.111299545,-0.5105464,-0.7142328,0.07542265,-0.33287328,-0.65255827,-0.6252612,-0.7943232,-0.09831467,-0.5302668,-0.5321574,-0.88155335,0.0883679,0.6519202,0.73729146,-0.48560035,-0.5673456,-0.18233281,1.289998,-0.5006716,-0.72230256,-0.018682288,-0.2096676,0.32496026,-0.4777687,0.22928599,-0.48560032,-0.14181821,0.17456885,0.109519936,-0.28775612,0.07952465,-0.48560032,-0.37103316,-0.38743487,-0.86444217,1.0
TFE3,-0.33055896,1.1697408,-0.270532,-0.44828185,-0.6200142,0.31130403,0.49776712,0.14820538,0.31652316,-0.35979557,-0.45563754,-0.2252674,-0.11288031,0.96634847,1.0636945,-0.5667236,-0.124416396,0.6826158,0.7224678,0.036339987,3.6135943,-0.3663105,-0.4554445,0.5068602,1.3539951,1.3660443,0.533209,0.26737326,-0.12918353,-0.06474753,-0.43580434,0.06729242,-0.5091044,-0.16972862,-0.72794926,-0.20802206,-0.63441867,-0.56707394,-0.3909182,-0.39704898,-0.06581296,-0.56970996,-0.2774524,-0.16076615,-0.79533637,-0.43908873,-0.19396034,-0.637604,1.1343614,-0.503708,-1.53393,0.73729146,-0.41446754,-0.5673456,-0.16646497,-0.19401209,0.06983742,-0.7555852,-1.7510147,-0.12709717,-0.5892651,-1.4055752,-1.8987303,-0.41446754,0.6052127,-0.31727383,0.7294609,0.4602107,0.6228108,-0.41446754,-0.47000965,-0.23810984,0.869595,1.0
SND1,0.4224992,0.16236605,-0.270532,1.9160626,0.5824398,-0.2120348,0.012067669,0.14488694,-0.4638414,0.88089067,0.36309332,0.9329396,-0.11275049,-0.3678864,0.22412637,0.28869575,-0.5464006,-0.3989377,-0.1128547,-0.53846955,-0.6419012,-0.5716997,-0.41173425,-0.39124534,-0.43080223,-0.57503676,-0.56136954,-0.48860815,-0.49365085,-0.51094306,-0.53463584,-0.4598101,-0.25853354,-0.652361,0.105865434,0.042475477,-0.23634508,-0.50872284,-0.27458718,-0.6746174,-0.70109874,-0.60799396,-0.17933787,-0.7536496,0.08230773,-0.5490037,-0.6946117,-0.2306716,-0.88155335,-0.47290024,0.6519202,0.73729146,-0.36704567,-0.5673456,-0.18217243,1.668572,-0.2561677,0.17632882,-0.20045118,0.19437298,0.17979482,0.15325272,-0.31685638,-0.3670457,-0.08083018,0.9442402,-0.16460359,0.3958695,0.22769362,-0.3670457,-0.32154492,-0.26797485,0.38090113,1.0
RHOH,-0.33055896,-0.5097135,1.1386482,-0.44828185,-0.6200142,-0.4742777,0.0018796542,-0.12334365,-0.4638414,-0.35979557,0.3587433,-0.43555683,-0.3977495,-0.3678864,-0.5948769,-0.5667236,-0.59991425,-0.59486717,-0.56698436,-0.5535382,-0.66282326,-0.57277435,-0.60041165,-0.4826095,-0.6327475,-0.62440443,-0.58754885,-0.5427524,-0.53311604,-0.5980372,-0.5872617,-0.5531918,1.6844156,-0.3963664,1.1087326,-0.8111039,-0.57747954,-0.18823692,-0.7232781,-0.2587373,0.5084457,-0.5034528,-0.026734196,-0.72461146,0.85542154,-0.15328775,-0.22250703,0.27016157,-0.88155335,-0.41075656,0.6519202,-0.64976573,-0.48560035,-0.5673456,-0.18233497,0.22999083,-0.2561677,0.17632882,0.27673346,-1.0615509,0.8825628,-0.5104741,0.18653195,-0.48560032,-0.50833035,-0.20422503,0.02939152,-0.8185713,-0.42848316,-0.48560032,-0.37103316,-0.38743487,-1.0412377,1.0
PIN1,-0.33055896,-0.5097135,-0.270532,0.3414087,-0.6200142,-0.4742777,-0.47849283,-0.12334365,-0.4638414,-0.35979557,0.3659007,-0.610674,-0.3977495,-0.3678864,-0.5948769,0.28889441,-0.4553851,-0.5686412,-0.44644824,-0.37110388,-0.5345896,-0.52623713,-0.5788303,-0.4522932,-0.5368071,-0.517169,-0.30645743,-0.39703336,-0.5219926,-0.537031,-0.5306265,-0.4359531,-0.6778021,-0.37540048,-0.35407415,-0.7639176,0.08481878,-0.6476969,-0.28438783,-0.6609871,-0.7204906,-0.7609136,-0.31595978,-0.6547574,-0.74758095,-0.70002735,-0.6195651,-0.5881365,-0.88155335,-0.44209245,0.6519202,0.73729146,-0.03509263,-0.5673456,-0.15117475,-0.19676536,0.15133874,1.0083948,-0.81858784,0.30811372,-0.8335924,-0.5481538,-0.6926309,-0.03509264,0.31032646,-0.1255217,0.24447307,0.34761357,0.2594441,-0.03509264,-0.42052144,0.20986521,0.96154934,1.0
PRKCB,0.42062402,0.49062344,3.8898082,1.1267421,-0.22105403,0.29184225,0.45156002,-0.12334365,-0.4638414,2.09339,0.3465363,0.33387312,-0.11811044,0.9526398,-0.5948769,-0.5667236,-0.59991425,-0.59486717,-0.56698436,-0.5535382,-0.66282326,-0.57277435,-0.60041165,-0.4826095,-0.6327475,-0.62440443,-0.58754885,-0.5427524,-0.53311604,-0.5980372,-0.5872617,-0.5531918,-0.10621369,-0.31682208,2.5204527,2.4397273,0.6106848,-0.73193276,0.40087745,-0.19337443,2.5058577,0.5435805,1.148377,0.99089277,2.153421,0.90169454,-0.2766904,-0.26983562,1.1343614,-0.43954033,0.6519202,0.043762878,4.6359606,1.7625941,3.3319492,-0.5232178,-0.17466643,0.80869913,-0.84350544,0.23870336,-1.7159412,-0.53041583,-0.72303146,4.6359606,-0.81916684,0.06674796,-1.7629547,-0.65771824,-0.8447674,4.6359606,-0.37103316,6.063406,0.9307092,1.0
SOX17,-0.33055896,-0.5097135,-0.270532,-0.44828185,0.1844172,-0.2119361,-0.47849283,-0.12334365,-0.4638414,-0.35979557,-0.45563754,3.2793021,0.17237367,-0.3678864,-0.5948769,0.28840446,2.4084773,4.617928,3.9881682,3.0920813,2.1091318,5.493676,5.78451,0.7984986,4.067856,5.020888,1.6265116,-0.3452451,3.6228151,5.299143,3.9715965,2.4364502,-0.5163304,1.9436852,0.44979903,0.11001854,0.69618905,0.17461738,2.6192484,-0.35555583,2.5061529,0.14919052,-0.46411347,-0.41998386,0.69179046,2.534262,2.2795873,1.5009433,1.1343614,-0.34516507,0.6519202,-0.019285204,-0.46188942,-0.5673456,-0.18233366,-0.8300165,-0.41917032,-0.089932345,0.42354956,-1.0862489,0.9860947,-0.36608985,0.29763734,-0.4618894,0.67816496,-0.88697815,1.0035844,0.29935762,0.55930984,-0.4618894,-0.2720567,-0.41729987,-1.2414635,1.0
FCGR2B,-0.33055896,-0.1742498,1.1338832,-0.44828185,-0.22380653,-0.4742777,0.012474486,0.1482065,0.31436956,-0.35979557,-0.45563754,-0.41908142,-0.3977495,-0.3678864,0.24128133,-0.5667236,-0.59991425,-0.59486717,-0.56698436,-0.5535382,-0.66282326,-0.57277435,-0.60041165,-0.4826095,-0.6327475,-0.62440443,-0.58754885,-0.5427524,-0.53311604,-0.5980372,-0.5872617,-0.5531918,1.2575612,-0.23938508,1.8544823,-0.061843693,0.2520575,-0.42663738,-0.80671436,-0.5090166,0.7361424,-0.12687138,3.7084305,-0.46009263,1.3033262,0.0030621632,-0.61172074,1.102346,-0.88155335,-0.4668225,0.6519202,0.42205122,-0.34333476,-0.5673456,-0.18120815,0.14165685,-0.5006716,-0.7888678,-0.8266928,0.042783525,-0.559889,-0.67362213,-0.94753057,-0.34333476,0.2573764,0.39874843,-0.18147273,0.3395709,0.35469556,-0.34333476,-0.47000965,-0.14851484,0.8200318,1.0
PSCA,-0.33055896,-0.17392771,-0.270532,-0.44828185,-0.6200142,-0.211649,-0.47849283,-0.12334365,-0.4638414,-0.35979557,-0.45563754,-0.2229051,-0.11329087,-0.3678864,0.24316324,0.28967687,-0.37725016,2.6248693,1.5093359,0.27807808,0.52667445,-0.014740689,0.0919498,1.4396076,2.6340296,1.3820424,2.9122064,0.91604024,0.841246,1.2521266,1.8449186,1.3349907,2.6844168,-0.07554326,1.5557818,1.9453315,5.5794215,3.943015,-0.7604189,-0.33579695,-0.7688015,6.3305426,2.2566683,0.99458337,0.22655538,-0.6811105,3.2910683,2.7936738,-0.88155335,-0.503708,-1.53393,-0.8389099,-0.5330222,-0.5673456,-0.18233685,-0.8300165,-0.33766904,-0.35619348,0.34622392,-1.1305814,0.9536898,-0.4770284,0.23363212,-0.53302217,0.46981338,-0.96746016,0.8981523,-0.0062632365,0.36175123,-0.53302217,-0.42052144,-0.41729987,-0.5580796,1.0
HMGA2,0.4199482,0.48043916,-0.270532,-0.44828185,0.15251942,0.28696004,0.48142546,-0.12334365,0.31321603,2.0835025,0.35666794,-0.056460224,0.15188934,-0.3678864,-0.5948769,-0.5667236,-0.26420045,0.50524884,-0.059678312,-0.47251514,2.6057189,-0.4435611,-0.14318538,0.12554792,-0.52803665,-0.49687028,-0.43656483,-0.1974285,-0.22081378,-0.4961433,-0.5179842,-0.30144474,1.0090805,-0.60384405,-0.0065877005,3.2505608,3.1776187,4.584393,1.2060665,7.3005137,0.9686986,2.1876056,0.6513073,1.3978024,-0.024669426,4.1336756,1.1326618,0.6571199,-0.88155335,-0.503708,-1.53393,-1.7215827,-0.48560035,-0.5673456,-0.18232647,1.289998,0.06983742,3.3714623,0.18626481,0.72110564,0.0367324,0.26842463,0.5284442,-0.48560032,0.69158816,-0.35189065,0.805372,0.48433867,0.7568684,-0.48560032,-0.37103316,-0.38743487,-0.9832705,1.0
CYP1B1,-0.33055896,-0.1747079,-0.270532,-0.44828185,-0.6200142,0.3114204,0.49748036,-0.12334365,-0.4638414,-0.35979557,-0.45563754,-0.610674,-0.3977495,-0.3678864,-0.5948769,1.14131,-0.59991425,-0.59486717,-0.56698436,-0.5535382,-0.66282326,-0.57277435,-0.60041165,-0.4826095,-0.6327475,-0.62440443,-0.58754885,-0.5427524,-0.53311604,-0.5980372,-0.5872617,-0.5531918,1.0546873,-0.12603551,1.0840011,-0.78230333,0.661711,0.108775154,-0.6977112,3.2168622,2.0976565,1.1353282,-0.43981454,3.195193,0.90379274,-0.06645029,1.6273656,0.53244185,-0.88155335,-0.503708,-1.53393,0.6111953,-0.011381694,-0.5673456,0.015492974,-0.57863134,-0.33766904,0.4425899,0.27714583,1.3532134,-1.7762469,1.1575619,0.4998952,-0.011381709,0.7563444,-0.8307722,1.0288881,0.6291064,0.6369221,-0.011381709,0.5692434,-0.35756984,0.9336326,1.0
CYP1A2,-0.33055896,-0.17368038,-0.270532,-0.44828185,-0.22115666,-0.21177667,0.011868741,-0.12334365,-0.4638414,-0.35979557,-0.45563754,-0.22333078,-0.11291165,-0.3678864,0.24500489,1.1446412,0.73063815,1.5507045,1.760678,0.21445775,-0.17012964,1.864641,0.334055,2.3928957,1.296215,-0.49491775,0.18021211,-0.47285867,1.5128459,1.4584472,0.9926358,-0.23101845,-0.6946801,-0.8002939,-0.8073839,-0.819708,-0.8313355,-0.772292,-0.82211196,1.1294818,-0.8267953,-0.80251473,10.338465,-0.83297426,-0.8262427,-0.862458,-0.8222144,-0.6571895,-0.88155335,-0.3465437,0.6519202,-1.7846305,-0.10622543,-0.5673456,-0.17291586,-0.8300165,-0.33766904,-0.32291082,0.57228756,-1.1305814,1.0841622,-0.2664018,0.44945148,-0.10622544,0.7514244,-0.9575181,1.0668437,0.33152825,0.64397776,-0.10622544,0.47026688,-0.41729987,0.7912875,1.0
CNTRL,1.1682732,1.4832473,-0.270532,0.33758095,0.4558727,0.48634943,0.0032083048,0.39262617,-0.4638414,2.0514219,1.9636298,1.1970118,0.14466883,-0.3678864,-0.5948769,1.1225402,-0.12229495,-0.59265965,-0.21325262,-0.432536,-0.33139282,-0.21319348,-0.5789405,-0.4456423,-0.6014957,0.049484,-0.5127156,-0.24134848,-0.17423663,0.24368882,-0.476287,-0.26421198,-0.2875512,-0.30315807,-0.09682538,0.068313174,-0.17676826,0.11627387,-0.30827755,-0.7125406,-0.59565127,-0.60615647,-0.3597628,-0.459367,-0.30438274,-0.4688227,-0.5534836,-0.51118004,-0.88155335,-0.35716292,0.6519202,0.6111953,-0.48560035,-0.5673456,-0.18233281,1.289998,0.47734398,-0.72230256,-0.018682288,-0.2096676,0.32496026,-0.4777687,0.22928599,-0.48560032,-0.14181821,0.17456885,0.109519936,-0.28775612,0.07952465,-0.48560032,-0.37103316,-0.38743487,-0.86444217,1.0
CHST11,-0.33055896,-0.5097135,-0.270532,1.1258407,-0.6200142,0.049356345,-0.47849283,-0.12334365,-0.4638414,-0.35979557,-0.45563754,0.13738325,-0.11460483,-0.3678864,-0.5948769,-0.5667236,-0.42381993,0.1668356,1.7907609,-0.5527731,2.6904612,-0.56871104,-0.25979012,-0.38017476,-0.40959936,1.3479443,-0.3106109,-0.4154841,3.2947164,-0.4732293,-0.27528054,-0.55278206,0.95316714,0.34469354,-0.23267217,1.089789,-0.6746414,2.0227847,0.043421503,0.88604736,-0.080984294,-0.37851548,-0.573863,-0.43003085,-0.6388881,-0.09402709,-0.5062289,0.36781365,1.1343614,-0.503708,-1.53393,0.4850993,-0.3907566,-0.5673456,-0.18010955,-0.8300165,0.06983742,-0.056649685,0.4039607,-0.8361729,0.7835641,-0.32663,0.378358,-0.3907566,0.7279392,-0.90476847,1.0246708,0.31544295,0.6369221,-0.3907566,-0.17308022,-0.38743487,-0.24057518,1.0
GPC5,1.1761482,0.8322821,-0.270532,-0.44828185,2.1852534,0.83574414,0.9864272,0.14803253,1.0863895,2.1149983,-0.45563754,0.5501588,-0.1129541,-0.3678864,1.9220415,-0.5667236,1.9170226,1.9493265,0.74697006,0.12167818,2.3893476,1.6250428,0.33590254,-0.019302905,0.64434564,1.6291007,0.28837627,0.4058672,2.2254648,0.1813784,3.3424783,0.0034499892,5.1896014,2.1542587,2.7596323,0.10500096,2.7574031,2.3768864,3.1700795,-0.4072074,-0.8267953,2.552863,-0.6344874,0.27588305,2.816144,3.4334347,1.0207981,6.764576,1.1343614,-0.42512584,0.6519202,-1.7215827,0.083462,1.7625941,-0.17747247,-0.8300165,-0.2561677,0.40930727,-0.06262511,0.49478254,-0.5819424,-0.3520597,0.3616818,0.083462015,0.6622775,-0.8591709,0.9361079,0.2511017,0.58753246,0.083462015,0.3218022,-0.088784836,0.75197005,1.0
FAT4,3.4182138,1.7241935,5.341018,3.4390652,14.711569,6.9878974,7.5013847,-0.12334365,5.515974,2.0884602,1.1678408,5.2579184,9.025673,3.567611,2.5071774,1.1323444,-0.4094708,1.9168284,3.2841783,1.2673634,1.180533,1.2988867,0.8682776,-0.43651503,0.91885936,1.6694356,0.039683323,1.7993748,3.477377,0.22970156,1.7359276,-0.13327777,-0.56600755,1.7601933,0.53873825,1.2111824,-0.35813865,-0.26689148,1.4237978,1.1576552,2.611205,0.5983356,0.65911627,2.100861,-0.019696957,1.8021518,1.6748762,0.67532045,1.1343614,-0.503708,-1.53393,0.16985905,-0.46188942,-0.5673456,-0.18154122,-0.8300165,0.06983742,-0.7888678,0.4830811,1.1939399,-0.22908905,0.5430652,0.9505615,-0.4618894,0.8900183,-0.92023546,1.130103,0.49238133,0.79567456,-0.4618894,-0.32154492,-0.38743487,-0.9296195,1.0
EXT1,0.42156836,0.4947131,-0.270532,0.34076953,0.54474175,-0.21245193,0.010783245,0.14810367,-0.4638414,-0.35979557,-0.45563754,-0.04342262,0.16926269,0.9468802,-0.5948769,0.28756952,-0.45753965,-0.5723903,-0.483045,-0.54035765,-0.082249515,-0.34455386,-0.5830724,-0.4075769,-0.511591,-0.5328676,-0.41044042,-0.37824416,-0.49469253,-0.38497493,-0.53225845,-0.41140443,-0.6747673,-0.47548592,-0.040877484,0.13575524,0.06734366,0.9133832,-0.4981552,0.1650167,-0.6033863,0.30569902,-0.6699972,-0.72672397,0.052813567,-0.5225151,-0.14916956,-0.47130007,1.1343614,-0.44209245,0.6519202,0.6742434,-0.27220196,-0.5673456,-0.17240135,-0.8300165,0.06983742,0.5757205,-0.10675849,-0.058269083,0.14272666,-0.34423515,-0.12525135,-0.27220196,0.581868,-0.679671,0.8306757,0.25914437,0.52403146,-0.27220196,-0.22256845,-0.20824485,-0.050903387,1.0
COL2A1,-0.33055896,0.16098356,-0.270532,-0.44828185,0.54110336,0.2858159,0.47840792,0.14805627,1.0901058,-0.35979557,0.36066955,0.15002969,1.0123284,0.96545464,0.24392298,0.28587914,0.6071737,1.4970682,1.1009808,1.9990515,2.8166761,1.2889098,1.1128993,-0.2592068,1.5631061,3.4670823,2.1969619,-0.3332282,2.9765441,0.94703543,1.0955569,0.59371144,1.0785668,1.2098342,0.9940736,2.2411368,1.5639584,1.7163905,-0.27977055,-0.21874295,-0.22078586,-0.80251473,-0.17088947,-0.07611028,1.7049208,-0.1436269,-0.076256625,1.3187237,-0.88155335,-0.34038967,0.6519202,-1.7215827,0.3205713,1.7625941,-0.042991225,-0.49100512,1.6183621,-0.7555852,-0.45146963,-0.43631342,-0.10820013,-0.66507065,-0.48701364,0.32057133,0.3354235,-0.35546374,0.29086322,0.21088842,0.2700276,0.32057133,-0.47000965,0.6877053,0.6920498,1.0
ERC1,-0.33055896,1.1079116,-0.270532,2.6958828,-0.2934197,0.45883593,0.36670765,0.6327297,0.18240191,-0.35979557,0.3555422,-0.100451365,-0.120276324,0.90400195,0.20063499,1.103072,-0.51899004,-0.58204925,-0.5629378,-0.52230644,-0.65781957,-0.55055654,-0.57437235,-0.43857142,-0.5858047,-0.59176105,-0.56734717,-0.49342147,-0.47047693,-0.48550034,-0.5672591,-0.52261645,-0.24436529,-0.3399541,-0.4598757,0.31374624,-0.48967046,-0.58297765,-0.2405053,-0.2193035,0.41554138,-0.5019914,-0.63815576,-0.5002238,-0.6505244,-0.5419651,-0.4565394,-0.3404845,1.1343614,-0.10546964,0.6519202,0.6742434,-0.27220196,-0.5673456,-0.1809601,0.51908374,-0.5006716,1.4077866,-0.47199365,-0.28712004,0.12511739,-0.5217299,-0.56740683,-0.27220196,0.08520914,0.5001085,-0.12243076,0.33152825,0.18888745,-0.27220196,-0.37103316,-0.11864983,1.0151262,1.0
MAFB,0.4229957,-0.5097135,1.1541065,-0.44828185,0.17545015,0.050363682,-0.47849283,-0.12334365,0.31708613,0.88307095,-0.45563754,-0.418806,-0.113297984,-0.3678864,-0.5948769,-0.5667236,0.45526397,-0.24942258,1.852391,-0.4506263,2.0870013,-0.39059234,0.8868842,-0.3460932,-0.3511803,1.7171588,-0.5370542,-0.38466042,1.8543224,-0.2595091,-0.2577405,0.0074507757,-0.0066775023,-0.50033283,0.20436762,-0.4763505,-0.7621884,-0.58174884,-0.16255677,1.9066215,-0.79938,-0.00087783847,-0.36843774,-0.31367818,0.21977924,-0.5908298,-0.3296638,-0.099873215,1.1343614,-0.503708,-1.53393,0.73729146,-0.5330222,-0.5673456,-0.18233685,-0.8300165,-0.5006716,-0.48932403,0.71549535,-1.1305814,1.1668144,-0.13297316,0.58616966,-0.53302217,0.869008,-0.96746016,1.1385375,0.45216808,0.76392406,-0.53302217,-0.42052144,-0.41729987,-2.693596,1.0
GSTP1,0.4232293,-0.5097135,-0.270532,-0.44828185,-0.6200142,-0.4742777,-0.47849283,-0.12334365,-0.4638414,-0.35979557,-0.45563754,-0.610674,-0.3977495,-0.3678864,-0.5948769,-0.5667236,0.50991863,0.95303786,-0.048586234,4.8117127,1.3720958,-0.41090158,-0.17478673,-0.37547496,0.49973118,-0.05823181,-0.01544911,0.4806468,-0.32433257,0.25740594,0.283566,0.04892565,-0.1687498,0.58501655,-0.03367595,2.8742938,-0.33239537,-0.76630425,-0.6076604,-0.72907716,-0.43183088,1.3249532,0.027677476,0.00438699,0.10495176,-0.26138863,0.21773519,-0.33694488,-0.88155335,-0.18095987,0.6519202,0.73729146,-0.27220196,-0.5673456,-0.10851305,-0.4927414,-0.5006716,-0.6557372,0.10431298,1.4026365,-1.3083812,0.3951818,0.53762066,-0.27220196,0.70501137,-0.6105866,0.75476456,0.42804012,0.65103346,-0.27220196,0.024872743,-0.35756984,-0.1201619,1.0
RNF213,-0.33055896,2.7056696,2.5137842,5.5892644,4.006119,2.3187246,0.00458399,-0.12334365,7.6546497,4.4491706,1.9593307,2.326871,1.4796869,0.90281886,4.0674443,0.26698333,-0.59132874,-0.0028778664,-0.25395754,-0.54945385,-0.45993444,-0.408244,-0.5950419,-0.2656241,-0.54634213,-0.19639957,-0.5242258,-0.4053934,-0.07577321,0.057354037,-0.37242645,-0.54136527,0.1691523,-0.2629233,-0.09187723,-0.28196105,0.5811412,0.12593204,-0.40667787,-0.5497568,-0.03247824,0.011216802,0.71747893,-0.085264355,-0.27288175,-0.3860361,-0.0028003498,0.55515057,-0.88155335,-0.503708,-1.53393,0.73729146,1.4349853,1.7625941,-0.18233685,2.3500051,-0.33766904,-0.056649685,2.438092,0.7943736,-0.0721278,2.223604,2.3968058,1.4349852,1.2572807,0.7216271,-0.7381544,1.2162203,1.3283772,1.4349852,3.4890497,-0.29783985,0.67741644,1.0
ZBTB16,-0.33055896,0.15769,1.1319551,1.13052,0.18414874,-0.21191418,0.012555001,-0.12334365,-0.4638414,2.1202385,-0.45563754,0.15820098,0.7208282,-0.3678864,1.0815301,-0.5667236,-0.4152611,0.45977488,0.31407717,-0.13030206,1.0846874,1.6284801,0.3983313,-0.4678233,0.50713104,1.9220937,-0.12445117,0.9202706,1.7311268,0.28091103,1.5806912,-0.43469188,-0.56839484,4.1697793,2.5237648,0.13085842,3.5826693,3.1081097,3.2618105,1.845695,3.91992,4.636911,0.034769442,5.0752554,2.7660468,3.709379,3.1761503,0.38697878,-0.88155335,-0.503708,-1.53393,0.6742434,-0.20106916,-0.5673456,-0.13488713,-0.5877291,-0.2561677,0.6090031,-1.9569548,-0.12148742,-1.0878189,-2.2742157,-1.6078627,-0.20106916,0.13458319,0.063962646,0.47642377,0.38782683,-0.33675954,-0.20106916,-0.47000965,0.03067518,-0.7619471,1.0
SRGAP3,1.1693662,0.7991501,-0.270532,0.33833256,0.13659635,0.7701564,0.43772373,0.13459268,-0.4638414,-0.35979557,1.1631732,0.11271804,0.4472221,0.9538621,-0.5948769,0.28333828,0.29518965,-0.18040864,-0.5522146,-0.3199233,-0.5674188,-0.38479778,-0.4835204,-0.061752062,-0.36770087,0.023648046,-0.49046665,-0.3416072,-0.4428481,-0.5137672,-0.1307502,-0.04399016,1.516022,-0.182425,-0.30363983,-0.5592588,-0.63244265,-0.4044582,-0.79626274,-0.68742,-0.39756945,-0.23748432,-0.5380054,-0.4592394,-0.38174114,-0.40648532,-0.5174358,-0.13077547,1.1343614,0.038508885,0.6519202,-0.14538121,-0.46188942,-0.5673456,-0.18142875,0.7599944,-0.5006716,-0.056649685,-0.20857717,0.60918623,0.025084358,-0.056150626,-0.27329344,-0.4618894,-0.15173975,1.5327338,-0.44294444,0.42804012,0.040718496,-0.4618894,-0.37103316,-0.35756984,0.43867618,1.0
EBF1,0.41753796,-0.17423758,-0.270532,-0.44828185,2.1674585,0.2736728,-0.026886418,0.14785433,1.091191,0.8714687,0.35964894,-0.23582166,0.73129714,-0.3678864,-0.5948769,-0.5667236,-0.45376536,1.9542031,0.03210746,0.19013709,0.90727067,-0.2874744,1.6692818,0.13604379,1.2099094,-0.41642427,0.20086992,-0.4090294,1.2649301,-0.036007572,2.1383493,-0.27815905,0.02047402,2.7142563,1.0059521,0.26570964,-0.27752078,-0.61669904,0.8664448,-0.16062115,2.7123237,0.030182265,1.2484564,2.5309467,0.67601985,0.84468687,2.2002785,1.8192633,1.1343614,-0.282395,0.6519202,0.5481474,-0.3907566,-0.5673456,-0.17543866,-0.52715725,-0.5006716,-0.5558893,-0.8808506,-0.50913733,-0.015206334,-1.0621157,-0.98975915,-0.3907566,-0.19651155,0.7359217,-0.16460359,0.4119548,-0.026310315,-0.3907566,-0.47000965,-0.20824485,1.0296738,1.0
PAX3,-0.33055896,-0.17645891,-0.270532,-0.44828185,0.952757,0.8274385,0.47288415,-0.12334365,0.31200457,-0.35979557,3.6290698,1.829825,1.2994993,-0.3678864,0.9290286,-0.5667236,1.3073298,3.9382946,1.9372439,3.4577947,0.62100476,3.0613053,4.8736324,1.8351111,3.219883,2.8380952,0.5713669,3.582397,2.9245799,5.3577657,3.8095992,1.1558768,-0.6946801,1.3766671,-0.8073839,3.5248373,-0.8313355,-0.61407936,-0.82211196,-0.74307054,-0.8267953,-0.80251473,-0.84492457,-0.83297426,-0.8262427,-0.787038,-0.8222144,-0.6571895,1.1343614,-0.503708,-1.53393,-1.7846305,-0.5330222,-0.5673456,-0.18233685,-0.8300165,-0.09316515,-0.12321496,0.3234144,-1.1305814,0.9405254,-0.49828035,0.21185622,-0.53302217,0.28772455,-0.96746016,0.7885029,-0.21537225,0.17830394,-0.53302217,-0.42052144,-0.41729987,-1.2747419,1.0
TRIM24,1.172465,0.16017714,1.1454612,-0.44828185,0.5592481,0.3012318,-0.47849283,0.40768668,2.6401417,-0.35979557,-0.45563754,-0.42148572,-0.11499268,-0.3678864,0.17442864,0.2841771,-0.5631645,-0.5670915,-0.48432052,-0.4838756,-0.61493385,-0.559941,-0.55833095,-0.36392578,-0.5655363,-0.5692344,-0.5526394,-0.47368044,-0.53266853,-0.56396675,-0.5551035,-0.50056225,-0.45171854,-0.5584034,0.21447608,-0.44868377,-0.06737731,-0.09351499,-0.46992144,-0.5858374,0.012366414,-0.5299763,-0.11553023,-0.5622,-0.10011106,-0.62480325,-0.5889219,-0.5951721,1.1343614,-0.25724578,0.6519202,0.73729146,-0.36704567,-0.5673456,-0.18217243,1.668572,-0.011663832,-0.02336703,-0.20045118,0.19437298,0.17979482,0.15325272,-0.31685638,-0.3670457,-0.08083018,0.9442402,-0.16460359,0.3958695,0.22769362,-0.3670457,-0.32154492,-0.26797485,0.38090113,1.0
TEC,1.9308951,-0.18070073,-0.270532,0.34126663,-0.6200142,-0.4742777,-0.47849283,-0.12334365,1.0965941,-0.35979557,-0.45563754,0.35318154,-0.11399248,0.9742317,0.23735881,-0.5667236,-0.38675055,0.24322875,-0.22393303,-0.087419644,-0.6266811,-0.4871044,0.42695236,-0.33084404,0.036778778,-0.5648767,-0.46010715,0.56714875,-0.39939165,-0.14027412,0.42409298,0.54924643,-0.41721568,-0.002546956,-0.45393282,-0.41700378,-0.34849346,1.6019639,-0.29249072,-0.101236805,-0.4470489,-0.74553126,0.09884792,-0.48119086,-0.65040743,0.49418023,-0.7066788,0.0708643,1.1343614,-0.503708,-1.53393,0.23290698,-0.03509263,-0.5673456,-0.179903,1.3588296,-0.17466643,-0.056649685,0.14863995,0.20805642,-0.38374877,0.23721541,0.13075738,-0.03509264,0.32560664,-0.010824855,0.24447307,0.42804012,0.3264729,-0.03509264,0.024872743,-0.05891983,0.85750175,1.0
KTN1,-0.33055896,-0.5097135,-0.270532,0.33925563,-0.6200142,-0.21462932,0.432736,-0.12334365,-0.4638414,0.8610211,-0.45563754,0.62278926,0.38926652,-0.3678864,1.0315555,0.2813569,-0.4683939,-0.59338486,-0.5637383,-0.3876317,-0.34791827,-0.549727,-0.42707145,-0.35653368,-0.5119029,-0.45449457,-0.51571274,-0.5008919,-0.5255876,-0.35109496,-0.5256865,-0.41972443,-0.016544055,-0.62585014,-0.33390972,-0.77085686,-0.07035787,-0.39831525,-0.5590134,-0.49190417,-0.7524755,-0.6911997,-0.6420952,-0.73374474,-0.17121954,-0.8528636,-0.77639365,-0.45157155,1.1343614,-0.503708,-1.53393,0.73729146,-0.5093113,-0.5673456,-0.18233669,-0.8300165,-0.2561677,-0.7888678,0.31815067,-1.1305814,0.93748736,-0.5031847,0.20683102,-0.50931126,0.21769041,-0.96746016,0.74633,-0.29579878,0.10774731,-0.50931126,-0.37103316,-0.41729987,-2.203592,1.0
CHRNA5,-0.33055896,0.16192155,-0.270532,-0.44828185,-0.22424892,-0.21369953,-0.47849283,0.14704786,-0.4638414,-0.35979557,-0.45563754,-0.036239695,-0.11290081,-0.3678864,-0.5948769,0.289159,-0.50721604,-0.24452643,-0.55865353,-0.16335715,-0.25344133,-0.40773228,-0.28703305,-0.11545402,-0.5128002,-0.2956591,-0.15560296,-0.42113867,-0.48536628,-0.39036423,-0.4106887,-0.40716437,-0.045489453,-0.66024256,-0.09311171,-0.0061416505,1.4832526,0.37600207,2.4124677,-0.32815358,0.7762828,1.2606707,0.5941477,0.52850723,0.56953645,1.7744328,0.33145952,0.8415122,1.1343614,-0.503708,-1.53393,-1.2802463,-0.5093113,-0.5673456,-0.18233575,-0.8300165,-0.41917032,-0.72230256,0.6304657,-1.1305814,1.1177397,-0.21219642,0.5049932,-0.50931126,0.84099436,-0.96746016,1.1216685,0.41999745,0.73570144,-0.50931126,-0.37103316,-0.41729987,1.0615871,1.0
CYP2C8,-0.33055896,-0.1744667,1.1181653,0.33941057,-0.6200142,-0.4742777,0.49649385,-0.12334365,1.0855092,-0.35979557,1.9986088,-0.22564907,0.4544963,-0.3678864,-0.5948769,0.28696173,-0.59991425,-0.59486717,-0.56698436,-0.5535382,-0.66282326,-0.57277435,-0.60041165,-0.4826095,-0.6327475,-0.62440443,-0.58754885,-0.5427524,-0.53311604,-0.5980372,-0.5872617,-0.5531918,0.5233938,0.4581421,-0.53515077,-0.39860564,-0.23585308,0.12398725,0.10408439,-0.40468532,-0.6625239,3.1134572,3.5207133,0.22465968,0.7859406,0.4188347,0.01871566,-0.2840783,1.1343614,-0.47307432,0.6519202,-1.4063424,-0.082514495,-0.5673456,-0.17291586,-0.51201427,0.06983742,-0.68901986,0.8010918,-0.37101436,1.1602712,1.6627537,0.5753461,-0.08251451,0.7793643,-0.8266591,1.0752783,0.6532344,0.6580891,-0.08251451,0.5197551,-0.41729987,0.33317402,1.0
ID1,-0.33055896,-0.17416754,-0.270532,-0.44828185,-0.6200142,-0.21179092,-0.47849283,-0.12334365,0.3128605,-0.35979557,0.36587474,-0.2237267,-0.3977495,-0.3678864,0.24430442,-0.5667236,-0.51908606,-0.020795275,-0.50386256,-0.05482761,-0.59832484,-0.46069458,-0.5566669,-0.38725817,-0.5363218,-0.6031975,-0.55500746,-0.4325275,-0.44564253,-0.52552146,-0.52576,-0.35916507,0.028280016,0.92031866,-0.49741173,2.4559336,1.3589023,-0.27932608,1.0023752,0.4671799,0.08985423,-0.4567125,2.148327,0.28084022,0.15017247,-0.19798477,-0.36652732,-0.6447821,1.1343614,-0.18937938,0.6519202,0.73729146,-0.36704567,-0.5673456,-0.16559194,-0.48929983,-0.5006716,-0.5226067,-1.460632,0.17944165,-0.925058,-1.4105103,-1.4319766,-0.3670457,0.45755738,-0.5430746,0.7294609,0.23501639,0.39702955,-0.3670457,-0.47000965,-0.17837983,0.88476866,1.0
TG,-0.33055896,3.1625772,2.5636885,4.260602,4.903334,1.8672099,6.211958,5.0306,1.8641896,-0.35979557,2.816972,2.026032,1.555985,0.9613267,1.8878869,3.7020123,-0.230481,0.6941158,2.4921691,-0.21931596,2.6349044,3.3533504,2.7014387,1.6062554,3.322825,2.5888531,4.1451855,3.1742845,1.8476452,3.695153,1.1145352,1.1793965,0.5619104,-0.34641647,2.441654,1.6034344,-0.43946728,-0.31904215,-0.4914771,1.2871144,-0.554099,-0.7703214,-0.59938645,-0.3515829,2.945371,0.52965766,-0.14955895,0.8763896,-0.88155335,-0.41180685,0.6519202,-1.1541501,-0.24849103,-0.5673456,-0.18026744,-0.8300165,-0.5006716,-0.02336703,-0.16985331,-0.30677518,0.29164836,-0.13297316,-0.22817145,-0.24849103,0.36368465,-0.33915672,0.5902905,0.40391213,0.17830394,-0.24849103,-0.37103316,-0.088784836,0.027845569,1.0
PTPRB,2.6418927,1.1413542,-0.270532,0.3372731,2.0571003,1.8071507,6.7385263,0.14774983,-0.4638414,-0.35979557,1.1239022,2.529519,-0.14748423,3.4723437,1.7199947,1.9458989,1.1601382,0.43473935,-0.053243514,1.1690161,-0.5578218,0.4255718,1.4295748,-0.4307955,-0.13830593,-0.49030873,4.4329967,-0.34274963,-0.49632403,0.22343415,-0.41150442,0.8193225,-0.5854597,1.5665131,-0.52592206,0.14435306,-0.57390314,-0.5541465,2.684408,-0.66535807,0.0790266,0.5499672,0.369086,1.2975268,-0.417152,2.4412415,1.2958956,2.307787,1.1343614,-0.47307432,0.6519202,0.6111953,-0.3907566,-0.5673456,-0.17269827,0.6842796,-0.5006716,0.6090031,-0.41719067,1.2799066,-0.78625494,1.0138776,-0.48221657,-0.3907566,0.22869574,0.9755005,-0.2784703,0.53259456,0.5169758,-0.3907566,-0.37103316,-0.26797485,0.84473115,1.0
IRS4,-0.33055896,1.5033622,1.1363276,1.9204708,1.3839498,1.5994639,2.4554887,0.14636049,1.8720776,0.8816653,2.8261054,0.5530277,1.0158376,2.3158107,-0.5948769,-0.5667236,1.2629068,-0.2918186,3.8364248,-0.5068517,0.78702575,0.30926678,1.2340865,0.15728424,0.39160988,0.33950722,0.7586639,0.25958505,3.5333664,-0.43011475,1.1347427,-0.50947815,-0.6946801,-0.8002939,-0.8073839,1.2957222,-0.8313355,-0.772292,-0.82211196,5.3788238,1.4202963,-0.80251473,-0.84492457,-0.83297426,-0.8262427,-0.040125813,-0.8222144,-0.6571895,-0.88155335,-0.503708,-1.53393,-1.6585345,0.27314943,1.7625941,-0.13650635,-0.21004581,-0.33766904,-0.25634554,-0.38205826,-0.46835622,-0.13997552,-0.52934086,-0.34380972,0.27314946,-0.016223628,0.38575494,-0.22786288,0.25914437,0.04424633,0.27314946,-0.42052144,0.59811026,0.80599976,1.0
ELF3,-0.33055896,-0.17421126,1.1460841,-0.44828185,0.9811485,-0.21541551,0.007535715,-0.12334365,4.2047544,-0.35979557,-0.45563754,-0.22664028,0.73656744,-0.3678864,-0.5948769,1.1413666,1.1655141,1.0130134,0.60142463,-0.04288531,0.13864386,-0.15814435,1.5217848,0.03531589,2.0074384,0.23379153,0.35784787,0.24586532,-0.08162556,0.7459258,0.4751103,3.1212378,0.010304209,-0.56520045,-0.4494433,-0.63826483,-0.56787646,1.1722413,0.38133675,1.855437,-0.82139444,-0.75097156,-0.39753687,1.5607463,-0.29366267,-0.7724267,3.9909532,0.6708635,-0.88155335,-0.40204233,0.6519202,-0.27147737,-0.5330222,-0.5673456,-0.18233685,-0.8300165,-0.5006716,-0.18978028,0.3305551,-1.1305814,0.9446466,-0.49162725,0.21867335,-0.53302217,0.3577587,-0.96746016,0.8306757,-0.1349457,0.24886061,-0.53302217,-0.42052144,-0.41729987,-0.53237194,1.0
TFPT,-0.33055896,-0.17444432,-0.270532,-0.44828185,-0.21849796,-0.21174242,-0.47849283,-0.12334365,-0.4638414,-0.35979557,-0.45563754,-0.41670507,-0.3977495,-0.3678864,-0.5948769,-0.5667236,-0.45918345,-0.59234023,-0.46976388,-0.5188554,-0.5597823,-0.5443714,-0.58202606,-0.33987838,-0.45529455,-0.6091233,-0.5532421,-0.4954431,-0.476566,-0.44771263,-0.57982826,-0.49469075,-0.3610235,0.29585087,-0.47196728,-0.27226326,-0.6043851,-0.60094976,-0.6990483,-0.30224022,0.16145779,-0.5419782,-0.1856812,-0.026658257,-0.74126565,-0.85622096,-0.6523409,-0.43803772,-0.88155335,1.8086874,0.6519202,0.4850993,-0.1536473,-0.5673456,-0.17977346,0.22219658,-0.2561677,-0.7888678,-0.071673416,0.4008743,-0.1350801,0.45838898,-0.5697906,-0.1536473,0.21604256,0.0839843,0.3794262,0.4119548,-0.2450359,-0.1536473,-0.17308022,-0.088784836,0.57792765,1.0
TRIM33,0.42171338,0.1523788,-0.270532,0.33916453,-0.23137417,0.043773144,0.95174646,0.1480371,-0.4638414,-0.35979557,-0.45563754,0.33741218,0.45134425,-0.3678864,1.0132082,2.8380885,-0.5423787,-0.56492245,-0.48438847,-0.512924,-0.6033865,-0.54649794,-0.56888175,-0.4535174,-0.5774469,-0.5971628,-0.5819189,-0.52229327,-0.5008373,-0.5038497,-0.57726586,-0.53858006,-0.27937707,-0.65518785,-0.5788841,-0.8190919,-0.0875142,-0.4796011,-0.6242924,-0.3041046,-0.67292225,-0.78799367,-0.559644,-0.7582733,-0.5891243,-0.6947987,-0.76825815,-0.111746125,1.1343614,0.10896643,0.6519202,0.73729146,-0.46188942,-0.5673456,-0.18233685,2.3500051,-0.011663832,0.5424379,0.28773972,-1.126944,0.91871434,-0.5295387,0.17779379,-0.4618894,-3.0336452,-0.2335861,-1.41292,-3.6495855,-3.166081,-0.4618894,-0.2720567,-0.41729987,-1.9262859,1.0
CRTC1,0.420209,-0.5097135,-0.270532,1.1294578,-0.6200142,0.047090195,-0.47849283,-0.12334365,-0.4638414,-0.35979557,-0.45563754,0.5136521,-0.11452122,-0.3678864,1.0421258,1.1384693,0.053853974,-0.50612575,-0.44499683,-0.3830586,-0.6561657,-0.4056258,-0.50751555,0.033550534,-0.2612186,-0.43552217,-0.33746496,-0.2603989,-0.4036601,-0.4896825,-0.54675657,0.5005127,-0.23081242,-0.5282369,-0.7251079,-0.47896376,-0.7424744,-0.7326174,-0.5971947,-0.19132073,-0.6222287,-0.27273503,-0.23961605,-0.65108633,-0.8172585,-0.54817915,-0.7423273,0.17055483,1.1343614,-0.31673667,0.6519202,0.73729146,-0.43817848,-0.5673456,-0.18212985,-0.8300165,-0.5006716,0.043198198,-0.34259048,-0.64279324,0.34235892,-0.8218153,-0.54603624,-0.43817845,0.6238885,-0.6235444,0.8686313,0.34761357,0.59458816,-0.43817845,-0.47000965,-0.26797485,0.27556068,1.0
RUNX1T1,-0.33055896,1.2855674,2.4118278,0.3276395,1.5009587,1.0240282,1.6109389,0.14429714,0.8812327,0.7671038,1.1415008,1.4267055,2.3196483,2.092744,0.17650554,1.088438,0.122000694,1.327539,1.506076,-0.5093607,1.5778345,2.3639011,0.19615911,0.2751132,0.13768205,2.93289,1.4550368,1.4249711,2.5910544,-0.09266588,4.399909,-0.07781743,-0.5602407,1.6835041,1.1973864,0.7234505,-0.07345545,-0.11876914,1.1828765,1.4395182,2.8891926,0.64120585,-0.44142962,3.3928907,0.41538683,1.311173,2.4834244,1.937166,1.1343614,-0.503708,-1.53393,0.42205122,-0.48560035,-0.5673456,-0.18191531,-0.8300165,0.06983742,1.0416776,-1.3363996,0.4704064,-0.43530205,-0.87591124,-1.8791877,-0.48560032,0.61921954,-0.65188867,0.9065868,0.37978417,0.46053052,-0.48560032,-0.47000965,-0.32770485,1.5801146,1.0
COX8A,-0.33055896,-0.5097135,-0.270532,-0.44828185,-0.6200142,-0.4742777,-0.47849283,-0.12334365,-0.4638414,-0.35979557,-0.45563754,-0.610674,-0.3977495,-0.3678864,-0.5948769,-0.5667236,-0.575375,-0.42658094,-0.5270897,-0.34365234,-0.42044434,-0.35905105,-0.44854298,-0.29150623,-0.37774116,-0.5896461,-0.45585018,-0.4711218,-0.4833391,-0.57720065,-0.50967795,-0.430908,0.07637598,-0.08836311,0.07117678,-0.7626062,-0.09677814,-0.123724215,-0.6673548,-0.42304498,-0.5688285,-0.46645543,-0.57313114,-0.36020145,0.005403882,-0.4229559,-0.3469364,-0.093387954,-0.88155335,-0.0075618313,0.6519202,0.73729146,-0.27220196,-0.5673456,-0.17254172,-0.8300165,-0.33766904,0.009915628,0.1224067,1.1711602,-1.5581962,-0.18930969,0.5284442,-0.27220196,0.72660524,-0.6071796,0.74211276,0.34761357,0.67220044,-0.27220196,-0.024615495,-0.32770485,0.874247,1.0
ABCB1,1.9247587,-0.175008,-0.270532,3.492785,2.9415712,0.55646425,2.4098291,-0.12334365,0.2994798,-0.35979557,1.9846146,1.0797544,0.97649133,2.2534068,1.8136032,0.2843803,-0.59991425,-0.59486717,-0.56698436,-0.5535382,-0.66282326,-0.57277435,-0.60041165,-0.4826095,-0.6327475,-0.62440443,-0.58754885,-0.5427524,-0.53311604,-0.5980372,-0.5872617,-0.5531918,0.8681816,1.8526999,0.661194,-0.63735044,-0.43437618,0.47010922,0.7406383,-0.46931478,1.586796,0.22875586,-0.73889244,2.688344,1.1025217,1.2345324,2.2466455,-0.5041114,1.1343614,-0.47307432,0.6519202,0.42205122,-0.5330222,-0.5673456,-0.18233685,-0.8300165,-0.33766904,-0.35619348,2.2271326,-1.1305814,2.039254,1.2754401,2.0293057,-0.53302217,0.9390422,-0.96746016,1.1807104,0.53259456,0.8344807,-0.53302217,-0.42052144,-0.41729987,-2.5445933,1.0
FAT1,3.3987176,3.7754676,7.8483486,-0.44828185,2.7105184,21.644112,4.711396,0.14790018,7.961953,2.0964293,1.1601596,4.990664,2.8566406,3.569604,3.4500973,8.749535,-0.2388658,0.25600874,-0.24884251,-0.42833656,2.7905216,-0.45051852,0.54619193,-0.10180685,-0.38952318,-0.5677678,-0.3534524,-0.3027672,0.0019098581,0.21753828,-0.28052196,-0.5231881,-0.525774,0.569595,-0.47494048,0.022895304,0.4979901,0.7822135,0.22523709,-0.2808352,-0.44851372,0.061978146,0.8575403,-0.8312406,-0.394369,-0.0020372774,-0.1884648,0.29914564,1.1343614,-0.42512584,0.6519202,0.4850993,-0.5330222,-0.5673456,-0.18233685,-0.8300165,0.06983742,-0.68901986,0.27919185,-1.1305814,0.9150024,-0.53948313,0.16963765,-0.53302217,-1.442119,-0.96746016,-0.2531666,-2.2019079,-1.5644451,-0.53302217,-0.42052144,-0.41729987,-1.8672731,1.0
FES,1.1706295,1.1581911,-0.270532,1.1057492,0.16414575,0.04837003,-0.47849283,-0.12334365,-0.4638414,-0.35979557,0.3629645,-0.051474255,0.16028666,-0.3678864,0.23369633,-0.5667236,2.7796917,3.4338992,0.74392474,2.9477966,-0.2085084,1.3219883,1.9141383,-0.29186586,0.41088182,1.8277106,2.3349466,1.7656019,0.91731256,2.8750787,1.1807927,3.642537,-0.1375582,0.31976503,0.1056516,0.3866631,-0.53854233,-0.6350835,-0.15058029,-0.5298297,-0.1146851,-0.65321237,-0.19971569,0.22680217,0.22712646,0.48754683,0.3310983,-0.30351958,1.1343614,-0.35716292,0.6519202,0.73729146,-0.058803562,-0.5673456,-0.14924717,0.3057056,-0.2561677,-0.7555852,-0.3378912,1.2819325,-0.5075686,0.3861277,-0.44626945,-0.058803573,0.4464686,0.6336095,-0.23208016,0.49238133,0.7498127,-0.058803573,0.024872743,-0.088784836,0.75099593,1.0
HMGA1,-0.33055896,-0.5097135,-0.270532,-0.44828185,-0.6200142,-0.4742777,-0.47849283,-0.12334365,0.31097755,-0.35979557,-0.45563754,-0.610674,-0.1139878,-0.3678864,1.0501264,-0.5667236,-0.45848954,-0.5920767,-0.5332115,-0.4987548,-0.605441,-0.55061615,-0.56083816,-0.44965246,-0.5877771,-0.5799744,-0.52487206,-0.5169213,-0.49139017,-0.4561607,-0.5631557,-0.4174137,-0.0049750963,0.39875114,0.5829554,-0.7875713,0.03441352,-0.32563493,1.3940697,0.3682327,0.48963267,2.230632,1.2541338,2.0237944,0.5148773,1.6763494,2.1200233,0.068059854,-0.88155335,-0.063156806,0.6519202,0.73729146,-0.3907566,-0.5673456,-0.17839533,-0.52715725,0.31434134,4.3699417,-1.5903763,-0.52114296,-0.4573963,-1.8878309,-1.5513209,-0.3907566,0.58586997,-0.47891706,0.7885029,0.45216808,0.40408522,-0.3907566,-0.47000965,-0.20824485,0.4858287,1.0
FGF8,-0.33055896,-0.17393187,-0.270532,-0.44828185,-0.6200142,0.04979398,-0.47849283,-0.12334365,0.30895892,-0.35979557,-0.45563754,-0.417476,-0.3977495,-0.3678864,-0.5948769,-0.5667236,-0.5753947,-0.5382394,0.19627734,-0.3256275,-0.13771759,0.028117863,-0.46421167,-0.122616395,-0.56818557,0.24665672,-0.102359295,0.02582836,0.04319813,0.2679913,-0.49126562,0.08950065,-0.6946801,-0.8002939,-0.6998741,-0.819708,-0.08168145,0.53864986,0.0757002,-0.74307054,-0.75265014,0.19323021,-0.84492457,-0.6855549,-0.05462381,-0.8221638,-0.27277553,-0.6571895,1.1343614,-0.16482246,0.6519202,-1.9107268,0.9133447,1.7625941,-0.15342079,1.0921226,-0.33766904,-0.7555852,1.0904617,1.4086435,-0.32588872,2.2352057,0.6983159,0.9133446,0.30771813,1.4652941,-1.265315,1.0392818,0.31588942,0.9133446,1.954914,-0.029054826,-0.42093346,1.0
ARHGEF10,-0.33055896,-0.1786203,2.4507253,0.33807993,1.2601169,0.041395955,-0.0063290717,0.63793766,1.8304658,0.85617715,-0.45563754,0.31013763,0.44637454,-0.3678864,0.114626296,0.27770883,-0.3434294,-0.2661103,0.2207365,-0.51956654,-0.44955832,-0.1040064,0.4182087,-0.21753396,-0.48413375,1.7457019,1.944838,-0.14275806,0.48424742,0.23616426,-0.4831189,-0.51192486,0.18463382,0.52571964,-0.7519884,-0.25760752,-0.3132897,-0.3889078,0.7588581,-0.24828343,0.71511745,0.6308401,-0.6708838,0.7439815,-0.18947993,0.950101,0.27251503,-0.2853073,1.1343614,-0.503708,-1.53393,0.42205122,-0.48560035,-0.5673456,-0.18226025,-0.8300165,0.06983742,-0.7555852,-0.063147105,-0.11647477,0.25698447,-0.4850765,0.22186576,-0.48560032,-0.06478065,0.50648427,0.033608805,-0.08668978,0.26297194,-0.48560032,-0.37103316,-0.38743487,-0.31402236,1.0
NCKIPSD,-0.33055896,0.16092555,-0.270532,0.3409016,-0.2265517,-0.21197186,-0.47849283,0.14790078,-0.4638414,-0.35979557,-0.45563754,-0.41891834,-0.3977495,-0.3678864,-0.5948769,0.2868155,-0.500567,-0.5578028,-0.4240513,-0.5146212,-0.11450859,-0.55939,-0.58287555,-0.22358845,-0.46711802,-0.43334004,-0.37626013,-0.43122163,-0.3707472,-0.48032323,-0.537516,-0.05282851,-0.2740422,-0.45410028,-0.45846015,-0.545973,-0.5933264,-0.53403246,-0.4212722,-0.19138463,-0.36786002,-0.7678046,0.13578337,-0.79688257,-0.78625095,-0.8585397,-0.74491763,-0.4077834,-0.88155335,-0.43877187,0.6519202,0.73729146,-0.5330222,-0.5673456,-0.18233685,-0.8300165,-0.33766904,1.840461,0.2858721,-1.1305814,0.9188578,-0.53325903,0.17601518,-0.53302217,-0.7697911,-0.96746016,0.1516928,-1.429813,-0.8871014,-0.53302217,-0.42052144,-0.41729987,-1.1489451,1.0
NQO1,0.42196354,-0.5097135,-0.270532,-0.44828185,-0.6200142,0.042732242,-0.47849283,-0.12334365,-0.4638414,-0.35979557,0.3609747,-0.23163807,-0.114837885,-0.3678864,-0.5948769,-0.5667236,-0.5550402,-0.49226928,-0.53429085,0.4842426,-0.6178687,-0.42182133,-0.5790199,0.27435786,-0.5633059,-0.55325854,-0.020736786,-0.4267689,-0.5208444,-0.37605542,-0.5040367,-0.2454741,-0.08746515,-0.41121653,0.9017438,-0.1803457,-0.44299936,-0.70529157,1.656296,-0.72819024,-0.31098753,-0.7421179,1.9850379,0.6833415,0.51480806,0.9225806,-0.13130648,-0.34952506,-0.88155335,-0.47307432,0.6519202,0.6111953,-0.48560035,-0.5673456,-0.18137118,-0.8300165,-0.5006716,-0.35619348,-0.97213024,-0.42135048,-0.12003405,-1.3461292,-0.8755875,-0.48560032,0.56552666,-0.5088677,0.79272014,0.33152825,0.53108716,-0.48560032,-0.47000965,-0.32770485,-0.46522534,1.0
NFIB,0.41752696,0.1304488,-0.270532,-0.44828185,-0.6200142,-0.21204655,0.4570731,-0.12334365,-0.4638414,-0.35979557,-0.45563754,1.5460482,-0.1666655,-0.3678864,0.8154399,-0.5667236,-0.59991425,-0.59486717,-0.56698436,-0.5535382,-0.66282326,-0.57277435,-0.60041165,-0.4826095,-0.6327475,-0.62440443,-0.58754885,-0.5427524,-0.53311604,-0.5980372,-0.5872617,-0.5531918,-0.30466643,1.7952468,-0.4710234,-0.17830227,-0.5165132,0.2713949,0.05364938,-0.6087815,1.2718624,0.2839201,-0.6512245,-0.18553269,-0.52988714,0.4188664,0.16694635,-0.52784663,1.1343614,-0.41180685,0.6519202,0.6111953,0.059751067,-0.5673456,0.30798,-0.6930309,0.06983742,2.4395483,-1.1013258,1.758977,-1.3082825,-0.34423515,-0.31218258,0.059751082,0.36853316,0.07794479,0.29086322,0.31544295,0.60869944,0.059751082,0.07436098,0.03067518,-0.53070426,1.0
BCL9L,0.42132896,1.4847379,2.5605178,1.0986847,2.0670633,0.30618426,0.9864971,-0.12334365,-0.4638414,-0.35979557,0.35747322,0.31729096,1.5811412,0.95476115,0.9771694,1.9886413,-0.5581532,-0.55273676,-0.5280618,-0.4678672,-0.5955782,-0.4984541,-0.49363562,-0.36073142,-0.54303074,-0.51239675,-0.5562193,-0.4825591,-0.47156245,-0.51954234,-0.52839893,-0.43532994,-0.04841548,-0.37704542,-0.6255479,-0.13943613,-0.59327316,-0.62996167,-0.5743221,-0.1673887,-0.2956126,-0.44772515,0.17288332,-0.36527705,-0.64121395,-0.42938563,-0.49255872,-0.29004395,-0.88155335,-0.30037668,0.6519202,0.73729146,-0.5330222,-0.5673456,-0.18233685,-0.8300165,-0.41917032,1.7738956,0.29104546,-1.1305814,0.92184365,-0.5284389,0.18095407,-0.53302217,-0.46164086,-0.96746016,0.33725333,-1.0759362,-0.57665217,-0.53302217,-0.42052144,-0.41729987,-1.6374525,1.0
ATRX,3.4164479,2.0760305,2.47763,2.7023492,0.91220146,3.2108955,1.8893,0.9514898,2.5077136,-0.35979557,0.35938925,2.3375537,1.5478724,2.2677655,6.4696636,-0.5667236,-0.466564,0.8958342,0.3704771,-0.5326607,3.6512706,-0.49404663,-0.50502956,0.7172874,0.9315643,0.86505264,0.37993962,-0.12749979,-0.39371756,-0.07349454,-0.45095986,0.09609073,-0.35182443,-0.28537184,-0.40743047,-0.26023084,0.009492863,-0.75833255,-0.63712645,-0.2904673,0.13905177,-0.2778374,-0.78477985,-0.26481542,-0.11153153,-0.6329078,-0.41775948,-0.1472964,-0.88155335,-0.34789857,0.6519202,0.73729146,-0.082514495,-0.5673456,-0.1795882,1.8981073,-0.41917032,-0.42275876,0.2813777,0.5085506,-0.4228201,0.44799724,0.050897345,-0.08251451,0.5275915,-0.29305568,0.42159906,0.48433867,0.34763992,-0.08251451,-0.17308022,0.000810178,0.46035218,1.0
TCL1A,-0.33055896,-0.5097135,-0.270532,-0.44828185,-0.6200142,-0.21257018,0.50119114,-0.12334365,-0.4638414,-0.35979557,-0.45563754,-0.610674,0.4475554,-0.3678864,-0.5948769,-0.5667236,0.7843515,4.0640235,0.2912421,1.4559839,0.4781924,0.6372602,0.63312507,0.1461696,1.3758891,2.06748,-0.007047814,2.8322024,0.24369971,0.9748627,1.1159168,1.8993437,-0.17995347,-0.10971305,5.6451287,1.8809507,0.29525924,-0.13765667,-0.77799463,1.7049053,2.1747336,-0.19645424,1.1902218,-0.3310911,7.2720695,-0.41719252,-0.5869198,0.04250973,-0.88155335,-0.503708,-1.53393,-1.2171981,-0.48560035,-0.5673456,-0.18233497,0.22999083,-0.33766904,-0.7555852,0.27673346,-1.0615509,0.8825628,-0.5104741,0.18653195,-0.48560032,-0.50833035,-0.20422503,0.02939152,-0.8185713,-0.42848316,-0.48560032,-0.37103316,-0.38743487,-1.0412377,1.0
SH2B3,-0.33055896,0.15961803,-0.270532,0.34124488,-0.6200142,-0.4742777,-0.47849283,-0.12334365,-0.4638414,0.87902904,0.35902652,0.15387857,-0.3977495,-0.3678864,-0.5948769,0.28776833,0.6311352,0.27358943,-0.36532632,-0.23704432,-0.412604,-0.09537524,-0.38372576,1.5922889,-0.44571006,-0.27140978,-0.0725481,-0.24683778,-0.3757117,-0.3896596,-0.4961326,0.13481094,0.57772577,-0.11442077,0.076971315,-0.63139355,0.18102999,0.55776185,0.6044262,0.00048190795,-0.14441837,0.15829583,-0.7181865,0.23578222,0.083450966,0.71626323,0.18699434,-0.5610034,1.1343614,-0.41180685,0.6519202,0.73729146,-0.31962383,-0.5673456,-0.18131107,0.08865653,-0.41917032,0.9085469,-0.40736488,-0.72533876,0.2909701,-0.82485616,-0.49401772,-0.31962383,0.2870242,-0.1639552,0.19386564,0.08220596,0.26649976,-0.31962383,-0.47000965,-0.11864983,0.96584076,1.0
SPEN,4.1733713,4.4374533,1.132462,2.7075589,2.895101,3.3928573,0.0007530075,2.2673373,1.0768253,-0.35979557,1.1743351,1.6551523,0.44158044,-0.3678864,0.9779177,2.841208,-0.54473835,-0.5187602,-0.55529994,-0.5066238,-0.6262137,-0.52563167,-0.48503283,-0.43827304,-0.5734925,-0.52034706,-0.5772734,-0.49129808,-0.5089182,-0.55190814,-0.5594243,-0.49147397,-0.6435909,-0.15833054,-0.70763844,-0.7958265,-0.48752132,-0.5293538,-0.44970486,-0.6989762,-0.77157664,-0.6717102,-0.65915865,-0.38708094,-0.7461992,-0.7080451,-0.8007387,-0.5521555,-0.88155335,-0.13401468,0.6519202,0.73729146,-0.43817848,-0.5673456,-0.18102583,1.0779966,-0.09316515,0.07648086,-0.24125658,0.85342604,-0.45232272,-0.09776284,0.16426456,-0.43817845,0.4586079,0.053015936,0.39207804,0.37978417,0.55225414,-0.43817845,-0.32154492,-0.35756984,0.2552099,1.0
TRIM27,-0.33055896,-0.1749237,-0.270532,-0.44828185,-0.6200142,0.5735362,0.012123041,-0.12334365,-0.4638414,2.1167734,-0.45563754,-0.038672127,-0.11761185,0.96790016,0.24365734,-0.5667236,-0.5799055,-0.5026239,-0.408931,-0.44577435,-0.58883077,-0.46125752,-0.5167692,-0.4459625,-0.3890696,-0.608592,-0.53420925,-0.3555086,-0.51370853,-0.56895053,-0.5345008,-0.46936107,-0.56294954,-0.75712425,-0.01817003,-0.14885259,-0.05754535,-0.42285565,-0.108581625,-0.67579603,-0.40723675,-0.75370514,0.050730374,-0.8316329,-0.11828234,-0.72940755,-0.71906745,-0.50537986,1.1343614,-0.4112847,0.6519202,-0.14538121,-0.3907566,-0.5673456,-0.18134964,1.1385684,-0.33766904,-0.056649685,-0.73209023,-1.0481495,0.31229094,-1.3831419,-0.81939167,-0.3907566,-1.6782342,2.7001379,-1.41292,-0.19124429,-2.8344648,-0.3907566,-0.47000965,-0.20824485,-0.29084042,1.0
MME,0.41662505,0.16011702,1.0359029,0.33831817,0.5772114,0.545507,0.92218274,-0.12334365,0.3113588,-0.35979557,-0.45563754,-0.05401148,0.16324076,2.2666562,0.109782204,0.27908328,-0.59991425,-0.59486717,-0.56698436,-0.5535382,-0.66282326,-0.57277435,-0.60041165,-0.4826095,-0.6327475,-0.62440443,-0.58754885,-0.5427524,-0.53311604,-0.5980372,-0.5872617,-0.5531918,0.50678,3.786954,0.38071173,2.0960586,-0.5537692,1.2608206,3.3161674,0.08189631,-0.45199865,0.6037729,3.0366147,1.1892251,1.0285811,1.6632305,-0.12639222,3.257624,1.1343614,-0.503708,-1.53393,-0.08233329,-0.5330222,-0.5673456,-0.18233685,-0.8300165,-0.33766904,-0.7555852,0.6087915,-1.1305814,1.1052303,-0.23239058,0.4843012,-0.53302217,0.84099436,-0.96746016,1.1216685,0.41999745,0.73570144,-0.53302217,-0.42052144,-0.41729987,-2.8093314,1.0
ZNF521,0.4218157,0.16014804,-0.270532,2.679239,4.0898914,0.53349656,1.8948808,0.13933283,-0.4638414,0.8727406,0.36217633,0.71064836,1.0068197,2.2928782,-0.5948769,-0.5667236,-0.4702231,-0.32670814,-0.562305,-0.5170573,-0.35748768,-0.51979923,-0.29955384,-0.43375546,-0.5609872,-0.50594956,-0.3183925,-0.5381346,-0.51316065,-0.47043335,-0.18622038,-0.5070309,-0.38523772,0.7825542,0.13912348,0.21623744,-0.33189914,-0.6692086,0.46001238,0.43489432,1.7969553,-0.14003587,-0.4637383,2.8748705,0.09438909,0.755627,2.3102245,2.2008412,1.1343614,-0.47023782,0.6519202,0.5481474,-0.43817848,-0.5673456,-0.18220912,1.0779966,-0.5006716,-0.7888678,-0.7553723,-0.3705312,-0.0148565965,-0.9216846,-0.6969933,-0.43817845,0.5874707,-0.5164235,0.79693747,0.47629604,0.48875317,-0.43817845,-0.47000965,-0.26797485,0.8631574,1.0
CRTC3,-0.33055896,-0.17639652,-0.270532,-0.44828185,-0.23385316,-0.21329813,-0.47849283,0.14798771,1.0758078,-0.35979557,0.3610265,-0.04198659,0.15706939,-0.3678864,0.24282375,1.138444,-0.54285824,-0.56571156,-0.56489414,-0.5143547,-0.33411896,-0.5044682,-0.5965462,-0.367026,-0.5289052,-0.5810402,-0.527702,-0.4513147,-0.45547193,-0.476343,-0.5629209,-0.49960533,-0.38536736,-0.32538012,-0.44303644,-0.24266617,-0.24658091,-0.7397645,-0.10248969,-0.08525918,-0.041345388,-0.7139794,-0.678885,0.47315627,-0.77542186,-0.2936998,0.03874941,-0.36269218,1.1343614,-0.38117313,0.6519202,0.73729146,-0.48560035,-0.5673456,-0.18232064,-0.8300165,-0.5006716,0.14304617,0.3782477,-1.0510068,0.9516923,-0.38904834,0.23850502,-0.48560032,0.54451644,-0.684936,0.87706584,0.27522966,0.37586257,-0.48560032,-0.32154492,-0.41729987,-1.0259823,1.0
CBLC,0.4231925,-0.5097135,-0.270532,-0.44828185,-0.21732329,-0.4742777,-0.47849283,-0.12334365,-0.4638414,-0.35979557,-0.45563754,-0.41804343,-0.3977495,-0.3678864,-0.5948769,0.2878099,0.9291858,-0.23586357,-0.0065971888,-0.34629026,2.4120717,-0.4982612,0.8643102,-0.0011482193,0.6979341,-0.58872086,-0.4719664,0.2842383,0.0026866235,1.2473143,0.408063,1.3338522,2.4549148,0.31108227,-0.015277378,0.89789313,-0.38521397,-0.6864881,2.3897526,1.339897,0.551649,0.06485265,-0.49808773,1.3303277,-0.06734271,2.418784,3.9197056,0.065083854,1.1343614,-0.503708,-1.53393,-0.46062148,-0.41446754,-0.5673456,-0.18232179,1.5019995,0.06983742,-0.7888678,0.08912008,-0.17323686,0.27116165,-0.056150626,-0.093410596,-0.41446754,0.107970245,0.356507,0.02939152,0.34761357,-0.029838147,-0.41446754,-0.37103316,-0.29783985,1.0203166,1.0
PPM1D,-0.33055896,-0.5097135,-0.270532,0.32844216,-0.2185498,0.30896318,0.496053,1.7659434,0.30993447,-0.35979557,0.36575422,-0.41829258,-0.3977495,-0.3678864,0.23925832,1.1432588,-0.5351232,-0.5668553,-0.55010295,-0.49817756,-0.62203497,-0.56624174,-0.57780206,-0.40507522,-0.56630725,-0.6140872,-0.5392119,-0.49637768,-0.5040727,-0.47850418,-0.55932647,-0.54341125,-0.42354104,-0.101603895,-0.3999444,-0.44733563,-0.67660517,-0.22109771,0.28717303,-0.31114498,-0.36664882,-0.750805,-0.70220095,-0.12397476,-0.39326113,0.054309357,-0.4367348,-0.3126993,-0.88155335,0.13960014,0.6519202,0.5481474,-0.46188942,-0.5673456,-0.18195094,-0.3000128,-0.33766904,0.7421338,-0.6961851,-0.6009739,0.16573684,-1.1386381,-0.7660585,-0.4618894,0.08812721,0.49854395,0.016739663,0.15458985,0.2594441,-0.4618894,-0.47000965,-0.29783985,0.25770047,1.0
CDX2,-0.33055896,-0.5097135,-0.270532,-0.44828185,-0.6200142,-0.21466337,0.010940488,-0.12334365,-0.4638414,-0.35979557,-0.45563754,0.15978816,-0.11730586,-0.3678864,1.0762466,-0.5667236,2.3827963,2.8113804,0.4776433,3.7201657,1.1520437,3.891373,5.700919,1.4368888,3.999612,4.0197434,0.9251035,5.9600782,1.2284626,5.278664,3.8610415,3.2450414,-0.6946801,-0.8002939,0.5248758,-0.49602273,3.9331927,-0.772292,-0.2954938,-0.74307054,0.6131286,3.5262647,-0.84492457,-0.83297426,-0.12584683,-0.5573523,-0.8222144,-0.6571895,1.1343614,-0.40858224,0.6519202,-1.5954865,-0.48560035,-0.5673456,-0.049160354,-0.8300165,-0.5006716,-0.2896282,-0.03661832,2.4316092,-0.74613774,1.2754401,0.15322882,-0.48560032,0.78029805,-0.4596372,0.8981523,0.53259456,0.82742506,-0.48560032,-0.37103316,-0.38743487,-0.9952049,1.0
RASSF2,-0.33055896,0.16129827,-0.270532,0.34019643,0.5715709,0.049609814,0.00808203,-0.12334365,-0.4638414,2.1087446,0.3631265,0.14750186,-0.11342866,-0.3678864,-0.5948769,-0.5667236,-0.08917238,2.2039618,2.7372992,1.8101429,2.9682975,2.0826163,1.3266807,0.07972129,0.23472399,2.2305431,0.5671742,0.14907648,3.2184248,0.8061059,1.8414828,1.2267561,1.5070833,-0.582687,1.0689726,-0.416546,-0.6222766,-0.4059134,0.89067376,-0.24123134,0.9678065,0.007950466,-0.3036152,1.3909401,0.81877,1.4288473,1.1153281,0.23443124,1.1343614,-0.42512584,0.6519202,0.6111953,-0.5330222,-0.5673456,-0.18233685,-0.8300165,-0.33766904,0.5091552,0.5183252,-1.1305814,1.053018,-0.31667924,0.3979345,-0.53302217,0.79897386,-0.96746016,1.0963647,0.37174153,0.6933674,-0.53302217,-0.42052144,-0.41729987,-2.6037087,1.0
LPP,-0.33055896,1.1247419,-0.270532,0.33552986,1.5379622,0.01599201,0.8965366,0.41822165,-0.4638414,-0.35979557,0.3409986,0.76299846,-0.18346994,2.1504533,0.9918609,-0.5667236,0.4668384,-0.16589645,-0.030574962,-0.015360565,1.4065232,-0.25592688,-0.5499628,1.0376109,1.2295519,-0.50377274,1.4888827,0.5154711,-0.12557928,0.6981576,0.44270182,0.99765366,-0.56439716,0.37699038,1.1923305,0.80834824,-0.066130765,-0.24264798,-0.81569713,0.27635506,1.509284,-0.2604121,-0.5121189,1.4722385,0.4100238,-0.66052574,1.0870283,-0.6529231,1.1343614,-0.503708,-1.53393,0.73729146,-0.5093113,-0.5673456,-0.18233095,-0.8300165,-0.5006716,3.304897,0.016363079,-0.68899536,0.6215396,-0.55549717,-0.081280805,-0.50931126,0.8129807,-0.90266836,1.0879301,0.41999745,0.70747876,-0.50931126,-0.42052144,-0.38743487,-0.299312,1.0
EXT2,-0.33055896,0.49503663,-0.270532,0.34023204,-0.2228766,0.30459845,-0.0029252798,0.14757496,0.30448574,0.8783507,0.36011994,-0.610674,-0.3977495,2.293535,-0.5948769,0.2845225,-0.47370294,-0.48758507,-0.32314366,-0.5165892,-0.613666,-0.5560331,-0.5642085,-0.25668564,-0.55904096,-0.45907772,-0.46009725,-0.51259863,-0.509432,-0.29726884,-0.55659765,-0.3406579,-0.6335899,-0.52938515,-0.67046803,-0.7598017,-0.58469176,0.14216907,-0.7485752,-0.69862336,-0.760258,-0.49906328,-0.63129246,-0.28939405,-0.80606323,-0.63935053,-0.28110814,-0.49311775,-0.88155335,-0.503708,-1.53393,0.73729146,-0.27220196,-0.5673456,-0.17240135,-0.8300165,0.06983742,-0.25634554,-0.10675849,-0.058269083,0.14272666,-0.34423515,-0.12525135,-0.27220196,0.581868,-0.679671,0.8306757,0.25914437,0.52403146,-0.27220196,-0.22256845,-0.20824485,-0.050903387,1.0
SPINT2,-0.33055896,-0.5097135,-0.270532,-0.44828185,-0.21838519,0.049701784,-0.47849283,-0.12334365,-0.4638414,-0.35979557,0.36502585,-0.41742936,-0.3977495,-0.3678864,-0.5948769,-0.5667236,-0.4952787,-0.28530318,-0.12564845,-0.33903953,-0.48208967,-0.3016503,0.34812793,-0.42157206,-0.07684056,-0.3557764,3.1183543,0.31742552,-0.32514703,0.08955604,0.13845848,0.032709654,-0.36917198,0.17508315,-0.7458583,-0.6968273,-0.3045766,-0.7689804,0.059631415,-0.7429356,0.2422819,-0.028430006,0.9893345,0.7629288,-0.38247144,-0.019229785,1.8462408,-0.3028395,1.1343614,-0.18937938,0.6519202,0.6742434,-0.48560035,-0.5673456,-0.18232313,1.289998,-0.33766904,-0.5226067,0.73509055,2.0515556,0.27498722,2.1909087,-0.26367718,-0.48560032,0.7125984,-0.42774445,0.85597944,0.5567225,0.67220044,-0.48560032,-0.42052144,-0.35756984,-0.025189966,1.0
CSF3R,1.1683221,0.46842363,-0.270532,-0.44828185,-0.6200142,-0.2124794,0.48845577,0.147451,-0.4638414,4.5350575,-0.45563754,-0.055482473,-0.11530094,0.9564854,-0.5948769,-0.5667236,1.7674202,0.25642946,1.1491954,0.6310141,0.9142657,1.3193,2.5668786,-0.332599,-0.08081424,0.5475307,-0.3597595,0.2155215,1.1577446,1.6931088,-0.03288685,-0.06364449,1.7021056,-0.6552792,-0.5840874,-0.30949548,0.17605294,0.6031155,1.5049409,-0.3015503,-0.2365801,-0.20244578,0.9283124,0.100138254,-0.79653525,1.9052447,-0.3038456,1.3615475,-0.88155335,-0.47307432,0.6519202,0.42205122,1.1504539,1.7625941,0.1483559,-0.40700886,-0.41917032,-0.056649685,-0.09458026,0.7072722,-1.1060727,0.15971267,0.12193353,1.1504539,-0.108357504,1.0269535,-1.5605251,0.18676046,0.033662833,1.1504539,0.86617285,0.9266253,0.7835522,1.0
ELK4,-0.33055896,-0.5097135,-0.270532,-0.44828185,-0.25266522,0.29864573,-0.47849283,0.14287269,-0.4638414,-0.35979557,1.1802518,-0.049775776,0.14031357,-0.3678864,-0.5948769,-0.5667236,-0.51032096,-0.5608867,-0.50228596,-0.54370904,-0.58856237,-0.5503516,-0.58696926,-0.48047546,-0.6048652,-0.505365,-0.53773683,-0.46964338,-0.45642078,-0.46924824,-0.5489104,-0.48821887,-0.548448,-0.63618195,-0.37892836,-0.5695985,0.11929502,-0.33343744,-0.7346625,-0.5902354,-0.7714139,-0.29845205,-0.22258514,-0.42874295,-0.34763214,-0.6705466,-0.598422,-0.5478157,1.1343614,-0.16288598,0.6519202,0.73729146,-0.41446754,-0.5673456,-0.18145566,0.65399367,-0.33766904,2.5393963,-0.5754403,-0.33122778,0.18293425,-0.5228018,-0.78044343,-0.41446754,0.0064206696,0.7096711,-0.016998619,0.36369887,0.14655346,-0.41446754,-0.42052144,-0.26797485,0.84494615,1.0
TBX3,0.42279756,7.870074,-0.270532,2.707869,0.9428075,-0.21670571,1.4375854,-0.12334365,0.28778833,-0.35979557,0.36326793,0.14854228,1.3051336,-0.3678864,0.23180632,0.2880672,1.0786971,-0.45299882,-0.31407708,-0.48103046,1.7621768,-0.4727898,2.1840308,-0.31305075,-0.51305085,-0.5042811,-0.5126584,-0.15763697,-0.28171623,-0.23248596,0.5982662,-0.38813302,0.95127,-0.7356418,0.21897668,-0.34441885,-0.23133291,0.7106683,1.9984455,-0.741945,-0.28053984,0.12702759,-0.702408,2.6239707,0.021804674,0.42859492,0.73829603,1.9439006,1.1343614,-0.47307432,0.6519202,0.5481474,-0.48560035,-0.5673456,-0.087359205,0.22999083,0.06983742,-0.6557372,-1.830395,-0.66786504,-0.51263183,-2.335031,-1.6710091,-0.48560032,-0.81414604,1.8427898,-0.40498886,0.49238133,-1.7761151,-0.48560032,-0.47000965,-0.32770485,-0.60766566,1.0
ZFHX3,0.4190644,1.4580653,1.1029453,8.731213,1.2271901,0.9713199,1.3558137,1.5036607,2.4773993,3.2214375,2.6655242,7.00411,2.3940349,3.5158434,2.2610567,1.1109668,-0.59991425,-0.59486717,-0.56698436,-0.5535382,-0.66282326,-0.57277435,-0.60041165,-0.4826095,-0.6327475,-0.62440443,-0.58754885,-0.5427524,-0.53311604,-0.5980372,-0.5872617,-0.5531918,-0.4954609,-0.51319915,-0.62092704,-0.075180136,-0.02606149,-0.4039083,-0.22105446,-0.30141386,-0.11346107,-0.61267036,-0.6990767,-0.8301849,-0.6515496,-0.17309889,0.034195054,-0.09144829,1.1343614,-0.4091353,0.6519202,0.4850993,-0.46188942,-0.5673456,-0.17806569,0.22999083,-0.5006716,2.2398527,-0.69193935,0.71461195,-0.26762882,0.1311043,-1.0500515,-0.4618894,0.15290882,0.16497096,0.39629534,0.49238133,-0.07569997,-0.4618894,-0.42052144,-0.32770485,0.22651501,1.0
EDEM1,-0.33055896,0.16097985,-0.270532,-0.44828185,-0.22618355,-0.4742777,0.013287984,0.14651911,1.0954353,0.8787236,1.1813847,-0.41981626,0.17054465,-0.3678864,0.20219168,1.9976832,-0.49071658,-0.5719802,-0.49223822,-0.5279133,-0.6072641,-0.5658795,-0.57728755,-0.4030281,-0.54817915,-0.60881484,-0.5451074,-0.50487334,-0.5286986,-0.49502254,-0.5626865,-0.5088107,-0.47978675,-0.7533744,-0.40621585,-0.56183213,-0.81540364,-0.663613,0.0628132,0.29581386,-0.27221856,-0.664858,-0.2352304,-0.7081891,-0.42070475,0.1726428,-0.6435705,-0.47755235,-0.88155335,-0.503708,-1.53393,0.73729146,-0.5330222,-0.5673456,-0.18233685,-0.8300165,-0.33766904,0.5424379,6.1573896,-1.1305814,4.307597,4.9373145,5.7814593,-0.53302217,0.953049,-0.96746016,1.189145,0.5486799,0.84859204,-0.53302217,-0.42052144,-0.41729987,1.8836783,1.0
PAX8,-0.33055896,0.15121426,-0.270532,0.33946967,0.10597481,-0.22014703,0.0011374432,-0.12334365,-0.4638414,-0.35979557,-0.45563754,-0.42683274,0.14115487,-0.3678864,-0.5948769,0.28147087,2.111743,0.3591559,0.31181094,0.9212929,-0.63068306,0.04834258,1.2873169,0.28887776,1.576891,0.01762382,-0.23644377,3.2616968,0.10801681,0.8889295,-0.057399713,0.15876047,0.07280798,-0.3291869,-0.47623298,-0.30645782,0.90198416,-0.49095672,0.32171035,0.66152185,0.11569099,0.25506788,0.58818823,0.85115874,-0.11084711,-0.061298747,-0.4322724,-0.19621682,1.1343614,-0.34789857,0.6519202,-0.08233329,-0.3907566,-0.5673456,-0.17979527,-0.8300165,0.06983742,-0.48932403,-0.6714955,0.17833073,-0.05478994,-0.13297316,-0.5590195,-0.3907566,-1.8473166,3.5624046,-1.9569498,0.40391213,-0.85182303,-0.3907566,-0.42052144,-0.23810984,0.9541518,1.0
SFRP4,0.4226679,-0.17403097,-0.270532,-0.44828185,0.18109752,0.83591914,-0.47849283,-0.12334365,-0.4638414,0.8826219,-0.45563754,-0.22374564,0.17177719,-0.3678864,1.8902656,-0.5667236,-0.3746471,1.1682707,0.43789804,0.20109092,0.28733394,2.1511052,0.10199751,-0.41728896,0.12009641,1.5929317,-0.038858183,-0.27636835,0.52031,0.8577485,2.2061973,-0.3760444,-0.17229499,0.11522222,1.6837417,1.6130487,4.7188187,1.196467,0.080673054,1.6793752,0.68252015,0.058952708,2.3611844,4.7195387,1.9500582,-0.81257147,2.1496499,-0.35079178,1.1343614,-0.44244057,0.6519202,0.23290698,0.13088387,1.7625941,-0.18200637,0.75216186,0.06983742,-0.68901986,0.85541165,-0.41547945,0.47200385,0.37473708,0.73545957,0.13088387,0.58669794,-0.70034707,0.7505473,0.291315,0.46053052,0.13088387,0.86617285,-0.35756984,-0.21912941,1.0
CTNND2,0.41975364,0.4954696,2.5559325,-0.44828185,2.5239735,2.1221108,5.7383265,0.14810114,2.6395566,-0.35979557,1.1514788,1.2619071,0.71432585,0.9787665,0.16118447,1.1355171,3.5006444,-0.02002503,2.7752304,0.07038199,1.7868471,4.145051,2.8648818,1.0285627,1.0482807,3.434008,0.2731513,0.84889364,4.0202804,2.2086327,4.6889806,0.6292143,1.1780661,-0.34903023,2.8515997,1.5265465,1.5799918,1.7794133,3.6154847,1.4107159,1.621063,3.8685236,0.7462294,0.07623292,3.8591254,3.0574896,0.919956,2.2316265,-0.88155335,-0.503708,-1.53393,-1.4063424,-0.46188942,-0.5673456,-0.18233366,-0.8300165,-0.5006716,-0.056649685,0.42354956,-1.0862489,0.9860947,-0.36608985,0.29763734,-0.4618894,0.67816496,-0.88697815,1.0035844,0.29935762,0.55930984,-0.4618894,-0.2720567,-0.41729987,-1.2414635,1.0
ACSL6,1.1670482,0.11083863,-0.270532,-0.44828185,0.5672766,-0.21468917,0.9661141,-0.12334365,-0.4638414,-0.35979557,0.3522805,0.4968842,0.16178216,-0.3678864,1.0484232,0.27978706,0.77322984,0.36900043,-0.36133718,0.19277735,0.30096525,0.64699227,0.016604172,-0.3985836,-0.4560292,1.1228908,-0.24724677,-0.5198786,0.31401053,-0.3570041,0.7909323,0.53013045,1.6300908,-0.6329989,2.9064703,0.330915,1.331739,1.2314262,-0.7738283,2.425006,0.77380013,0.6809488,-0.45611092,-0.07170198,2.931791,-0.15331443,-0.57897615,2.1927698,1.1343614,-0.46707174,0.6519202,-1.2171981,-0.36704567,-0.5673456,-0.18217838,1.2142831,0.06983742,0.5091552,-0.027450493,-0.4462127,0.4766862,-0.37792784,-0.31924197,-0.3670457,0.54072297,-0.3917809,0.6451152,0.38782683,0.38644606,-0.3670457,-0.32154492,-0.26797485,-0.48683092,1.0
CREB3L1,-0.33055896,0.49430677,-0.270532,-0.44828185,-0.22175366,-0.4742777,-0.47849283,-0.12334365,-0.4638414,-0.35979557,-0.45563754,-0.2230188,-0.3977495,-0.3678864,-0.5948769,0.28937656,0.27341005,-0.58807784,-0.099661306,-0.27410662,0.21427232,0.96157473,-0.1619405,-0.24534778,-0.56517094,0.8838574,-0.19157247,-0.48760584,-0.21660231,0.60956347,0.23855174,0.9931185,0.09392605,1.1654584,0.5414183,0.772658,-0.028200658,-0.23347734,-0.5096992,-0.71103656,1.2176961,0.56466585,0.12228312,0.94886047,-0.014003689,0.72291124,0.7084216,1.8200395,1.1343614,-0.47290024,0.6519202,0.4850993,1.4349853,1.7625941,0.19619831,-0.54813844,0.06983742,-0.7888678,-0.81540513,0.1576849,-0.8055087,-0.3920206,-0.75645536,1.4349852,-0.23227903,1.1115057,-2.079251,-0.1349457,-0.03336598,1.4349852,-0.32154492,2.0017655,1.0397693,1.0
NAB2,-0.33055896,-0.5097135,-0.270532,0.34122053,0.17804842,-0.4742777,-0.47849283,-0.12334365,-0.4638414,-0.35979557,0.36336082,-0.036168277,-0.11703738,-0.3678864,0.2235448,1.9954913,-0.5654238,-0.56635773,-0.5564995,-0.38064387,-0.6104362,-0.53309107,-0.5961939,-0.42027488,-0.6165329,-0.5932564,-0.5817181,-0.52907014,-0.3995301,-0.495173,-0.57607037,-0.53841877,-0.5910093,-0.7404246,-0.37619558,0.13666561,-0.6309021,-0.13987148,-0.6998755,2.1899695,-0.23330592,-0.48908335,0.11408474,0.26312134,-0.33222222,-0.5143598,-0.34014633,-0.42050442,1.1343614,-0.503708,-1.53393,0.73729146,-0.46188942,-0.5673456,-0.18204845,1.289998,0.06983742,0.8419816,-0.783333,-0.010943451,-0.11112652,-0.62777096,-0.9652016,-0.4618894,0.5433492,-0.26977205,0.64089787,0.42804012,0.534615,-0.4618894,-0.47000965,-0.29783985,0.85751885,1.0
PSIP1,-0.33055896,-0.5097135,-0.270532,0.34002823,0.9732946,0.5716576,0.9774222,-0.12334365,2.6229467,-0.35979557,1.1786319,0.8861308,0.1601673,-0.3678864,0.23106563,1.1363362,-0.34987596,-0.4313673,-0.32803696,-0.5257172,-0.47167072,-0.42749897,-0.49134982,-0.4224199,-0.44860363,-0.3991211,-0.57764024,-0.54227406,-0.3343162,-0.34109032,-0.47679424,-0.49208024,-0.60417134,-0.34937713,-0.62773794,0.44622537,-0.3764453,-0.58101374,-0.18761235,-0.3931451,-0.19760573,-0.36248407,-0.29214972,-0.4672714,-0.47330955,-0.54651487,-0.31737265,-0.27493888,1.1343614,-0.24725407,0.6519202,0.73729146,-0.5330222,-0.5673456,-0.18233685,-0.8300165,0.06983742,-0.68901986,0.3636487,-1.1305814,0.96374655,-0.46079352,0.25026727,-0.53302217,0.55385435,-0.96746016,0.94875973,0.090248615,0.4464192,-0.53302217,-0.42052144,-0.41729987,0.7268712,1.0
MAP3K13,-0.33055896,0.47838274,1.1151097,1.0850915,-0.6200142,0.037467547,0.0038399065,-0.12334365,-0.4638414,-0.35979557,-0.45563754,0.1287689,-0.114991605,-0.3678864,2.667564,-0.5667236,-0.4197964,-0.45810017,-0.4728311,-0.3642478,-0.18569572,-0.40447336,-0.42993593,-0.18322574,-0.35270572,-0.54337305,-0.46368542,1.1641177,-0.501798,-0.46896267,-0.4903898,-0.34014264,-0.59940463,-0.6567344,-0.6605604,-0.38710824,-0.47376978,-0.30861884,-0.32365474,-0.4477914,-0.7607223,-0.10206923,-0.4003982,-0.5789731,-0.70090497,0.28499895,-0.12399271,-0.6042377,1.1343614,-0.47290024,0.6519202,0.6742434,-0.5330222,-0.5673456,-0.18233685,-0.8300165,0.06983742,-0.5226067,0.36727887,-1.1305814,0.9658417,-0.45741123,0.25373295,-0.53302217,0.5678612,-0.96746016,0.95719427,0.10633393,0.46053052,-0.53302217,-0.42052144,-0.41729987,0.34710145,1.0
ZNF331,-0.33055896,-0.17498039,1.0707041,-0.44828185,0.17361942,-0.21817458,0.47864768,-0.12334365,-0.4638414,-0.35979557,1.9807051,-0.423053,0.14468458,-0.3678864,0.9366688,-0.5667236,0.8728095,0.12089261,3.2032402,-0.41835606,2.9143014,2.5361805,0.60038424,-0.32317117,-0.24974369,3.0636375,0.31679174,-0.32356846,3.7400692,0.87510175,1.3995086,0.57787156,0.5491188,0.083782256,0.3131655,-0.016531352,0.14320807,-0.09290929,0.8645079,0.30664277,0.85519874,0.83307433,-0.7720068,-0.44212574,-0.31844458,0.7405261,-0.3655969,1.1874126,-0.88155335,-0.35716292,0.6519202,0.73729146,-0.5093113,-0.5673456,-0.18233685,2.3500051,-0.5006716,0.07648086,0.28203338,-1.1259302,0.91514915,-0.534425,0.17235044,-0.50931126,-2.170474,-0.02797895,-0.9363668,-2.5718699,-2.2982342,-0.50931126,-0.37103316,-0.41729987,-0.33949605,1.0
CREB3L2,0.42026618,-0.5097135,1.1403369,1.1281189,-0.23124027,0.035030343,-0.47849283,-0.12334365,0.28962794,-0.35979557,-0.45563754,-0.2501414,0.13899495,-0.3678864,0.23184583,0.28185788,-0.54573995,-0.5735509,-0.55867934,-0.46582738,-0.54521537,-0.54107994,-0.5747421,-0.28548765,-0.5423549,-0.34619632,-0.57474303,-0.54015934,-0.470564,-0.46627232,-0.028670952,-0.4908819,-0.4385541,-0.12439468,-0.5022635,-0.71050227,-0.28670025,-0.6287205,-0.31223264,0.23264557,-0.31180206,-0.2780425,0.22247367,0.7290146,-0.563626,-0.37442106,0.55427045,-0.34724382,1.1343614,-0.503708,-1.53393,0.73729146,1.4349853,1.7625941,0.19619831,-0.54813844,0.06983742,1.5076345,-0.81540513,0.1576849,-0.8055087,-0.3920206,-0.75645536,1.4349852,-0.23227903,1.1115057,-2.079251,-0.1349457,-0.03336598,1.4349852,-0.32154492,2.0017655,1.0397693,1.0
TFEB,-0.33055896,-0.5097135,-0.270532,0.33951917,-0.6200142,-0.4742777,0.004412124,-0.12334365,-0.4638414,-0.35979557,0.36212808,-0.42742148,-0.3977495,-0.3678864,0.22947064,-0.5667236,0.10575403,-0.33499113,1.4875381,0.44529068,0.881118,0.9996905,0.81281006,-0.20483378,1.2157524,0.6990398,0.67062,0.12137591,0.6314778,1.7395884,-0.5797845,-0.004839374,-0.62522346,-0.289766,-0.3980331,-0.6913771,-0.09769184,-0.3522748,-0.24574454,-0.67059386,0.2211316,-0.6664851,-0.67437243,-0.28549922,-0.1678402,-0.05945791,-0.68039227,-0.19342917,1.1343614,0.47295594,0.6519202,0.73729146,-0.48560035,-0.5673456,-0.18221878,-0.8300165,0.06983742,-0.72230256,0.18118717,0.44945487,0.17597224,0.22919026,0.32378125,-0.48560032,0.8713425,-0.9210134,1.1258857,0.48433867,0.76392406,-0.48560032,-0.37103316,-0.38743487,-1.1946896,1.0
SETDB2,-0.33055896,-0.17473288,-0.270532,0.33801758,-0.6200142,-0.215448,0.0048390916,-0.12334365,-0.4638414,-0.35979557,-0.45563754,-0.2297073,-0.11600762,-0.3678864,-0.5948769,-0.5667236,-0.59991425,-0.59486717,-0.56698436,-0.5535382,-0.66282326,-0.57277435,-0.60041165,-0.4826095,-0.6327475,-0.62440443,-0.58754885,-0.5427524,-0.53311604,-0.5980372,-0.5872617,-0.5531918,-0.19443828,0.014917155,-0.75213003,-0.33280388,-0.7072017,-0.3096308,-0.18562415,0.31720406,0.00037187533,-0.23559497,-0.719781,0.15926258,-0.6935379,-0.1831918,-0.14522952,-0.48520982,-0.88155335,-0.44209245,0.6519202,0.5481474,-0.5093113,-0.5673456,-0.18233244,-0.8300165,-0.33766904,-0.35619348,1.7358503,-1.1305814,1.7557112,0.81770575,1.5602865,-0.50931126,0.92503536,-0.96746016,1.1722758,0.5165093,0.82036936,-0.50931126,-0.37103316,-0.41729987,-0.77642536,1.0
AFDN,-0.33055896,-0.5097135,-0.270532,-0.44828185,-0.6200142,-0.4742777,-0.47849283,-0.12334365,-0.4638414,-0.35979557,-0.45563754,-0.610674,-0.3977495,-0.3678864,-0.5948769,-0.5667236,-0.59991425,-0.59486717,-0.56698436,-0.5535382,-0.66282326,-0.57277435,-0.60041165,-0.4826095,-0.6327475,-0.62440443,-0.58754885,-0.5427524,-0.53311604,-0.5980372,-0.5872617,-0.5531918,-0.6946801,-0.8002939,-0.8073839,-0.819708,-0.8313355,-0.772292,-0.82211196,-0.74307054,-0.8267953,-0.80251473,-0.84492457,-0.83297426,-0.8262427,-0.862458,-0.8222144,-0.6571895,-0.88155335,-0.47290024,0.6519202,0.73729146,0.24943854,1.7625941,-0.033374358,0.037262224,-0.5006716,-0.6557372,-0.5386874,-0.38347185,-0.06793976,-0.7080753,-0.57660764,0.24943854,-0.026605217,0.5747655,-0.24051473,0.29935762,0.15713696,0.24943854,-0.47000965,0.59811026,0.95809126,1.0
IKZF1,0.40247115,0.39500532,-0.270532,0.3347289,-0.30776867,0.19328935,-0.066343,-0.12334365,1.7977445,-0.35979557,1.128361,0.41059342,0.38403985,-0.3678864,1.0247074,-0.5667236,-0.59991425,-0.59486717,-0.56698436,-0.5535382,-0.66282326,-0.57277435,-0.60041165,-0.4826095,-0.6327475,-0.62440443,-0.58754885,-0.5427524,-0.53311604,-0.5980372,-0.5872617,-0.5531918,1.689876,-0.60711104,1.1281546,-0.78332716,0.030921973,-0.5816547,0.24004324,-0.25271386,0.092851445,-0.5306241,0.22185369,-0.5916482,1.3032277,0.7778402,-0.4176787,0.48036885,1.1343614,-0.06108199,0.6519202,0.16985905,-0.43817848,-0.5673456,-0.18233426,1.3959986,-0.41917032,-0.68901986,0.24509063,0.14446175,0.22457957,0.022693546,0.62224805,-0.43817845,0.74154586,-0.74503446,0.9740634,0.41999745,0.7004231,-0.43817845,-0.32154492,-0.35756984,0.29652032,1.0
KDM3A,0.41935718,0.49136016,-0.270532,0.34031692,0.13120025,0.038070813,-0.0066571105,0.4072987,0.25715682,-0.35979557,-0.45563754,-0.24703719,0.14262667,-0.3678864,2.4750273,1.1332229,-0.56701654,-0.5702427,-0.4887412,-0.45647767,-0.42804912,-0.5508085,-0.4475886,-0.34780985,-0.5937909,-0.49204344,-0.48533148,-0.47917786,-0.51317745,-0.5261147,-0.558265,-0.4884619,0.06538734,-0.5843659,-0.44566527,-0.685191,-0.47515333,-0.44857332,-0.6584948,-0.36386406,-0.71778387,-0.5599536,-0.14495488,-0.6086823,-0.49609926,-0.22712426,-0.6785615,-0.13033314,1.1343614,-0.503708,-1.53393,0.73729146,-0.46188942,-0.5673456,-0.18104424,-0.8300165,-0.33766904,-0.5558893,-0.6969207,-0.39002448,0.20911363,-0.78436434,-0.9848425,-0.4618894,-2.8112867,3.8832312,-1.944298,0.38782683,-4.044511,-0.4618894,-0.47000965,-0.29783985,0.8963302,1.0
NSD2,-0.33055896,-0.5097135,-0.270532,-0.44828185,-0.6200142,-0.4742777,-0.47849283,-0.12334365,-0.4638414,-0.35979557,-0.45563754,-0.610674,-0.3977495,-0.3678864,-0.5948769,-0.5667236,-0.5210931,-0.5832387,-0.2751004,-0.54828495,-0.6276806,-0.553095,-0.5572842,-0.39637893,-0.39277223,-0.5768317,-0.5848413,-0.45034686,-0.4719626,-0.4657894,-0.5598467,-0.49307865,-0.6946801,-0.8002939,-0.8073839,-0.819708,-0.8313355,-0.772292,-0.82211196,-0.74307054,-0.8267953,-0.80251473,-0.84492457,-0.83297426,-0.8262427,-0.862458,-0.8222144,-0.6571895,1.1343614,-0.503708,-1.53393,0.73729146,-0.31962383,-0.5673456,-0.1802546,0.65399367,0.5588452,0.7088511,-0.6319377,0.29016018,-0.0011641711,0.20213203,-0.9773739,-0.31962383,-0.9455769,3.0443277,-1.41292,0.3958695,-0.061588638,-0.31962383,-0.37103316,-0.17837983,0.063220665,1.0
U2AF1,-0.33055896,-0.5097135,-0.270532,-0.44828185,-0.6200142,-0.4742777,-0.47849283,-0.12334365,-0.4638414,-0.35979557,-0.45563754,-0.610674,-0.3977495,-0.3678864,-0.5948769,-0.5667236,-0.59991425,-0.59486717,-0.56698436,-0.5535382,-0.66282326,-0.57277435,-0.60041165,-0.4826095,-0.6327475,-0.62440443,-0.58754885,-0.5427524,-0.53311604,-0.5980372,-0.5872617,-0.5531918,-0.39219284,-0.61028665,-0.55664015,-0.49349827,-0.56892455,-0.5560343,-0.73801047,-0.436512,-0.5954399,-0.29397398,-0.4991142,-0.79391307,-0.52734256,-0.737296,-0.6854878,-0.35019857,-0.88155335,4.5179596,0.6519202,0.73729146,0.4628369,1.7625941,0.20549436,-0.3757276,1.1293542,-0.7555852,-0.2608657,1.3698041,-1.6925069,0.35071495,0.0845762,0.46283695,0.14114147,-0.43151534,0.5481176,0.38782683,-0.07569997,0.46283695,-0.2720567,0.7474353,0.8579707,1.0
NEFH,0.42302763,0.15818785,1.1529535,-0.44828185,0.58696806,0.050335146,0.50313157,-0.12334365,0.31528822,0.8816099,-0.45563754,0.5472225,-0.3977495,-0.3678864,-0.5948769,-0.5667236,3.911077,4.0595565,1.6752454,2.754926,1.0224822,4.0455527,4.289935,0.25007257,3.6386907,3.2411819,2.7665915,2.734904,2.2920685,3.088175,3.0084321,2.4364755,0.47781134,-0.47464693,1.1407124,3.2504575,-0.5394117,0.5959993,-0.19168027,0.5700518,0.6875043,-0.65585375,0.37493193,0.78652996,1.2156143,0.10899428,-0.4847633,1.2338357,1.1343614,-0.44244057,0.6519202,-1.1541501,-0.3907566,-0.5673456,-0.18222933,-0.8300165,-0.5006716,-0.72230256,0.5870288,-0.9034534,0.9658417,-0.16315345,0.5284442,-0.3907566,0.8119802,-0.95142835,1.0963647,0.3958695,0.70747876,-0.3907566,-0.12359198,-0.41729987,-1.8770385,1.0
MTCP1,-0.33055896,-0.5097135,1.1418661,0.34126818,-0.6200142,-0.4742777,-0.47849283,-0.12334365,-0.4638414,-0.35979557,-0.45563754,-0.610674,-0.3977495,-0.3678864,-0.5948769,-0.5667236,-0.59991425,-0.59486717,-0.56698436,-0.5535382,-0.66282326,-0.57277435,-0.60041165,-0.4826095,-0.6327475,-0.62440443,-0.58754885,-0.5427524,-0.53311604,-0.5980372,-0.5872617,-0.5531918,0.5963372,-0.5657701,-0.472762,-0.31970233,-0.25712794,-0.7342059,-0.60102135,-0.32081145,-0.5303228,-0.72779685,-0.36402678,-0.7009066,-0.47517592,-0.5067262,-0.71696144,-0.1899705,-0.88155335,-0.503708,-1.53393,0.42205122,-0.48560035,-0.5673456,-0.18233497,0.22999083,0.06983742,-0.7888678,0.27673346,-1.0615509,0.8825628,-0.5104741,0.18653195,-0.48560032,-0.50833035,-0.20422503,0.02939152,-0.8185713,-0.42848316,-0.48560032,-0.37103316,-0.38743487,-1.0412377,1.0
LRP1B,0.41828632,3.1588728,5.18834,11.372215,13.940082,7.944464,20.093172,1.4847547,3.335975,4.540194,4.4370832,4.085548,4.3639827,11.578972,3.4623778,2.8400779,0.60678226,-0.19472815,-0.053698067,0.49102715,-0.45228934,0.37526572,-0.30043873,-0.35511523,0.12892397,-0.4077469,0.35436973,0.6444053,0.9686749,1.3499224,0.2896599,0.16699295,3.0709312,2.7071662,2.2331316,3.1087348,2.0132983,2.849461,1.331792,7.8767633,1.7961029,5.822033,1.8295307,0.932566,1.086231,-0.6610486,0.74569875,2.6656814,1.1343614,-0.503708,-1.53393,-1.5954865,-0.36704567,-0.5673456,-0.18179464,-0.8300165,0.06983742,-0.6557372,-0.09514882,0.27665585,-0.15301654,-0.43827254,0.24526472,-0.3670457,0.6256394,-0.87846345,0.95719427,0.27522966,0.5169758,-0.3670457,-0.22256845,-0.32770485,-1.1091787,1.0
FAT3,1.1540748,3.60357,5.269918,8.968468,6.382249,3.9121382,11.633208,0.66798776,3.1993563,2.0552049,2.7448146,6.1454988,3.428601,0.92258894,3.847207,1.9529322,-0.17489892,1.7768986,0.21085449,2.5488431,1.0797361,1.2907362,0.73175144,-0.26009995,2.225855,1.361697,2.5257685,0.5008977,-0.021084689,1.5035925,-0.09071792,0.47655508,-0.37727332,0.32445514,-0.16231687,2.6721766,1.3848115,0.3126094,2.7479796,1.249506,2.364784,0.53460485,0.6201058,1.3133373,0.15073998,1.4935697,0.89077735,0.85398144,1.1343614,-0.503708,-1.53393,-1.7215827,-0.5330222,-0.5673456,-0.18233685,-0.8300165,0.06983742,1.5741997,0.27919185,-1.1305814,0.9150024,-0.53948313,0.16963765,-0.53302217,-1.442119,-0.96746016,-0.2531666,-2.2019079,-1.5644451,-0.53302217,-0.42052144,-0.41729987,-1.8672731,1.0
CELSR2,2.6754618,0.4934061,1.1039158,1.1295149,1.3575939,2.3916569,-0.47849283,0.14808957,3.3740964,-0.35979557,0.36040738,1.6761318,0.71802115,-0.3678864,1.000336,1.9919101,-0.5698171,-0.12414516,-0.1298121,-0.3055568,-0.23731683,-0.43679044,-0.24046053,0.13183333,-0.03597912,-0.5554261,-0.0076258583,-0.009749162,0.008272887,-0.43594912,-0.15514131,-0.5282936,-0.044563163,-0.38834482,-0.11978899,0.7277154,0.03449183,-0.53816795,-0.5173168,-0.5789333,-0.29723874,0.44918278,0.23837936,0.29670063,0.34851322,1.0897975,1.6658775,-0.52587855,1.1343614,-0.44209245,0.6519202,0.043762878,-0.5330222,-0.5673456,-0.18233685,-0.8300165,-0.33766904,-0.089932345,0.27919185,-1.1305814,0.9150024,-0.53948313,0.16963765,-0.53302217,-1.442119,-0.96746016,-0.2531666,-2.2019079,-1.5644451,-0.53302217,-0.42052144,-0.41729987,-1.8672731,1.0
ATP2B3,-0.33055896,-0.18278518,-0.270532,2.6058974,0.49691308,1.2697251,1.4332933,0.14766896,0.28941014,0.8370463,-0.45563754,2.492381,1.5146075,0.93871385,1.0584475,1.1288829,0.6518967,-0.28557408,0.8910182,0.66989714,0.33718523,0.542335,1.1118954,-0.24667229,-0.24345836,0.05906831,0.36424765,0.7803671,1.7031498,-0.00795194,0.92096025,0.2995883,-0.6946801,-0.8002939,4.2913165,-0.819708,-0.8313355,-0.772292,-0.82211196,-0.74307054,-0.8267953,3.2626762,-0.84492457,0.7242341,-0.8262427,1.1995461,0.6619729,3.786084,1.1343614,-0.46707174,0.6519202,-1.7215827,-0.3907566,-0.5673456,-0.17372255,-0.3757276,0.06983742,-0.35619348,-0.96988827,0.0011331917,-0.17977725,-0.93778074,-1.2721022,-0.3907566,-1.4841394,4.1331058,-1.944298,0.3556562,0.023079336,-0.3907566,-0.47000965,-0.20824485,1.0684699,1.0
ID3,-0.33055896,0.16120316,-0.270532,-0.44828185,-0.6200142,-0.21148635,0.0136538735,-0.12334365,-0.4638414,-0.35979557,-0.45563754,-0.41639253,-0.3977495,-0.3678864,-0.5948769,-0.5667236,-0.31965092,-0.430414,-0.43382192,-0.1808376,-0.21245159,-0.45607328,-0.16594839,-0.46476442,-0.34894437,0.04473109,-0.068102024,-0.43849617,-0.23947577,0.102109656,-0.07936015,-0.36627388,-0.26742387,0.08201405,-0.13953315,1.9227827,1.0408605,0.38419667,0.7643164,1.2599108,0.3433412,-0.048379086,-0.32462686,0.85270834,0.32775673,0.21501438,0.04411354,-0.34468046,1.1343614,-0.44065955,0.6519202,0.6742434,-0.46188942,-0.5673456,-0.18233393,0.7599944,0.06983742,0.27617672,0.08847091,0.0156206945,0.16815175,-0.33281562,0.31729704,-0.4618894,0.5486018,-0.6147361,0.79272014,0.25914437,0.492281,-0.4618894,-0.32154492,-0.38743487,-0.9128,1.0
CD82,0.4230587,-0.5097135,-0.270532,-0.44828185,-0.6200142,-0.21193728,0.5024605,-0.12334365,-0.4638414,-0.35979557,1.1868552,-0.417342,-0.3977495,-0.3678864,-0.5948769,-0.5667236,-0.4527041,-0.5600262,-0.24857998,-0.49379846,-0.6505136,-0.55927294,-0.52790725,-0.37401602,-0.41110724,-0.561624,-0.5423577,-0.39820507,-0.49097413,-0.35242736,-0.49300924,-0.46923974,0.4553335,-0.15423588,-0.39774507,0.823711,-0.27587768,-0.5356375,0.28742352,-0.69046104,-0.58352023,-0.080513515,0.0689123,0.40674415,-0.2735906,-0.31462368,1.2670232,0.5240926,1.1343614,-0.503708,-1.53393,0.73729146,-0.5330222,-0.5673456,-0.18233685,-0.8300165,-0.5006716,-0.32291082,0.28313455,-1.1305814,0.9172779,-0.53580964,0.17340168,-0.53302217,-0.9939004,-0.96746016,0.016739663,-1.6871779,-1.1128826,-0.53302217,-0.42052144,-0.41729987,-2.4443367,1.0
SLC34A2,-0.33055896,-0.17407198,1.1395686,0.34004554,0.5594032,0.044642948,1.4688524,0.6906297,-0.4638414,-0.35979557,0.36382848,0.13698834,0.15475403,-0.3678864,0.18159424,1.9918158,-0.59991425,-0.59486717,-0.56698436,-0.5535382,-0.66282326,-0.57277435,-0.60041165,-0.4826095,-0.6327475,-0.62440443,-0.58754885,-0.5427524,-0.53311604,-0.5980372,-0.5872617,-0.5531918,0.66693044,3.2648365,1.2242048,2.0581057,0.26718608,3.2757103,0.6082069,6.334629,0.6995034,0.40139565,4.188764,0.15042388,0.7425495,3.6345024,-0.45359105,2.8443077,1.1343614,-0.503708,-1.53393,-1.0280541,-0.5330222,-0.5673456,-0.18233685,-0.8300165,0.06983742,-0.72230256,0.57228756,-1.1305814,1.0841622,-0.2664018,0.44945148,-0.53302217,0.82698756,-0.96746016,1.1132338,0.40391213,0.7215901,-0.53302217,-0.42052144,-0.41729987,-2.5575778,1.0
